hhid,quarter,cluster,HholdID,personid,s1aq1_gender,s1aq2_ role_in_household,s2aq3_highest_level_of_education,s4aq40a_occupation,s4aq42_occupation_type_registration,s4aq44_occupation_place,s1aq4y_age,s1aq9a_tribe,s1bq5a_region of stay,s1aq5_marital_status
102813,2022Q1,28,13,1,Female,Head,Primary,MIXED CROP FARMER WITH CASSAVA AS MAJOR,Private Informal,Own land / farm,57,Akan,,Married (Customary/Traditional)
203211,2022Q2,32,11,1,Male,Head,Middle,INTER LIN3 FARMER AT BOPP,Private Formal,Factory,49,Akan,Central.,Married (Islamic)
604106,2023Q2,41,6,1,Male,Head,JSS/JHS,A COCOA FARMER FARMER,Private Informal,Own land / farm,44,Gurma,Northern.,Married (Civil/Ordinance)
406907,2022Q4,69,7,2,Female,Spouse (Wife/Husband/Living together),JSS/JHS,A CASSAVA FARMER AND MANUFACTURING OF GARI,Private Informal,Other land / farm.,33,Akan,,Married (Customary/Traditional)
107919,2022Q1,79,19,1,Male,Head,Middle,COCOA FARMER AT OKITEW,Private Informal,Own land / farm,61,Akan,Greater Accra,Married (Customary/Traditional)
107904,2022Q1,79,4,1,Male,Head,JSS/JHS,COCOA FARMER AT OKITEW,Private Informal,Own land / farm,40,Ga-Dangme,Eastern,Married (Customary/Traditional)
107919,2022Q1,79,19,2,Female,Spouse (Wife/Husband/Living together),Middle,COCOA FARMER AT OKITEW,Private Informal,Own land / farm,52,Ewe,,Married (Customary/Traditional)
308218,2022Q3,82,18,1,Male,Head,JSS/JHS,MIXED FARMER (REAR ANIMAL AND GROW CROPS,Private Informal,Own land / farm,50,Akan,Greater Accra,Married (Customary/Traditional)
714415,2023Q3,144,15,2,Male,Child (Son/Daughter),JSS/JHS,MIXED CROP FARMER MAIZE PEPPER TOMATOES,Private Informal,Own land / farm,43,Ga-Dangme,Greater Accra,Never married
615301,2023Q2,153,1,2,Female,Spouse (Wife/Husband/Living together),Primary,MIXED FARMER CULTIVATING MAIZE CASSAVA AND CHICKEN,Private Informal,Own land / farm,47,Ewe,Volta,Married (Customary/Traditional)
615311,2023Q2,153,11,1,Male,Head,SSS/SHS,MIXED FARMER CULTIVATING MAIZE AND CASSAVA AND REARING CATTLE,Private Informal,Own land / farm,29,Ewe,Volta,Never married
715301,2023Q3,153,1,1,Male,Head,Primary,MIXED FARMER CULTIVATING CASSAVA AND REARING PIGS AND GOATS,Private Informal,Own land / farm,51,Ewe,Greater Accra,Married (Customary/Traditional)
615301,2023Q2,153,1,1,Male,Head,Primary,MIXED FARMER CULTIVATING MAIZE AND PIG GOAT CHICKEN,Private Informal,Other land / farm.,50,Ewe,Greater Accra,Married (Customary/Traditional)
315811,2022Q3,158,11,1,Male,Head,Middle,MIXED FARMER CULTIVATING MAIZE CASSAVA AND REARING CHICKEN AND DUCK,Private Informal,Own land / farm,61,Ewe,,Married (Customary/Traditional)
315910,2022Q3,159,10,2,Female,Spouse (Wife/Husband/Living together),Middle,MIXED FARMER CULTIVATING MAIZE CASSAVA RICE  AND REARING OF GOAT AND CHICKEN,Private Informal,Own land / farm,51,Ewe,,Married (Customary/Traditional)
315910,2022Q3,159,10,1,Male,Head,Tertiary - Bachelor's Degree,MIXED FARMER CULTIVATING MAIZE CASSAVA RICE AND REARING GOAT AND CHICKEN,Private Informal,Own land / farm,66,Ewe,,Married (Customary/Traditional)
716217,2023Q3,162,17,1,Female,Head,JSS/JHS,MIXED CROP FARMER (PEPPER AND CASSAVA),Private Informal,Other land / farm.,38,Ewe,,Married (Civil/Ordinance)
616416,2023Q2,164,16,1,Male,Head,Middle,"MIXED CROP FARMER (MAIZE, GROUNDNUT, TOMATOES)",Private Informal,Other land / farm.,56,Ewe,Volta,Married (Customary/Traditional)
216710,2022Q2,167,10,1,Male,Head,SSS/SHS,RICE FARMER CULTIVATING RICE,Private Informal,Own land / farm,29,Ewe,,Informal/living together
216715,2022Q2,167,15,1,Male,Head,Middle,MIXED FARMER CULTIVATING RICE AND REARING CHICKEN,Private Informal,Own land / farm,55,Ewe,,Informal/living together
216717,2022Q2,167,17,1,Female,Head,0,MIXED CROP FARMER CULTIVATING MAIZE AND CASSAVA,Private Informal,Own land / farm,47,Ewe,,Separated
516916,2023Q1,169,16,5,Female,Spouse (Wife/Husband/Living together),Middle,MIXED FARMER CULTIVATING OKRO MAIZE AND REARING CHICKEN,Private Informal,Own land / farm,50,Ewe,Volta,Informal/living together
716918,2023Q3,169,18,1,Male,Head,Middle,MIXED FARMER CULTIVATING MAIZE CASSAVA AND REARING GOAT,Private Informal,Own land / farm,54,Ewe,,Married (Customary/Traditional)
316914,2022Q3,169,14,7,Female,Child (Son/Daughter),0,MIXED FARMER CULTIVATING MAIZE CASSAVA OKRO REARING CHICKEN,Private Informal,Own land / farm,30,Ewe,,Informal/living together
716917,2023Q3,169,17,1,Female,Head,0,MIXED FARMER CULTIVATING CASSAVA MAIZE BEANS CHICKEN,Private Informal,Own land / farm,63,Ewe,,Widowed
516903,2023Q1,169,3,2,Female,Spouse (Wife/Husband/Living together),0,MIXED CROP FARMER CULTIVATING OKRO AND PEPPER,Private Informal,Own land / farm,60,Ewe,,Informal/living together
316916,2022Q3,169,16,5,Female,Spouse (Wife/Husband/Living together),Middle,MIXED CROP FARMER CULTIVATING TOMATOES PEPPER,Private Informal,Own land / farm,49,Ewe,Volta,Informal/living together
316914,2022Q3,169,14,1,Female,Head,Kindergarten,MIXED FARMER CULTIVATING MAIZE CASSAVA OKRO BEANS REARING CHICKEN,Private Informal,Other land / farm.,57,Ewe,,Widowed
616917,2023Q2,169,17,1,Female,Head,0,MIXED FARMER CULTIVATING MAIZE CASSAVA PEPPER BEANS AND REARING CHICKEN,Private Informal,Own land / farm,63,Ewe,,Widowed
516918,2023Q1,169,18,1,Male,Head,Middle,MIXED FARMER CULTIVATING CASSAVA MAIZE AND REARING GOATS,Private Informal,Own land / farm,54,Ewe,,Married (Customary/Traditional)
316918,2022Q3,169,18,1,Male,Head,Middle,MIXED FARMER CULTIVATING MAIZE CASSAVA BEANS AND REARING GOATS,Private Informal,Own land / farm,53,Ewe,,Married (Customary/Traditional)
716917,2023Q3,169,17,3,Female,Grandchild,Primary,MIXED FARMER CULTIVATING MAIZE CASSAVA AND CHICKEN,Private Informal,Own land / farm,18,Ewe,,Never married
616918,2023Q2,169,18,1,Male,Head,Middle,MIXED FARMER CULTIVATING MAIZE CASSAVA AND REARING CHICKEN AND GOAT,Private Informal,Own land / farm,54,Ewe,,Married (Customary/Traditional)
316916,2022Q3,169,16,6,Female,Spouse (Wife/Husband/Living together),Primary,MIXED FARMER CULTIVATING CASSAVA MAIZE AND REARING GOAT AND CHICKEN,Private Informal,Own land / farm,39,Ewe,Volta,Informal/living together
716916,2023Q3,169,16,1,Male,Head,JSS/JHS,MIXED FARMER CULTIVATING MAIZE CASSAVA AND REARING CHICKEN,Private Informal,Own land / farm,45,Ewe,,Informal/living together
616916,2023Q2,169,16,1,Male,Head,JSS/JHS,MIXED FARMER CULTIVATING MAIZE CASSAVA AND REARING CHICKEN,Private Informal,Own land / farm,45,Ewe,,Informal/living together
616917,2023Q2,169,17,3,Female,Grandchild,Primary,MIXED FARMER CULTIVATING MAIZE CASSAVA PEPPER BEANS AND REARING CHICKEN,Private Informal,Other land / farm.,18,Ewe,,Never married
316915,2022Q3,169,15,1,Male,Head,Middle,MIXED CROP FARMER CULTIVATING MAIZE AND BEANS,Private Informal,Other land / farm.,55,Ewe,,Married (Customary/Traditional)
716903,2023Q3,169,3,2,Female,Head,0,MIXED FARMER CULTIVATING MAIZE,Private Informal,Own land / farm,61,Ewe,,Informal/living together
316917,2022Q3,169,17,1,Female,Head,0,MIXED FARMER CULTIVATING MAIZE CASSAVA BEANS PEPPER AND TOMATOES AND REARING CHICKEN,Private Informal,Other land / farm.,62,Ewe,,Widowed
316915,2022Q3,169,15,2,Female,Spouse (Wife/Husband/Living together),Primary,MIXED CROP FARMER CULTIVATING MAIZE AND BEANS,Private Informal,Other land / farm.,54,Ewe,Volta,Married (Customary/Traditional)
417017,2022Q4,170,17,2,Female,Spouse (Wife/Husband/Living together),JSS/JHS,MIXED FARMER CULTIVATING MAIZE CASSAVA AND REARING GOAT AND CHICKEN,Private Informal,Own land / farm,29,Ewe,Greater Accra,Informal/living together
617017,2023Q2,170,17,1,Male,Head,Primary,MIXED FARMER CULTIVATING MAIZE CASSAVA PEPPER AND REARING CHICKEN GOAT AND DUCK,Private Informal,Own land / farm,35,Ewe,Outside Ghana (specify country),Informal/living together
517017,2023Q1,170,17,1,Male,Head,Primary,MIXED FARMER CULTIVATING CASSAVA MAIZE BEANS  AND REARING CHICKEN GOAT,Private Informal,Own land / farm,34,Ewe,Outside Ghana (specify country),Informal/living together
717016,2023Q3,170,16,1,Male,Head,JSS/JHS,MIXED FARMER CASSAVA AND MAIZE REARING GOAT BEES,Private Informal,Own land / farm,40,Ewe,Greater Accra,Married (Customary/Traditional)
517015,2023Q1,170,15,1,Male,Head,0,MIXED FARMER CULTIVATING MAIZE CASSAVA PALM NUTS AND REARING GOAT SHEEP AND CHICKEN,Private Informal,Own land / farm,71,Ewe,Volta,Informal/living together
717017,2023Q3,170,17,1,Male,Head,Primary,MIXED FARMER CULTIVATING MAIZE CASSAVA AND REARING GUINEA FOWL AND GOAT,Private Informal,Own land / farm,35,Ewe,Outside Ghana (specify country),Informal/living together
617017,2023Q2,170,17,2,Female,Spouse (Wife/Husband/Living together),JSS/JHS,MIXED FARMER CULTIVATING MAIZE CASSAVA PEPPER AND REARING CHICKEN GOAT AND DUCK,Private Informal,Own land / farm,29,Ewe,Greater Accra,Informal/living together
717015,2023Q3,170,15,1,Male,Head,0,MIXED FARMER CULTIVATING MAIZE CASSAVA AND PALM NUT AND REARING SHEEP AND CHICKEN,Private Informal,Own land / farm,71,Ewe,Volta,Informal/living together
517017,2023Q1,170,17,2,Female,Spouse (Wife/Husband/Living together),JSS/JHS,MIXED FARMER CULTIVATING MAIZE CASSAVA PEPPER BEANS AND REARING GOAT AND CHICKEN,Private Informal,Own land / farm,29,Ewe,Greater Accra,Informal/living together
617016,2023Q2,170,16,1,Male,Head,JSS/JHS,MIXED FARMER CULTIVATING MAIZE CASSAVA AND BEANS AND REARING SNAILS AND BEES,Private Informal,Own land / farm,40,Ewe,Greater Accra,Married (Customary/Traditional)
417018,2022Q4,170,18,1,Male,Head,Secondary,MIXED FARMER CULTIVATING CASSAVA MAIZE ANC AND REARING CHICKEN,Private Informal,Own land / farm,68,Ewe,Greater Accra,Married (Customary/Traditional)
617015,2023Q2,170,15,1,Male,Head,0,MIXED FARMER CULTIVATING MAIZE CASSAVA PEPPER AND REARING SHEEP AND GOAT,Private Informal,Own land / farm,71,Ewe,Volta,Informal/living together
417017,2022Q4,170,17,1,Male,Head,Primary,MIXED FARMER CULTIVATING MAIZE CASSAVA AND REARING GOAT AND CHICKEN,Private Informal,Own land / farm,34,Ewe,Outside Ghana (specify country),Informal/living together
417016,2022Q4,170,16,1,Male,Head,JSS/JHS,MIXED FARMER MAIZE CASSAVA AND BEE REARING,Private Informal,Other land / farm.,40,Ewe,Greater Accra,Married (Customary/Traditional)
717017,2023Q3,170,17,2,Female,Spouse (Wife/Husband/Living together),JSS/JHS,MIXED FARMER CULTIVATING MAIZE CASSAVA AND REARING GOAT AND GUINEA FOWL,Private Informal,Own land / farm,30,Ewe,Greater Accra,Informal/living together
417015,2022Q4,170,15,1,Male,Head,0,MIXED FARMER CULTIVATING PALMNUT  CASSAVA MAIZE AND REARING GOAT AND CHICKEN,Private Informal,Own land / farm,70,Ewe,Volta,Informal/living together
617107,2023Q2,171,7,1,Male,Head,JSS/JHS,MIXED FARMER CULTIVATING MAIZE CASSAVA AND CHICKEN,Private Informal,Own land / farm,43,Ewe,,Informal/living together
617107,2023Q2,171,7,2,Female,Spouse (Wife/Husband/Living together),Primary,MIXED FARMER CULTIVATING MAIZE CASSAVA AND REARING CHICKEN,Private Informal,Own land / farm,31,Ewe,,Informal/living together
617103,2023Q2,171,3,1,Female,Head,Primary,MIXED FARMER CULTIVATING MAIZE CASSAVA AND REARING CHICKEN,Private Informal,Own land / farm,49,Ewe,Eastern,Informal/living together
717103,2023Q3,171,3,1,Female,Head,Primary,MIXED FARMER CULTIVATING MAIZE CASSAVA AND REARING CHICKEN,Private Informal,Own land / farm,50,Ewe,Eastern,Informal/living together
617105,2023Q2,171,5,1,Female,Head,JSS/JHS,MIXED CROP FARMER CULTIVATING MAIZE AND CASSAVA,Private Informal,Own land / farm,30,Ewe,,Informal/living together
317107,2022Q3,171,7,1,Male,Head,JSS/JHS,MIXED FARMER CULTIVATING MAIZE AND CASSAVA AND REARING CHICKEN,Private Informal,Own land / farm,43,Ewe,,Informal/living together
717107,2023Q3,171,7,1,Male,Head,JSS/JHS,MIXED CROP FARMER CULTIVATING MAIZE CASSAVA,Private Informal,Own land / farm,44,Ewe,,Informal/living together
317109,2022Q3,171,9,1,Female,Head,Primary,MIXED FARMER CULTIVATING MAIZE CASSAVA AND REARING SHEEP AND GOAT,Private Informal,Own land / farm,85,Ewe,,Informal/living together
317212,2022Q3,172,12,2,Female,Spouse (Wife/Husband/Living together),Primary,MIXED FARMER CULTIVATING CASSAVA MAIZE PEPPER AND REARING CHICKEN,Private Informal,Own land / farm,34,Ewe,,Informal/living together
517214,2023Q1,172,14,1,Male,Head,0,MIXED CROP FARMER CULTIVATING MAIZE CASSAVA,Private Informal,Own land / farm,90,Ewe,,Informal/living together
717212,2023Q3,172,12,1,Male,Head,Primary,MIXED FARMER CULTIVATING MAIZE CASSAVA AND REARING DUCK,Private Informal,Own land / farm,43,Ewe,,Informal/living together
517218,2023Q1,172,18,1,Female,Head,0,MIXED CROP FARMER CULTIVATING CASSAVA MAIZE PEPPER,Private Informal,Own land / farm,47,Ewe,,Informal/living together
717212,2023Q3,172,12,2,Female,Spouse (Wife/Husband/Living together),Primary,MIXED FARMER CULTIVATING MAIZE CASSAVA AND REARING DUCKS,Private Informal,Own land / farm,35,Ewe,,Informal/living together
317217,2022Q3,172,17,2,Female,Spouse (Wife/Husband/Living together),Primary,MIXED FARMER CULTIVATING MAIZE CASSAVA AND REARING GOAT,Private Informal,Own land / farm,48,Ewe,,Married (Customary/Traditional)
517217,2023Q1,172,17,2,Female,Spouse (Wife/Husband/Living together),Primary,MIXED FARMER CULTIVATING MAIZE CASSAVA AND GOAT,Private Informal,Own land / farm,48,Ewe,,Married (Customary/Traditional)
717217,2023Q3,172,17,1,Male,Head,Primary,MIXED FARMER CULTIVATING MAIZE CASSAVA AND REARING GOAT,Private Informal,Own land / farm,55,Ewe,,Married (Customary/Traditional)
717217,2023Q3,172,17,2,Female,Spouse (Wife/Husband/Living together),Primary,MIXED FARMER CULTIVATING MAIZE CASSAVA AND REARING GOAT,Private Informal,Own land / farm,48,Ewe,,Married (Customary/Traditional)
117210,2022Q1,172,10,1,Female,Head,0,MIXED FARMER CULTIVATING CASSAVA MAIZE CHICKEN AND SHEEP,Private Informal,Own land / farm,57,Ewe,,Informal/living together
617213,2023Q2,172,13,1,Male,Head,JSS/JHS,MIXED CROP FARMER CULTIVATING MAIZE CASSAVA,Private Informal,Own land / farm,51,Ewe,,Married (Customary/Traditional)
517213,2023Q1,172,13,2,Female,Spouse (Wife/Husband/Living together),Primary,MIXED FARMER CULTIVATING MAIZE CASSAVA,Private Informal,Own land / farm,39,Ewe,Volta,Married (Customary/Traditional)
317217,2022Q3,172,17,1,Male,Head,0,MIXED FARMER CULTIVATING CASSAVA PEPPER MAIZE AND REARING GOAT,Private Informal,Own land / farm,55,Ewe,,Married (Customary/Traditional)
617217,2023Q2,172,17,1,Male,Head,0,MIXED FARMER CULTIVATING MAIZE CASSAVA AND REARING CHICKEN,Private Informal,Own land / farm,55,Ewe,,Married (Customary/Traditional)
117211,2022Q1,172,11,1,Female,Head,JSS/JHS,MIXED FARMER CULTIVATING MAIZE CASSAVA AND ANIMALS,Private Informal,Own land / farm,46,Ewe,Savannah,Widowed
117212,2022Q1,172,12,1,Male,Head,0,MIXED FARMER CULTIVATING MAIZE CASSAVA PEPPER AND POULTRY,Private Informal,Own land / farm,42,Ewe,,Informal/living together
617214,2023Q2,172,14,1,Male,Head,0,MIXED CROP FARMER CULTIVATING MAIZE AND CASSAVA,Private Informal,Own land / farm,90,Ewe,,Informal/living together
517213,2023Q1,172,13,1,Male,Head,JSS/JHS,MIXED FARMER CULTIVATING CASSAVA AND MAIZE,Private Informal,Own land / farm,50,Ewe,,Married (Customary/Traditional)
617212,2023Q2,172,12,2,Female,Spouse (Wife/Husband/Living together),Primary,MIXED FARMER CULTIVATING MAIZE CASSAVA AND REARING CHICKEN,Private Informal,Own land / farm,35,Ewe,,Informal/living together
617212,2023Q2,172,12,1,Male,Head,Primary,MIXED FARMER CULTIVATING MAIZE CASSAVA AND PEPPER AND REARING CHICKEN DUCK,Private Informal,Own land / farm,43,Ewe,,Informal/living together
317209,2022Q3,172,9,1,Male,Head,Primary,MIXED FARMER CULTIVATING MAIZE CASSAVA AND REARING SHEEP,Private Informal,Own land / farm,44,Ewe,,Informal/living together
317212,2022Q3,172,12,1,Male,Head,0,MIXED FARMER CULTIVATING CASSAVA MAIZE PEPPER AND REARING CHICKEN,Private Informal,Own land / farm,42,Ewe,,Informal/living together
717214,2023Q3,172,14,1,Male,Head,0,MIXED CROP FARMER CULTIVATING MAIZE AND CASSAVA,Private Informal,Own land / farm,90,Ewe,,Informal/living together
517217,2023Q1,172,17,1,Male,Head,0,MIXED FARMER CULTIVATING CASSAVA MAIZE AND REARING GOATS,Private Informal,Own land / farm,55,Ewe,,Married (Customary/Traditional)
617217,2023Q2,172,17,2,Female,Spouse (Wife/Husband/Living together),Primary,MIXED FARMER CULTIVATING MAIZE CASSAVA AND REARING CHICKEN,Private Informal,Own land / farm,48,Ewe,,Married (Customary/Traditional)
517212,2023Q1,172,12,1,Male,Head,Primary,MIXED FARMER CULTIVATING CASSAVA MAIZE REARING CHICKEN,Private Informal,Own land / farm,43,Ewe,,Informal/living together
317209,2022Q3,172,9,2,Female,Spouse (Wife/Husband/Living together),Primary,MIXED FARMER CULTIVATING MAIZE CASSAVA AND REARING SHEEP,Private Informal,Own land / farm,32,Ewe,,Informal/living together
617310,2023Q2,173,10,1,Female,Head,Primary,MIXED CROP FARMER CULTIVATING MAIZE CASSAVA,Private Informal,Own land / farm,58,Ewe,,Separated
717305,2023Q3,173,5,1,Male,Head,JSS/JHS,MIXED CROP FARMER CULTIVATING MAIZE CASSAVA AND PEPPER,Private Informal,Own land / farm,41,Ewe,,Informal/living together
517306,2023Q1,173,6,2,Female,Spouse (Wife/Husband/Living together),0,MIXED FARMER CULTIVATING MAIZE CASSAVA PEPPER AND REARING CHICKEN,Private Informal,Own land / farm,47,Ewe,Volta,Married (Customary/Traditional)
517306,2023Q1,173,6,1,Male,Head,Middle,MIXED FARMER CULTIVATING MAIZE CASSAVA PEPPER AND REARING,Private Informal,Own land / farm,57,Ewe,,Married (Customary/Traditional)
717306,2023Q3,173,6,1,Male,Head,Middle,MIXED CROP FARMER CULTIVATING MAIZE CASSAVA,Private Informal,Own land / farm,58,Ewe,,Married (Customary/Traditional)
617305,2023Q2,173,5,2,Female,Spouse (Wife/Husband/Living together),JSS/JHS,MIXED CROP FARMER CULTIVATING MAIZE CASSAVA,Private Informal,Own land / farm,33,Ewe,Volta,Informal/living together
717305,2023Q3,173,5,2,Female,Spouse (Wife/Husband/Living together),JSS/JHS,MIXED CROP FARMER CULTIVATING MAIZE CASSAVA AND PEPPER,Private Informal,Own land / farm,33,Ewe,Volta,Informal/living together
717310,2023Q3,173,10,1,Female,Head,Primary,MIXED FARMER CULTIVATING MAIZE CASSAVA,Private Informal,Own land / farm,58,Ewe,,Separated
617306,2023Q2,173,6,2,Female,Spouse (Wife/Husband/Living together),0,MIXED CROP FARMER CULTIVATING MAIZE CASSAVA AND PEPPER,Private Informal,Own land / farm,47,Ewe,Volta,Married (Customary/Traditional)
717306,2023Q3,173,6,2,Female,Spouse (Wife/Husband/Living together),0,MIXED CROP FARMER CULTIVATING MAIZE CASSAVA AND PEPPER,Private Informal,Own land / farm,47,Ewe,Volta,Married (Customary/Traditional)
517310,2023Q1,173,10,1,Female,Head,Primary,MIXED FARMER CULTIVATING MAIZE CASSAVA AND REARING CHICKEN,Private Informal,Own land / farm,58,Ewe,,Separated
517305,2023Q1,173,5,2,Female,Spouse (Wife/Husband/Living together),JSS/JHS,MIXED FARMER CULTIVATING MAIZE PEPPER  CASSAVA AND REARING CHICKEN,Private Informal,Own land / farm,32,Ewe,Volta,Informal/living together
417404,2022Q4,174,4,1,Male,Head,SSS/SHS,"MIXED CROP FARMER MAIZE.  CASSAVA,  YELLOW MELON,  OKRO",Private Informal,Other land / farm.,45,Ewe,,Informal/living together
517419,2023Q1,174,19,2,Female,Spouse (Wife/Husband/Living together),0,MIXED FARMER CULTIVATING PALM MAIZE PINEAPPLE AND REARING GOATS AND CHICKEN,Private Informal,Own land / farm,52,Ewe,Eastern,Married (Customary/Traditional)
617419,2023Q2,174,19,1,Male,Head,Primary,MIXED FARMER CULTIVATING PINEAPPLE PLANTAIN MAIZE COCONUT AND REARING CHICKEN AND GOAT,Private Informal,Own land / farm,57,Ewe,Eastern,Married (Customary/Traditional)
517419,2023Q1,174,19,1,Male,Head,Primary,MIXED FARMER CULTIVATING PALM MAIZE PINEAPPLE AND REARING CHICKEN GOAT,Private Informal,Own land / farm,57,Ewe,Eastern,Married (Customary/Traditional)
617419,2023Q2,174,19,2,Female,Spouse (Wife/Husband/Living together),0,MIXED FARMER CULTIVATING PINEAPPLE PLANTAIN MAIZE COCONUT AND REARING CHICKEN AND GOAT,Private Informal,Own land / farm,53,Ewe,Eastern,Married (Customary/Traditional)
517418,2023Q1,174,18,2,Female,Spouse (Wife/Husband/Living together),Primary,MIXED FARMER CULTIVATING MAIZE CASSAVA AND REARING CHICKEN DUCK,Private Informal,Other land / farm.,30,,Volta,Married (Customary/Traditional)
717419,2023Q3,174,19,2,Female,Spouse (Wife/Husband/Living together),0,MIXED FARMER CULTIVATING MAIZE PINEAPPLE PALM TREES AND REARING CHICKEN AND GOAT,Private Informal,Own land / farm,53,Ewe,Eastern,Married (Customary/Traditional)
717418,2023Q3,174,18,2,Female,Spouse (Wife/Husband/Living together),Primary,MIXED FARMER CULTIVATING MAIZE CASSAVA AND REARING CHICKEN AND DUCK,Private Informal,Own land / farm,30,,Volta,Married (Customary/Traditional)
517419,2023Q1,174,19,3,Female,Child (Son/Daughter),SSS/SHS,MIXED FARMER CULTIVATING MAIZE PINEAPPLE PALM AND REARING GOAT AND CHICKEN,Private Informal,Own land / farm,21,Ewe,Eastern,Never married
717420,2023Q3,174,20,2,Female,Spouse (Wife/Husband/Living together),Primary,MIXED FARMER CULTIVATING CASSAVA AND GROUND NUT AND REARING CHICKEN,Private Informal,Own land / farm,43,Ewe,Volta,Married (Customary/Traditional)
617420,2023Q2,174,20,2,Female,Spouse (Wife/Husband/Living together),Primary,MIXED FARMER CULTIVATING MAIZE CASSAVA GROUNDNUTS AND REARING CHICKEN,Private Informal,Own land / farm,42,Ewe,Volta,Married (Customary/Traditional)
717419,2023Q3,174,19,1,Male,Head,Primary,MIXED FARMER CULTIVATING PINEAPPLE MAIZE PALM TREE AND REARING CHICKEN AND GOAT,Private Informal,Own land / farm,58,Ewe,Eastern,Married (Customary/Traditional)
417516,2022Q4,175,16,1,Female,Head,0,MIXED FARMER CULTIVATING CASSAVA AND REARING SHEEP AND GOAT,Private Informal,Own land / farm,42,Ewe,Outside Ghana (specify country),Never married
417613,2022Q4,176,13,4,Female,Child (Son/Daughter),Middle,MIXED FARMER CULTIVATING CASSAVA YAM AND REARING GOAT,Private Informal,Own land / farm,63,Ewe,,Divorced
417611,2022Q4,176,11,1,Male,Head,Middle,MIXED CROP FARMER CULTIVATING COCOA PLANTAIN AND BANANA,Private Informal,Own land / farm,64,Ewe,,Married (Civil/Ordinance)
417709,2022Q4,177,9,3,Female,Child (Son/Daughter),JSS/JHS,MIXED FARMER CULTIVATING MAIZE CASSAVA AND PEPPER AND REARING  CHICKEN,Private Informal,Other land / farm.,25,Ewe,,Never married
417701,2022Q4,177,1,7,Female,Spouse (Wife/Husband/Living together),Middle,MIXED FARMER CULTIVATING MAIZE CASSAVA PEPPER AND REARING CHICKEN,Private Informal,Other land / farm.,52,Ewe,,Married (Customary/Traditional)
417702,2022Q4,177,2,2,Female,Spouse (Wife/Husband/Living together),0,MIXED FARMER CULTIVATING MAIZE CASSAVA AND REARING CHICKEN,Private Informal,Other land / farm.,41,Ewe,,Informal/living together
417704,2022Q4,177,4,3,Female,Child (Son/Daughter),SSS/SHS,MIXED FARMER CULTIVATING MAIZE CASSAVA AND PEPPER AND REARING CHICKEN,Private Informal,Other land / farm.,30,Ewe,,Never married
417704,2022Q4,177,4,2,Female,Spouse (Wife/Husband/Living together),Primary,MIXED FARMER CULTIVATING MAIZE CASSAVA AND PEPPER REARING,Private Informal,Other land / farm.,49,Ewe,,Married (Customary/Traditional)
417703,2022Q4,177,3,2,Female,Spouse (Wife/Husband/Living together),JSS/JHS,MIXED CROP FARMER CULTIVATING CASSAVA AND MAIZE,Private Informal,Other land / farm.,32,Ewe,,Informal/living together
417702,2022Q4,177,2,4,Female,Child (Son/Daughter),JSS/JHS,MIXED FARMER CULTIVATING MAIZE CASSAVA  AND REARING CHICKEN,Private Informal,Other land / farm.,21,Ewe,,Never married
417709,2022Q4,177,9,2,Female,Spouse (Wife/Husband/Living together),Primary,MIXED FARMER CULTIVATING MAIZE CASSAVA AND PEPPER,Private Formal,Other land / farm.,42,Ewe,,Informal/living together
417702,2022Q4,177,2,1,Male,Head,JSS/JHS,MIXED FARMER CULTIVATING MAIZE CASSAVA AND REARING CHICKEN,Private Informal,Other land / farm.,50,Ewe,,Informal/living together
417709,2022Q4,177,9,1,Male,Head,Primary,MIXED FARMER CULTIVATING MAIZE CASSAVA PEPPER AND REARING CHICKEN,Private Informal,Other land / farm.,46,Ewe,,Informal/living together
417907,2022Q4,179,7,1,Female,Head,Middle,MIXED FARMER CULTIVATING MAIZE AND CASSAVA REARING GOAT,Private Informal,Own land / farm,66,Ewe,,Married (Civil/Ordinance)
417915,2022Q4,179,15,1,Male,Head,Primary,MIXED FARMER CULTIVATING MAIZE CASSAVA AND CHICKEN,Private Informal,Own land / farm,48,Ewe,,Married (Civil/Ordinance)
417917,2022Q4,179,17,1,Female,Head,Middle,MIXED FARMER CULTIVATING BEANS CASSAVA AND REARING GOATS,Private Informal,Own land / farm,66,Ewe,,Separated
417915,2022Q4,179,15,2,Female,Spouse (Wife/Husband/Living together),Voc/Tech/Commercial,MIXED FARMER CULTIVATING MAIZE CASSAVA AND REARING CHICKEN,Private Informal,Own land / farm,41,Ewe,Volta,Married (Civil/Ordinance)
417907,2022Q4,179,7,3,Female,Child (Son/Daughter),Secondary,MIXED FARMER CULTIVATING MAIZE CASSAVA AND REARING GOAT,Private Informal,Other land / farm.,39,Ewe,,Married (Customary/Traditional)
417907,2022Q4,179,7,2,Male,Spouse (Wife/Husband/Living together),Middle,MIXED CROP FARMER CULTIVATING CASSAVA AND MAIZE,Private Informal,Own land / farm,60,Ewe,,Married (Civil/Ordinance)
417918,2022Q4,179,18,2,Female,Other relative,Middle,MIXED FARMER CULTIVATING CASSAVA MAIZE BEANS AND REARING GOAT AND SHEEP,Private Informal,Own land / farm,56,Ewe,,Widowed
418007,2022Q4,180,7,2,Female,Spouse (Wife/Husband/Living together),0,MIXED FARMER CULTIVATING MAIZE CASSAVA AND REARING CHICKEN,Private Informal,Own land / farm,36,Ewe,Volta,Informal/living together
418007,2022Q4,180,7,1,Male,Head,0,MIXED FARMER CULTIVATING MAIZE CASSAVA AND REARING CHICKEN,Private Informal,Own land / farm,41,Ewe,Volta,Informal/living together
418005,2022Q4,180,5,1,Female,Head,JSS/JHS,MIXED FARMER CULTIVATING COCOA CASSAVA AND YAM AND REARING GOATS,Private Informal,Own land / farm,38,Ewe,,Informal/living together
318102,2022Q3,181,2,3,Male,Child (Son/Daughter),0,MIXED FARMER CULTIVATING GROUNDNUTS YAM CASSAVA AMD REARS GOAT,Private Informal,Own land / farm,39,Gurma,Oti,Married (Customary/Traditional)
318117,2022Q3,181,17,7,Female,Spouse (Wife/Husband/Living together),Primary,MIXED FARMER CULTIVATING MAIZE CASSAVA YAM AND REARING GOATS AND CHICKEN,Private Informal,Own land / farm,35,Ewe,,Informal/living together
318118,2022Q3,181,18,2,Female,Spouse (Wife/Husband/Living together),0,MIXED FARMER CULTIVATING MAIZE CASSAVA YAM AND REARING GOATS,Private Informal,Other land / farm.,31,Guan,Northern.,Married (Customary/Traditional)
318118,2022Q3,181,18,1,Male,Head,Primary,MIXED FARMER CULTIVATING MAIZE CASSAVA YAM AND REARING GOATS,Private Informal,Other land / farm.,40,Guan,Northern.,Married (Customary/Traditional)
318117,2022Q3,181,17,1,Male,Head,0,MIXED FARMER CULTIVATING MAIZE CASSAVA YAM AND REARING GOATS AND CHICKEN,Private Informal,Own land / farm,42,Guan,Northern.,Married (Customary/Traditional)
318117,2022Q3,181,17,2,Female,Spouse (Wife/Husband/Living together),Primary,MIXED FARMER CULTIVATING MAIZE CASSAVA YAM AND REARING GOATS AND CHICKEN,Private Informal,Own land / farm,40,Guan,Northern.,Married (Customary/Traditional)
418416,2022Q4,184,16,1,Female,Head,Middle,MIXED CROP FARMER CASSAVA AND SWEET POTATO,Private Informal,Own land / farm,60,Ewe,,Divorced
418412,2022Q4,184,12,2,Male,Spouse (Wife/Husband/Living together),JSS/JHS,MIXED CROP FARMER CULTIVATING SWEET POTATO AND CASSAVA,Private Informal,Own land / farm,46,Ewe,,Informal/living together
418414,2022Q4,184,14,1,Male,Head,Tertiary - Post graduate certificate / diploma,MIXED FARMER CULTIVATING TOMATOES OKRO AND REARING GOATS,Private Informal,Own land / farm,66,Ewe,Volta,Married (Customary/Traditional)
119707,2022Q1,197,7,1,Male,Head,Middle,CROP FARMER AND RAISING OF LIVESTOCK,,Home,78,Akan,Central.,Married (Civil/Ordinance)
220913,2022Q2,209,13,3,Male,Child (Son/Daughter),Tertiary - Bachelor's Degree,MAXED CROP FARMER AND REARING OF GOATS,Private Informal,Own land / farm,22,Akan,,Never married
622609,2023Q2,226,9,1,Female,Head,Primary,MIXED FARMER CULTIVATING MAIZE CASSAVA AND REARING CHICKEN,Private Informal,Own land / farm,62,Ewe,Volta,Widowed
622605,2023Q2,226,5,3,Female,Child (Son/Daughter),Primary,MIXED FARMER CULTIVATING MAIZE AND CASSAVA AND REARING CHICKEN AND GOAT,Private Informal,Own land / farm,24,Ewe,Eastern,Never married
522609,2023Q1,226,9,1,Female,Head,Primary,MIXED FARMER CULTIVATING MAIZE CASSAVA AND REARING GOAT,Private Informal,Own land / farm,62,Ewe,Volta,Widowed
622605,2023Q2,226,5,2,Female,Child (Son/Daughter),JSS/JHS,MIXED FARMER CULTIVATING MAIZE CASSAVA AND REARING GOAT AND CHICKEN,Private Informal,Own land / farm,26,Ewe,Eastern,Never married
722605,2023Q3,226,5,2,Female,Child (Son/Daughter),JSS/JHS,MIXED FARMER CULTIVATING MAIZE CASSAVA AND REARING CHICKEN AND GOAT,Private Informal,Own land / farm,26,Ewe,Eastern,Never married
522605,2023Q1,226,5,1,Female,Head,0,MIXED FARMER CULTIVATING MAIZE CASSAVA AND REARING GOAT AND CHICKEN,Private Informal,Own land / farm,53,Ewe,Eastern,Separated
722605,2023Q3,226,5,1,Female,Head,0,MIXED FARMER CULTIVATING MAIZE CASSAVA AND REARING GOAT,Private Informal,Own land / farm,54,Ewe,Eastern,Separated
622606,2023Q2,226,6,1,Female,Head,0,MIXED FARMER CULTIVATING MAIZE CASSAVA AND REARING CHICKEN AND GOAT,Private Informal,Own land / farm,49,Ewe,Volta,Widowed
622609,2023Q2,226,9,2,Male,Child (Son/Daughter),JSS/JHS,MIXED FARMER CULTIVATING MAIZE CASSAVA AND REARING CHICKEN,Private Informal,Own land / farm,23,Ewe,,Married (Customary/Traditional)
522606,2023Q1,226,6,1,Female,Head,0,MIXED FARMER CULTIVATING MAIZE CASSAVA AND REARING CHICKEN AND GOAT,Private Informal,Own land / farm,48,Ewe,Volta,Widowed
622605,2023Q2,226,5,1,Female,Head,0,MIXED FARMER CULTIVATING MAIZE CASSAVA AND REARING GOAT AND CHICKEN,Private Informal,Own land / farm,54,Ewe,Eastern,Separated
522609,2023Q1,226,9,2,Male,Child (Son/Daughter),JSS/JHS,MIXED FARMER CULTIVATING MAIZE CASSAVA AND REARING CHICKEN,Private Informal,Own land / farm,23,Ewe,,Married (Customary/Traditional)
722609,2023Q3,226,9,1,Female,Head,Primary,MIXED CROP FARMER CULTIVATING MAIZE AND CASSAVA,Private Informal,Own land / farm,62,Ewe,Volta,Widowed
522709,2023Q1,227,9,2,Female,Spouse (Wife/Husband/Living together),Nursery,MIXED FARMER CULTIVATING MAIZE CASSAVA AND REARING GOAT,Private Informal,Own land / farm,37,Ga-Dangme,Eastern,Informal/living together
622707,2023Q2,227,7,1,Male,Head,SSS/SHS,MIXED FARMER CULTIVATING MAIZE CASSAVA YAM COCOYAM AND REARING CHICKEN AND GOAT,Private Informal,Own land / farm,29,Ga-Dangme,Eastern,Informal/living together
722709,2023Q3,227,9,1,Male,Head,0,MIXED FARMER CULTIVATING MAIZE CASSAVA AND MAIZE AND REARING CHICKEN AND GOAT,Private Informal,Own land / farm,44,Ga-Dangme,,Informal/living together
722709,2023Q3,227,9,2,Female,Spouse (Wife/Husband/Living together),Nursery,MIXED FARMER CULTIVATING MAIZE CASSAVA AND REARING CHICKEN AND GOAT,Private Informal,Own land / farm,38,Ga-Dangme,Eastern,Informal/living together
722706,2023Q3,227,6,1,Male,Head,Primary,MIXED FARMER CULTIVATING MAIZE CASSAVA AND REARING SHEEP AND GOAT,Private Informal,Own land / farm,39,Ga-Dangme,,Married (Civil/Ordinance)
622709,2023Q2,227,9,1,Male,Head,0,MIXED FARMER CULTIVATING MAIZE CASSAVA AND REARING CHICKEN AND GOAT,Private Informal,Own land / farm,44,Ga-Dangme,,Informal/living together
722708,2023Q3,227,8,1,Male,Head,JSS/JHS,MIXED FARMER CULTIVATING MAIZE CASSAVA AND REARING CHICKEN AND GOAT,Private Informal,Own land / farm,44,Ga-Dangme,,Informal/living together
622709,2023Q2,227,9,2,Female,Spouse (Wife/Husband/Living together),Nursery,MIXED FARMER CULTIVATING MAIZE CASSAVA AND REARING CHICKEN AND GOAT,Private Informal,Own land / farm,37,Ga-Dangme,Eastern,Informal/living together
622707,2023Q2,227,7,2,Female,Spouse (Wife/Husband/Living together),Primary,MIXED FARMER CULTIVATING MAIZE CASSAVA YAM COCOYAM AND REARING CHICKEN AND GOAT,Private Informal,Own land / farm,28,Ga-Dangme,,Informal/living together
622710,2023Q2,227,10,1,Female,Head,Primary,MIXED FARMER CULTIVATING MAIZE AND REARING CHICKEN,Private Informal,Own land / farm,63,Ga-Dangme,Eastern,Widowed
722707,2023Q3,227,7,2,Female,Spouse (Wife/Husband/Living together),Primary,MIXED FARMER CULTIVATING MAIZE CASSAVA AND REARING CHICKEN AND GOAT,Private Informal,Own land / farm,28,Ga-Dangme,,Informal/living together
222712,2022Q2,227,12,2,Female,Spouse (Wife/Husband/Living together),Primary,MIXED CROP FARMER AND LIVESTOCK,Private Informal,Other land / farm.,46,Ga-Dangme,,Married (Customary/Traditional)
622706,2023Q2,227,6,1,Male,Head,Primary,MIXED FARMER CULTIVATING MAIZE CASSAVA TOMATOES AND REARING GOAT SHEEP AND CHICKEN,Private Informal,Own land / farm,39,Ga-Dangme,,Married (Civil/Ordinance)
222701,2022Q2,227,1,3,Male,Child (Son/Daughter),JSS/JHS,MIXED CROP FARMER AND LIVESTOCK,Private Informal,Other land / farm.,27,Ga-Dangme,,Never married
522706,2023Q1,227,6,2,Female,Spouse (Wife/Husband/Living together),Primary,MIXED FARMER CULTIVATING MAIZE OKRO AND REARING CHICKEN,Private Informal,Own land / farm,47,Ga-Dangme,Eastern,Married (Civil/Ordinance)
722707,2023Q3,227,7,1,Male,Head,SSS/SHS,MIXED FARMER CULTIVATING MAIZE CASSAVA AND REARING GOAT AND CHICKEN,Private Informal,Own land / farm,30,Ga-Dangme,Eastern,Informal/living together
522706,2023Q1,227,6,1,Male,Head,Primary,MIXED FARMER CULTIVATING MAIZE OKRO AND REARING CHICKEN,Private Informal,Own land / farm,39,Ga-Dangme,,Married (Civil/Ordinance)
522710,2023Q1,227,10,1,Female,Head,Primary,MIXED FARMER CULTIVATING CASSAVA AND REARING CHICKEN,Private Informal,Own land / farm,63,Ga-Dangme,,Widowed
522709,2023Q1,227,9,1,Male,Head,0,MIXED FARMER CULTIVATING MAIZE CASSAVA AND YAM REARING GOAT,Private Informal,Own land / farm,43,Ga-Dangme,,Informal/living together
622706,2023Q2,227,6,2,Female,Spouse (Wife/Husband/Living together),Primary,MIXED FARMER CULTIVATING MAIZE CASSAVA TOMATOES AND REARING CHICKEN GOAT AND SHEEP,Private Informal,Own land / farm,47,Ga-Dangme,Eastern,Married (Civil/Ordinance)
722710,2023Q3,227,10,1,Female,Head,Primary,MIXED FARMER CULTIVATING CASSAVA AND REARING GOAT,Private Informal,Own land / farm,64,Ga-Dangme,,Widowed
622819,2023Q2,228,19,2,Female,Spouse (Wife/Husband/Living together),Primary,MIXED FARMER CULTIVATING MAIZE GROUNDNUTS OKRO AND REARING GOATS,Private Informal,Own land / farm,62,Akan,,Married (Customary/Traditional)
522819,2023Q1,228,19,2,Female,Spouse (Wife/Husband/Living together),Primary,MIXED FARMER CULTIVATING CASSAVA MAIZE AND REARING CHICKEN AND GOAT,Private Informal,Own land / farm,62,Akan,Eastern,Married (Customary/Traditional)
722817,2023Q3,228,17,1,Male,Head,Primary,MIXED FARMER CULTIVATING MAIZE AND REARING GOATS,Private Informal,Own land / farm,33,Ga-Dangme,,Never married
622817,2023Q2,228,17,1,Male,Head,Primary,MIXED FARMER CULTIVATING MAIZE AND REARING GOATS,Private Informal,Own land / farm,33,Ga-Dangme,,Never married
522819,2023Q1,228,19,1,Male,Head,Middle,MIXED ANIMAL FARMER CULTIVATING CORN CASSAVA GROUNDNUTS AND REARING GOAT AND CHICKEN,Private Informal,Own land / farm,86,Akan,Eastern,Married (Customary/Traditional)
622818,2023Q2,228,18,1,Male,Head,Primary,MIXED FARMER CULTIVATING MAIZE CASSAVA AND PEPPER AND REARING GOAT,Private Informal,Own land / farm,62,Ga-Dangme,,Married (Customary/Traditional)
722816,2023Q3,228,16,1,Female,Head,0,MIXED FARMER CULTIVATING MAIZE CASSAVA AND REARING GOAT AND CHICKEN,Private Informal,Own land / farm,51,Ga-Dangme,Eastern,Married (Customary/Traditional)
722819,2023Q3,228,19,2,Female,Spouse (Wife/Husband/Living together),Primary,MIXED FARMER CULTIVATING MAIZE CASSAVA GROUNDNUTS AND REARING GOATS,Private Informal,Own land / farm,62,Akan,Eastern,Married (Customary/Traditional)
622818,2023Q2,228,18,2,Female,Spouse (Wife/Husband/Living together),Primary,MIXED FARMER CULTIVATING MAIZE CASSAVA AND REARING GOAT,Private Informal,Own land / farm,61,Akan,,Married (Customary/Traditional)
622816,2023Q2,228,16,1,Female,Head,0,MIXED FARMER CULTIVATING MAIZE CASSAVA AND REARING CHICKEN AND GOAT,Private Informal,Own land / farm,51,Ga-Dangme,Eastern,Married (Customary/Traditional)
423603,2022Q4,236,3,3,Female,Parent,Middle,PALM FRUITS AND COCOA FARMER (MIXED CROPPING),Private Informal,Own land / farm,76,Mole-Dagbani,Ashanti.,Widowed
323717,2022Q3,237,17,1,Male,Head,0,MIXED CROP FARMER (COCOA FARMING),Private Informal,Other land / farm.,65,Akan,,Married (Customary/Traditional)
326406,2022Q3,264,6,1,Male,Head,SSS/SHS,COW FARMER (CATTLE FARMER),Private Informal,Other land / farm.,46,Mole-Dagbani,,Married (Islamic)
626406,2023Q2,264,6,1,Male,Head,SSS/SHS,CATTLE FARMER (COW FARMER),Private Informal,Own land / farm,47,Mole-Dagbani,,Married (Islamic)
626914,2023Q2,269,14,1,Male,Head,Secondary,MIXED CROP FARMER (COCOA),Private Informal,Own land / farm,82,Akan,,Divorced
627001,2023Q2,270,1,1,Male,Head,JSS/JHS,MIXED CROP FARMER (MAIZE AND CASHEW),Private Informal,Own land / farm,29,Akan,,Never married
627105,2023Q2,271,5,1,Female,Head,Primary,SUBSISTENCE CROP FARMER (CASSAVA AND PLANTAIN),Private Informal,Own land / farm,68,Akan,,Widowed
527407,2023Q1,274,7,1,Female,Head,Primary,CASSAVA FARMER (SUBSISTENCE CROP FARMER),Private Informal,Own land / farm,45,Akan,Ashanti.,Widowed
627407,2023Q2,274,7,1,Female,Head,Primary,CASSAVA FARMER (SUBSISTENCE FARMER),Private Informal,Own land / farm,45,Akan,Ashanti.,Widowed
327601,2022Q3,276,1,1,Male,Head,JSS/JHS,MIXED CROP FARMER (COCOA FARMING),Private Informal,Other land / farm.,34,Akan,,Married (Customary/Traditional)
727703,2023Q3,277,3,1,Male,Head,JSS/JHS,COCOA FARMER (COCOA FARM CARETAKER),Private Informal,Other land / farm.,42,Akan,Ashanti.,Married (Customary/Traditional)
327806,2022Q3,278,6,2,Female,Spouse (Wife/Husband/Living together),Primary,MIXED CROP FARMER (COCOA FARMING),Private Informal,Own land / farm,41,Akan,Ashanti.,Informal/living together
327805,2022Q3,278,5,1,Male,Head,Middle,MIXED CROP FARMER (COCOA FARMING),Private Informal,Own land / farm,71,Ga-Dangme,Ashanti.,Informal/living together
327806,2022Q3,278,6,1,Male,Head,JSS/JHS,MIXED CROP FARMER (COCOA FARMING),Private Informal,Own land / farm,37,Akan,Ashanti.,Informal/living together
328014,2022Q3,280,14,1,Male,Head,Primary,"COCOA, MIXED CROP FARMER AND ANIMAL FARMER",Private Informal,Other land / farm.,35,Mole-Dagbani,Upper East,Married (Customary/Traditional)
328009,2022Q3,280,9,2,Female,Spouse (Wife/Husband/Living together),JSS/JHS,"COCOA, MIXED CROP FARMER AND ANIMAL FARMER",Private Informal,Other land / farm.,31,Akan,,Informal/living together
428009,2022Q4,280,9,1,Male,Head,Primary,"COCOA, MIXED CROP FARMER AND ANIMAL FARMER",Private Informal,Other land / farm.,36,Akan,Ashanti.,Informal/living together
328014,2022Q3,280,14,2,Female,Spouse (Wife/Husband/Living together),Kindergarten,"COCOA, MIXED CROP FARMER AND ANIMAL FARMER",Private Informal,Other land / farm.,28,Mole-Dagbani,Upper East,Married (Customary/Traditional)
328009,2022Q3,280,9,1,Male,Head,Primary,"COCOA, MIXED CROP FARMER AND ANIMAL FARMER",Private Informal,Other land / farm.,36,Akan,Ashanti.,Informal/living together
629218,2023Q2,292,18,1,Male,Head,JSS/JHS,MIXED  CROP FARMER (MAIZE),Private Informal,Own land / farm,36,Mole-Dagbani,Upper East,Married (Civil/Ordinance)
729415,2023Q3,294,15,1,Female,Head,JSS/JHS,MIXED CROP FARMER (MAIN IS PLANTAIN),Private Informal,Other land / farm.,28,Mole-Dagbani,Western North,Never married
229611,2022Q2,296,11,1,Male,Head,JSS/JHS,VEGETABLE FARMER ( CABBAGE AND OKRO),Private Informal,Other land / farm.,31,Akan,,Informal/living together
429814,2022Q4,298,14,1,Male,Head,0,MIXED FARMER AND REARING OF ANIMALS,Private Informal,Own land / farm,47,"All Other Tribes (Hausa, Baribari, Zabrama)",Bono East,Married (Customary/Traditional)
230812,2022Q2,308,12,1,Male,Head,Tertiary - Bachelor's Degree,PLANTAIN FARMER (GROWING OF PLANTAIN),Private Informal,Own land / farm,32,Akan,,Informal/living together
231319,2022Q2,313,19,2,Female,Spouse (Wife/Husband/Living together),0,COCOA FARMER HAND,Private Informal,Own land / farm,33,Gurma,Upper East,Married (Customary/Traditional)
431404,2022Q4,314,4,5,Male,Child (Son/Daughter),SSS/SHS,COCOA FARMER HAND,Private Informal,Other land / farm.,20,Akan,,Never married
432306,2022Q4,323,6,1,Male,Head,Middle,COCOA FARMER AND MIXED CROP FARMER,Private Informal,Own land / farm,53,Akan,Ashanti.,Married (Civil/Ordinance)
432302,2022Q4,323,2,2,Female,Spouse (Wife/Husband/Living together),JSS/JHS,COCOA FARMER HELPER,Private Informal,Other land / farm.,24,"All Other Tribes (Hausa, Baribari, Zabrama)",Upper West,Married (Customary/Traditional)
332302,2022Q3,323,2,2,Female,Spouse (Wife/Husband/Living together),JSS/JHS,COCOA FARMER HELPER,Private Informal,Other land / farm.,24,"All Other Tribes (Hausa, Baribari, Zabrama)",Upper West,Married (Customary/Traditional)
332306,2022Q3,323,6,1,Male,Head,Middle,COCOA FARMER AND MIXED CROP FARMER,Private Informal,Own land / farm,53,Akan,Ashanti.,Married (Civil/Ordinance)
132815,2022Q1,328,15,1,Female,Head,0,"MIXED FARMER ( MAIZE, PEPPER AND SHEEP FARMER)",,Own land / farm,63,Mande,Western North,Widowed
433414,2022Q4,334,14,2,Male,Child (Son/Daughter),JSS/JHS,COCOA FARMER ASSISTANT,Private Informal,Own land / farm,36,Akan,,Never married
334110,2022Q3,341,10,1,Male,Head,0,MIXED CROP FARMER ( TOMATOES AND PEPPER),Private Formal,Own land / farm,57,Akan,,Married (Customary/Traditional)
434107,2022Q4,341,7,1,Male,Head,JSS/JHS,"MIXED CROP FARMER ( TOMATOES,  PEPPER, GARDEN EGGS ETC)",Private Informal,Own land / farm,46,Akan,,Married (Customary/Traditional)
334109,2022Q3,341,9,1,Male,Head,Middle,"MIXED CROP FARMER ( TOMATOES,  GARDEN EGG ETC)",Private Informal,Own land / farm,51,Akan,,Married (Customary/Traditional)
334108,2022Q3,341,8,1,Male,Head,JSS/JHS,"MIXED CROP FARMER ( TOMATOES  , PEPPER,  PLANTAIN  ETC)",Private Informal,Own land / farm,43,Akan,Central.,Married (Customary/Traditional)
334107,2022Q3,341,7,1,Male,Head,JSS/JHS,"MIXED CROP FARMER ( TOMATOES,  PEPPER, GARDEN EGGS ETC)",Private Informal,Own land / farm,46,Akan,,Married (Customary/Traditional)
334106,2022Q3,341,6,1,Male,Head,JSS/JHS,MIXED  CROP  FARMER ( CASSAVA  AND PLANTAIN),Private Informal,Own land / farm,45,Akan,,Married (Customary/Traditional)
434109,2022Q4,341,9,1,Male,Head,Middle,"MIXED CROP FARMER ( TOMATOES,  GARDEN EGG ETC)",Private Informal,Own land / farm,51,Akan,,Married (Customary/Traditional)
434702,2022Q4,347,2,5,Male,Child (Son/Daughter),SSS/SHS,COCOA FARMER ASSISTANT,Private Informal,Own land / farm,23,Akan,,Never married
434902,2022Q4,349,2,1,Male,Head,0,MIXED CROP FARMER  ( CASSAVA AND PLANTAIN),Private Informal,Own land / farm,81,Akan,Ashanti.,Widowed
434912,2022Q4,349,12,1,Male,Head,Middle,"MIXED CROP FARMER ( GARDEN EGGS, PEPPER  ETC )",Private Informal,Own land / farm,62,Akan,Ashanti.,Informal/living together
434913,2022Q4,349,13,1,Female,Head,Middle,MIXED CROP  FARMER (PLANTAIN AND CASSAVA ),Private Informal,Own land / farm,50,Akan,Ashanti.,Separated
334913,2022Q3,349,13,1,Female,Head,Middle,MIXED CROP  FARMER (PLANTAIN AND CASSAVA ),Private Informal,Own land / farm,50,Akan,Ashanti.,Separated
434907,2022Q4,349,7,2,Female,Parent,Primary,MIXED CROP FARMER(CASSAVA AND PLANTAIN FARMER ),Private Informal,Own land / farm,50,Akan,,Separated
334902,2022Q3,349,2,1,Male,Head,0,MIXED CROP FARMER  ( CASSAVA AND PLANTAIN),Private Informal,Own land / farm,81,Akan,Ashanti.,Widowed
334907,2022Q3,349,7,2,Female,Parent,Primary,MIXED CROP FARMER(CASSAVA AND PLANTAIN FARMER ),Private Informal,Own land / farm,50,Akan,,Separated
235021,2022Q2,350,21,2,Female,Spouse (Wife/Husband/Living together),0,"MIXED CROP FARMER RICE ,MAIZE AND PLANTAIN",Private Informal,Other land / farm.,33,Mole-Dagbani,Ahafo,Married (Customary/Traditional)
435107,2022Q4,351,7,1,Male,Head,JSS/JHS,"MIXED CROP FARMER ,TOMATOES, PEPPER,GINGER, PLANTEIN AND CASSAVA",Private Informal,Own land / farm,34,Akan,Ashanti.,Informal/living together
435106,2022Q4,351,6,2,Female,Spouse (Wife/Husband/Living together),Primary,"MIXED CROP FARMER GINGER, PEPPER, PLANTEIN AND CASSAVA",Private Informal,Other land / farm.,36,Mole-Dagbani,,Informal/living together
235611,2022Q2,356,11,2,Female,Child (Son/Daughter),0,MIXED CROP FARMER ( PLANTAIN AND  CASSAVA),Private Informal,Other land / farm.,60,Akan,,Married (Civil/Ordinance)
235611,2022Q2,356,11,3,Male,Grandchild,Primary,MIXED CROP FARMER ( PEPER AND TOMATOES),Private Informal,Own land / farm,63,Akan,,Married (Civil/Ordinance)
535809,2023Q1,358,9,2,Female,Spouse (Wife/Husband/Living together),0,MIXED CROP FARMER ( CASSAVA AND PLANTAIN),Private Informal,Other land / farm.,53,Akan,,Married (Customary/Traditional)
735815,2023Q3,358,15,2,Female,Child (Son/Daughter),Secondary,"MIXED CROP FARMER CASSAVA, OKRO AND PEPPER",Private Informal,Own land / farm,53,Akan,,Divorced
535809,2023Q1,358,9,1,Male,Head,Primary,MIXED CROP FARMER ( CASSAVA AND PLANTAIN),Private Informal,Own land / farm,58,Akan,Ashanti.,Married (Customary/Traditional)
535809,2023Q1,358,9,3,Female,Child (Son/Daughter),JSS/JHS,MIXED CROP FARMER ( CASSAVA AND PLANTAIN),Private Informal,Other land / farm.,19,Akan,,Never married
336019,2022Q3,360,19,1,Female,Head,Primary,"MIXED CROP FARMER ( CASSAVA,  PLANTAIN,  PEPPER  ETC)",Private Informal,Own land / farm,67,Akan,,Divorced
436013,2022Q4,360,13,5,Male,Spouse (Wife/Husband/Living together),Middle,"MIXED CROP FARMER ( CASSAVA,  PLANTAIN,  PEPPER ETC)",Private Informal,Own land / farm,65,Akan,,Married (Customary/Traditional)
736013,2023Q3,360,13,5,Male,Spouse (Wife/Husband/Living together),Middle,"MIXED CROP FARMER ( CASHEW,  PEPPER,  ETC )",Private Informal,Own land / farm,65,Akan,,Married (Customary/Traditional)
636013,2023Q2,360,13,5,Male,Spouse (Wife/Husband/Living together),Middle,"MIXED CROP FARMER ( CASSAVA, PEPPER, PLANTAIN, TOMATOES ETC)",Private Informal,Own land / farm,65,Akan,,Married (Customary/Traditional)
736010,2023Q3,360,10,2,Female,Spouse (Wife/Husband/Living together),Middle,"MIXED CROP FARMER  MAIZE, CASSAVA AND CASHEW",Private Informal,Own land / farm,52,Akan,,Married (Customary/Traditional)
336013,2022Q3,360,13,5,Male,Spouse (Wife/Husband/Living together),Middle,"MIXED CROP FARMER ( CASSAVA,  PLANTAIN,  PEPPER ETC)",,,65,Akan,,Married (Customary/Traditional)
636515,2023Q2,365,15,1,Female,Head,Primary,"MIXED CROP FARMER ( TOMATOES,  PEPPER,  PLANTAIN ETC)",Private Informal,Own land / farm,53,Akan,,Widowed
236519,2022Q2,365,19,2,Female,Child (Son/Daughter),Postmiddle/secondary certificate,MIXED CROP FARMER  ( PLANTAIN AND CASSAVA ),Private Informal,Own land / farm,61,Akan,,Widowed
536618,2023Q1,366,18,2,Female,Spouse (Wife/Husband/Living together),Primary,"MIXED CROP FARMER ( CASSAVA,  PLANTAIN)",Private Informal,Own land / farm,41,Akan,Outside Ghana (specify country),Informal/living together
736618,2023Q3,366,18,2,Female,Spouse (Wife/Husband/Living together),Primary,"MIXED CROP FARMER ( CASSAVA,  PLANTAIN, PEPPER ETC)",Private Informal,Own land / farm,42,Akan,Outside Ghana (specify country),Informal/living together
737004,2023Q3,370,4,1,Female,Head,0,"MIXED CROP FARMER ( CASSAVA, PEPPER ETC)",Private Informal,Own land / farm,77,Akan,Bono,Widowed
637003,2023Q2,370,3,1,Female,Head,JSS/JHS,"MIXED CROP FARMER ( CASSAVA  , PEPPER  ETC)",Private Informal,Own land / farm,47,Akan,Bono,Never married
637004,2023Q2,370,4,1,Female,Head,0,"MIXED CROP FARMER ( CASSAVA, PEPPER, CASHEW ETC)",Private Informal,Own land / farm,76,Akan,Bono,Widowed
737603,2023Q3,376,3,1,Female,Head,JSS/JHS,"MIXED CROP FARMER ( CASSAVA, PEPPER  ETC)",Private Informal,Own land / farm,38,Ewe,Ashanti.,Widowed
537605,2023Q1,376,5,1,Male,Head,SSS/SHS,"MIXED CROP FARMER ( OKRO, GARDEN ,PEPPER  ETC)",Private Informal,Other land / farm.,33,Akan,,Informal/living together
237603,2022Q2,376,3,1,Female,Head,JSS/JHS,MIXED CROPS FARMER (MAIZE/RICE),Private Informal,Other land / farm.,37,Ewe,Ashanti.,Widowed
537605,2023Q1,376,5,2,Female,Spouse (Wife/Husband/Living together),JSS/JHS,"MIXED CROP FARMER ( PEPPER,  GARDEN EGGS,  ETC)",Private Informal,Other land / farm.,25,Ewe,,Informal/living together
537712,2023Q1,377,12,2,Female,Spouse (Wife/Husband/Living together),Primary,"MIXED CROP FARMER ( PLANTAIN,  CASSAVA ETC)",Private Informal,Other land / farm.,38,Akan,,Married (Customary/Traditional)
737710,2023Q3,377,10,1,Female,Head,Middle,"MIXED CROP FARMER (CASHEW,  PEPPER  ,TOMATOES  ETC)",Private Informal,Own land / farm,66,Akan,,Widowed
537710,2023Q1,377,10,2,Female,Child (Son/Daughter),JSS/JHS,"MIXED CROP FARMER ( CASSAVA,  PLANTAIN  ETC)",Private Informal,Other land / farm.,22,Akan,Ahafo,Never married
537710,2023Q1,377,10,1,Female,Head,Middle,"MIXED FARMER ( PLANTAIN,  CASSAVA, ETC)",Private Informal,Other land / farm.,65,Akan,,Widowed
537712,2023Q1,377,12,1,Male,Head,Middle,"MIXED CROP FARMER ( CASSAVA,  PEPPER,  PLANTAIN  ETC)",Private Informal,Own land / farm,56,Akan,,Married (Customary/Traditional)
737711,2023Q3,377,11,2,Female,Spouse (Wife/Husband/Living together),Primary,"MIXED CROP FARMER ( CASSAVA,  CASHEW, PEPPER  ETC)",Private Informal,Other land / farm.,44,Akan,,Married (Customary/Traditional)
537820,2023Q1,378,20,1,Male,Head,Primary,"MIXED CROP FARMER (PEPPER,  TOMATOES  ETC)",Private Informal,Own land / farm,47,Akan,Outside Ghana (specify country),Married (Customary/Traditional)
737817,2023Q3,378,17,1,Female,Head,Middle,"MIXED CROP FARMER (  TOMATOES, MAIZE, PEPPER ETC)",Private Informal,Own land / farm,52,Akan,,Never married
537819,2023Q1,378,19,5,Male,Son-in-law,SSS/SHS,"MIXED CROP FARMER ( TOMATOES,  PEPPER  ETC)",Private Informal,Other land / farm.,28,Akan,Outside Ghana (specify country),Informal/living together
438104,2022Q4,381,4,1,Male,Head,0,MIXED FARMER (CASSAVA AND ANIMALS),Private Informal,Other land / farm.,46,"All Other Tribes (Hausa, Baribari, Zabrama)",Savannah,Married (Customary/Traditional)
438104,2022Q4,381,4,2,Female,Spouse (Wife/Husband/Living together),0,MIXED FARMER ( CASSAVA AND ANIMALS),Private Informal,Other land / farm.,34,"All Other Tribes (Hausa, Baribari, Zabrama)",Savannah,Married (Customary/Traditional)
638215,2023Q2,382,15,3,Female,Child (Son/Daughter),0,"MIXED CROP FARMER ( CASSAVA,  PLANTAIN, PEPPER ETC )",Private Informal,Own land / farm,71,Akan,,Never married
538218,2023Q1,382,18,1,Female,Head,Primary,"MIXED FARMER ( PLANTAIN,  CASHEW,  CASSAVA  ETC)",Private Informal,Own land / farm,54,Akan,Bono,Married (Customary/Traditional)
638218,2023Q2,382,18,1,Female,Head,Primary,"MIXED CROP FARMER ( PLANTAIN, PEPPER  ETC)",Private Informal,Own land / farm,54,Akan,Bono,Married (Customary/Traditional)
738218,2023Q3,382,18,1,Female,Head,Primary,"MIXED CROP FARMER ( CASSAVA, PEPPER,  PLANTAIN,  ETC)",Private Informal,Own land / farm,55,Akan,Bono,Married (Customary/Traditional)
738218,2023Q3,382,18,2,Male,Spouse (Wife/Husband/Living together),Middle,"MIXED CROP FARMER ( CASSAVA,  COCOA ETC)",Private Informal,Own land / farm,63,Akan,Bono,Married (Customary/Traditional)
638215,2023Q2,382,15,4,Female,Child (Son/Daughter),Middle,"MIXED CROP FARMER (CASSAVA,  PLANTAIN,  ETC)",Private Informal,Own land / farm,54,Akan,,Married (Customary/Traditional)
738215,2023Q3,382,15,3,Female,Child (Son/Daughter),0,"MIXED FARMER ( PLANTAIN , PEPPER, ETC)",Private Informal,Own land / farm,71,Akan,,Never married
438406,2022Q4,384,6,1,Female,Head,0,"MIXED CROP FARMER ( CASSAVA,  PLANTAIN  ETC)",Private Informal,Own land / farm,62,Akan,Bono,Widowed
438406,2022Q4,384,6,3,Female,Child (Son/Daughter),Primary,"MIXED CROP FARMER ( CASSAVA,  PLANTAIN,  ETC)",Private Informal,Own land / farm,42,Akan,,Divorced
238505,2022Q2,385,5,2,Female,Spouse (Wife/Husband/Living together),0,"MIXED CROP FARMER (YAM, OKRO, PEPPER, GARDEN EGGS)",Private Informal,Own land / farm,42,Akan,,Married (Customary/Traditional)
238505,2022Q2,385,5,6,Male,Other relative,SSS/SHS,"MIXED CROP FARMER (YAM, OKRO, PEPPER, GARDEN EGGS",Private Informal,Own land / farm,18,Akan,,Never married
238505,2022Q2,385,5,5,Female,Child (Son/Daughter),SSS/SHS,"MIXED CROP FARMER (YAM, OKRO, PEPPER, GARDEN EGGS",Private Informal,Own land / farm,18,Akan,,Never married
238505,2022Q2,385,5,3,Female,Child (Son/Daughter),SSS/SHS,"MIXED CROP FARMER (YAM, OKRO, PEPPER, GARDEN EGGS",Private Informal,Own land / farm,23,Akan,,Married (Customary/Traditional)
238505,2022Q2,385,5,4,Female,Child (Son/Daughter),JSS/JHS,"MIXED CROP FARMER (YAM, OKRO, PEPPER, GARDEN EGGS",Private Informal,Own land / farm,21,Akan,,Never married
338611,2022Q3,386,11,1,Male,Head,Primary,MIXED FARMER (GROWING CROPS AND REARING ANIMALS),Private Informal,Own land / farm,52,Akan,Bono,Married (Customary/Traditional)
338605,2022Q3,386,5,1,Male,Head,0,MIXED FARMER ( GROWING CROPS AND REARING ANIMALS),Private Informal,Own land / farm,82,Akan,,Married (Customary/Traditional)
338716,2022Q3,387,16,1,Male,Head,0,MIXED CROP FARMER AND ANIMALS FARMER,Private Informal,Own land / farm,37,Mole-Dagbani,Upper West,Married (Customary/Traditional)
438715,2022Q4,387,15,1,Female,Head,Primary,"MIXED CROP FARMER ( MAIZE,  CASSAVA, PEPPER ETC",Private Informal,Own land / farm,48,Akan,Ashanti.,Married (Customary/Traditional)
339012,2022Q3,390,12,2,Female,Spouse (Wife/Husband/Living together),0,MIXED CROP FARMER ( GROUNDNUT),Private Informal,Other land / farm.,28,Mole-Dagbani,Upper West,Married (Customary/Traditional)
339012,2022Q3,390,12,1,Male,Head,0,MIXED CROP FARMER ( GROUNDNUT),Private Informal,Other land / farm.,40,Mole-Dagbani,Upper West,Married (Customary/Traditional)
339616,2022Q3,396,16,1,Male,Head,0,MIXED FARMER ( GROWING OF CROPS AND REARING OF ANIMALS),Private Informal,Other land / farm.,72,Mole-Dagbani,Northern.,Married (Islamic)
339607,2022Q3,396,7,1,Male,Head,JSS/JHS,MIXED FARMER ( REARING AND GROWING OF CROPS),Private Informal,Other land / farm.,43,,,Married (Islamic)
440218,2022Q4,402,18,1,Female,Head,0,"MIXED CROP FARMER (MAIZE, GROUNDNUT,  BEANS)",Private Informal,Own land / farm,56,Gurma,Northern.,Widowed
440317,2022Q4,403,17,1,Male,Head,0,"MIXED CROP FARMER (MAIZE,MILLET,YAM,CASSAVA,GROUNDNUT PEPPER)",Private Informal,Own land / farm,45,Gurma,Northern.,Married (Customary/Traditional)
440321,2022Q4,403,21,1,Male,Head,0,"MIXED CROP FARMER (MAIZE,MILLET,YAM,OKRO,PEPPER)",Private Informal,Other land / farm.,51,Guan,North East,Separated
440308,2022Q4,403,8,2,Male,Child (Son/Daughter),JSS/JHS,"MIXED CROP FARMER (GROUNDNUT, MILLET, YAM, MAIZE, BAMBARA BEANS)",Private Informal,Own land / farm,27,Gurma,,Never married
440307,2022Q4,403,7,3,Male,Child (Son/Daughter),SSS/SHS,"MIXED CROP FARMER (YAM,MAIZE, SOYA BEANS,CASHEW)",Private Informal,Own land / farm,26,Akan,,Never married
440319,2022Q4,403,19,5,Female,Parent,SSS/SHS,"MIXED CROP FARMER (MAIZE, GROUNDNUT,OKRO, PEPPER, BEANS)",Private Informal,Own land / farm,42,Mole-Dagbani,Upper West,Widowed
440322,2022Q4,403,22,2,Female,Spouse (Wife/Husband/Living together),0,"MIXED CROP FARMER (MILLET  GROUNDNUT, MAIZE,OKRO,PEPPER)",Private Informal,Own land / farm,57,Mande,Ashanti.,Married (Islamic)
440310,2022Q4,403,10,7,Male,Brother/Sister,SSS/SHS,"MIXED CROP FARMER ( MAIZE, MILLET, GROUNDNUT, YAM)",Private Informal,Own land / farm,24,Mole-Dagbani,Bono,Never married
440316,2022Q4,403,16,5,Female,Child (Son/Daughter),JSS/JHS,"MIXED CROP FARMER (MAIZE, GROUNDNUT, OKRO, PEPPER, BAMBARA BEANS)",Private Informal,Own land / farm,19,Mole-Dagbani,,Never married
440317,2022Q4,403,17,12,Male,Brother/Sister,SSS/SHS,"MIXED CROP FARMER (MAIZE, GROUNDNUT, MILLET, YAM)",Private Informal,Own land / farm,19,Gurma,,Never married
440317,2022Q4,403,17,2,Female,Spouse (Wife/Husband/Living together),0,"MIXED CROP FARMER (OKRO,PEPPER,MAIZE,GROUNDNUT, MILLET)",Private Informal,Own land / farm,39,Gurma,Northern.,Married (Customary/Traditional)
440317,2022Q4,403,17,4,Male,Child (Son/Daughter),SSS/SHS,"MIXED CROP FARMER (MAIZE,MILLET, YAM, GROUNDNUT)",Private Informal,Other land / farm.,18,Gurma,,Never married
440323,2022Q4,403,23,1,Male,Head,0,"MIXED CROP FARMER (MAIZE,MILLET)",Private Informal,Own land / farm,35,Mande,,Married (Islamic)
440316,2022Q4,403,16,1,Male,Head,Middle,"MIXED CROP FARMER (MAIZE,MILLET,GROUNDNUT, OKRO,PEPPER,,BAMBARA BEANS)",Private Informal,Own land / farm,72,Mole-Dagbani,Bono East,Married (Customary/Traditional)
440308,2022Q4,403,8,3,Female,Child (Son/Daughter),Primary,"MIXED CROP FARMER (GROUNDNUT, YAM,MAIZE,BAMBARA BEANS)",Private Informal,Own land / farm,22,Gurma,,Never married
440322,2022Q4,403,22,1,Male,Head,0,"MIXED CROP FARMER (MILLET,MAIZE,OKRO,PEPPER)",Private Informal,Own land / farm,63,Mande,Ashanti.,Married (Islamic)
440316,2022Q4,403,16,4,Female,Child (Son/Daughter),Primary,"MIXED CROP FARMER (GROUNDNUT, OKRO, PEPPER, MAIZE, BAMBARA BEANS)",Private Informal,Own land / farm,23,Mole-Dagbani,Bono East,Never married
440305,2022Q4,403,5,1,Male,Head,Primary,"MIXED CROP FARMER (CASHEW,YAM,CASSAVA,MAIZE)",Private Informal,Own land / farm,58,"All Other Tribes (Hausa, Baribari, Zabrama)",Western,Married (Customary/Traditional)
440305,2022Q4,403,5,2,Female,Spouse (Wife/Husband/Living together),Middle,"MIXED CROP FARMER (MAIZE,GROUNDNUT,PEPPER, OKRO)",Private Informal,Own land / farm,64,Akan,Bono East,Married (Customary/Traditional)
440311,2022Q4,403,11,1,Male,Head,Primary,"MIXED CROP FARMER (YAM ,MILLET,MAIZE)",Private Informal,Own land / farm,58,Gurma,Upper West,Married (Civil/Ordinance)
440309,2022Q4,403,9,1,Male,Head,Primary,"MIXED CROP FARMER (BAMBARA BEANS, YAM, MAIZE, CASSAVA)",Private Informal,Own land / farm,78,Guan,Bono East,Married (Customary/Traditional)
440307,2022Q4,403,7,2,Female,Spouse (Wife/Husband/Living together),0,"MIXED CROP FARMER (SOYA BEANS, MAIZE,CASHEW)",Private Informal,Own land / farm,55,Akan,Bono East,Married (Customary/Traditional)
440303,2022Q4,403,3,1,Male,Head,Primary,"MIXED CROP FARMER (MAIZE, YAM)",Private Informal,Own land / farm,35,Akan,,Informal/living together
440312,2022Q4,403,12,2,Female,Spouse (Wife/Husband/Living together),0,"MIXED CROP FARMER (MAIZE, MILLET,YAM,GROUNDNUT, PEPPER,OKRO)",Private Informal,Own land / farm,47,Gurma,Bono East,Married (Civil/Ordinance)
440308,2022Q4,403,8,1,Female,Head,0,"MIXED CROP FARMER (GROUNDNUT, BAMBARA BEANS, MAIZE,MILLET,YAM)",Private Informal,Own land / farm,51,Gurma,Bono East,Widowed
440302,2022Q4,403,2,2,Female,Spouse (Wife/Husband/Living together),Primary,"MIXED CROP FARMER (MAIZE, PEPPER,OKRO,GROUNDNUT,MILLET)",Private Informal,Own land / farm,40,"All Other Tribes (Hausa, Baribari, Zabrama)",Northern.,Married (Customary/Traditional)
440322,2022Q4,403,22,3,Female,Child (Son/Daughter),JSS/JHS,"MIXED CROP FARMER (GROUNDNUT, MAIZE,OKRO,PEPPER, MILLET)",Private Informal,Own land / farm,23,Mande,,Never married
440301,2022Q4,403,1,7,Male,Child (Son/Daughter),SSS/SHS,"MIXED CROP FARMER (MAIZE, YAM, GROUNDNUT)",Private Informal,Own land / farm,22,Gurma,,Never married
440316,2022Q4,403,16,2,Female,Spouse (Wife/Husband/Living together),Primary,"MIXED CROP FARMER (GROUNDNUT, OKRO,PEPPER, MAIZE, MILLET,BAMBARA BEANS,",Private Informal,Own land / farm,70,Mole-Dagbani,Bono East,Married (Customary/Traditional)
440312,2022Q4,403,12,3,Female,Child (Son/Daughter),SSS/SHS,"MIXED CROP FARMER (OKRO,PEPPER,MAIZE,GROUNDNUT, MILLET)",Private Informal,Own land / farm,30,Gurma,,Never married
440308,2022Q4,403,8,5,Female,Child (Son/Daughter),JSS/JHS,"MIXED CROP FARMER (GROUNDNUT, MAIZE, YAM,BAMBARA BEANS)",Private Informal,Own land / farm,18,Gurma,,Never married
440302,2022Q4,403,2,3,Male,Child (Son/Daughter),SSS/SHS,"MIXED CROP FARMER (GROUNDNUT, YAM,MAIZE, MILLET)",Private Informal,Own land / farm,20,"All Other Tribes (Hausa, Baribari, Zabrama)",,Never married
440312,2022Q4,403,12,5,Male,Child (Son/Daughter),JSS/JHS,"MIXED CROP FARMER (MAIZE, MILLET, YAM, GROUNDNUT, )",Private Informal,Own land / farm,18,Gurma,,Never married
440312,2022Q4,403,12,10,Male,Child (Son/Daughter),SSS/SHS,"MIXED CROP FARMER (GROUNDNUT, MAIZE, YAM, CASSAVA, MILLET)",Private Informal,Own land / farm,31,Gurma,North East,Never married
440302,2022Q4,403,2,13,Male,Parent,0,"MIXED CROP FARMER (YAM, MAIZE, MILLET)",Private Informal,Own land / farm,80,"All Other Tribes (Hausa, Baribari, Zabrama)",Savannah,Married (Customary/Traditional)
440308,2022Q4,403,8,4,Female,Child (Son/Daughter),JSS/JHS,"MIXED CROP FARMER (GROUNDNUT, BAMBARA BEANS, YAM, MILLET)",Private Informal,Own land / farm,21,Gurma,,Never married
440302,2022Q4,403,2,14,Female,Parent,0,"MIXED CROP FARMER (GROUNDNUT, MAIZE, MILLET)",Private Informal,Own land / farm,70,"All Other Tribes (Hausa, Baribari, Zabrama)",Savannah,Married (Customary/Traditional)
440302,2022Q4,403,2,1,Male,Head,JSS/JHS,"MIXED CROP FARMER (MILLET,MAIZE,YAM)",Private Informal,Own land / farm,44,"All Other Tribes (Hausa, Baribari, Zabrama)",Savannah,Married (Customary/Traditional)
140808,2022Q1,408,8,8,Male,Other relative,SSS/SHS,"MIXED CROP FARMER (CASHEW, CASSAVA , YAM , TOMATOES PEPPER)",Private Informal,Other land / farm.,29,Mole-Dagbani,,Never married
140813,2022Q1,408,13,1,Male,Head,SSS/SHS,"MIXED CROP FARMER (YAM, CASSAVA MAIZE )",Private Informal,Other land / farm.,38,Akan,Outside Ghana (specify country),Married (Customary/Traditional)
140818,2022Q1,408,18,1,Male,Head,0,"MIXED CROP FARMER (YAM,CASSAVA, PLANTAIN, MAIZE CASHEW)",Private Informal,Other land / farm.,55,Mole-Dagbani,Outside Ghana (specify country),Married (Islamic)
140814,2022Q1,408,14,1,Female,Head,Primary,MIXED CROP FARMER (YAM AND CASSAVA),Private Informal,Own land / farm,48,Akan,Ashanti.,Divorced
140808,2022Q1,408,8,1,Male,Head,Kindergarten,"MIXED CROP FARMER (CASHEW, CASSAVA , YAM , TOMATOES PEPPER)",Private Informal,Other land / farm.,33,Mole-Dagbani,,Married (Islamic)
540902,2023Q1,409,2,8,Male,Brother/Sister,Primary,FIELD CROP FARMER ( BY DAY),Private Informal,Other land / farm.,23,Mole-Dagbani,,Never married
540916,2023Q1,409,16,3,Male,Parent,0,CASHEW FARMER ( CARE TAKER),Private Informal,Other land / farm.,85,Mole-Dagbani,Bono East,Married (Customary/Traditional)
540916,2023Q1,409,16,8,Female,Parent,0,CASHEW FARMER ( CARE TAKER),Private Informal,Other land / farm.,78,Mole-Dagbani,Bono East,Married (Customary/Traditional)
641110,2023Q2,411,10,1,Male,Head,Middle,MIXED FARMER ( GROWING OF FOOD CROPS AND REARING OF CHICKEN),Private Informal,Other land / farm.,60,Mole-Dagbani,Upper West,Married (Customary/Traditional)
541110,2023Q1,411,10,1,Male,Head,Middle,MIXED FARMER ( GROWING OF MAIZE YAM AND REARING  CHICKEN,Private Informal,Other land / farm.,60,Mole-Dagbani,Upper West,Married (Customary/Traditional)
341317,2022Q3,413,17,3,Female,Child (Son/Daughter),Primary,MIXED CROP FARMER AND LIVESTOCK,Private Informal,Own land / farm,21,Gurma,,Never married
341311,2022Q3,413,11,5,Female,Child (Son/Daughter),JSS/JHS,MIXED CROP FARMER AND LIVESTOCK,Private Informal,Own land / farm,21,Gurma,Bono East,Never married
341311,2022Q3,413,11,2,Female,Spouse (Wife/Husband/Living together),0,MIXED CROP FARMER AND LIVESTOCK,Private Informal,Own land / farm,78,Gurma,Bono East,Married (Customary/Traditional)
341311,2022Q3,413,11,3,Female,Spouse (Wife/Husband/Living together),0,MIXED CROP FARMER AND LIVESTOCK,Private Informal,Own land / farm,70,Gurma,Bono East,Married (Customary/Traditional)
341311,2022Q3,413,11,6,Male,Child (Son/Daughter),JSS/JHS,MIXED CROP FARMER AND LIVESTOCK,Private Informal,Own land / farm,19,Gurma,Bono East,Never married
341317,2022Q3,413,17,2,Female,Child (Son/Daughter),SSS/SHS,MIXED CROP FARMER AND LIVESTOCK,Private Informal,Own land / farm,24,Gurma,,Never married
341311,2022Q3,413,11,4,Male,Child (Son/Daughter),Primary,MIXED CROP FARMER AND LIVESTOCK,Private Informal,Own land / farm,20,Gurma,Bono East,Never married
341311,2022Q3,413,11,9,Female,Non relative,JSS/JHS,MIXED CROP FARMER AND LIVESTOCK,Private Informal,Own land / farm,22,Akan,Eastern,Informal/living together
341501,2022Q3,415,1,1,Male,Head,Primary,MIXED FARMER ( YAM AND RICE),Private Informal,Own land / farm,24,Gurma,,Informal/living together
142010,2022Q1,420,10,2,Male,Child (Son/Daughter),SSS/SHS,MIXED FARMER ( GROWING CROPS AND REARING ANIMALS),Private Informal,Other land / farm.,23,Mole-Dagbani,Bono East,Divorced
142007,2022Q1,420,7,1,Male,Head,0,MIXED FARMER ( GROWING CROPS AND REARING ANIMALS),Private Informal,Other land / farm.,60,Mole-Dagbani,Northern.,Married (Customary/Traditional)
542010,2023Q1,420,10,1,Female,Head,Primary,MIXED FARMER ( GROWING OF CROPS AND REARING ANIMALS,Private Informal,Other land / farm.,44,Mole-Dagbani,Bono East,Widowed
742010,2023Q3,420,10,3,Male,Child (Son/Daughter),Primary,MIXED FARMER (GROWING OF CROPS AND REARING ANIMALS),Private Informal,Other land / farm.,18,Mole-Dagbani,Bono East,Never married
142009,2022Q1,420,9,3,Male,Child (Son/Daughter),JSS/JHS,MIXED FARMER ( GROWING CROPS AND REARING ANIMALS),Private Informal,Other land / farm.,18,Mole-Dagbani,,Never married
142009,2022Q1,420,9,4,Male,Child (Son/Daughter),SSS/SHS,MIXED FARMER ( GROWING CROPS AND REARING ANIMALS),Private Informal,Other land / farm.,18,Mole-Dagbani,,Never married
742010,2023Q3,420,10,2,Male,Child (Son/Daughter),SSS/SHS,MIXED FARMER (GROWING OF CROPS AND REARING OF ANIMALS),Private Informal,Other land / farm.,24,Mole-Dagbani,Bono East,Divorced
742011,2023Q3,420,11,2,Female,Head,0,MIXED FARMER (GROWING OF CROPS AND REARING ANIMALS),Private Informal,Other land / farm.,40,Mole-Dagbani,Upper West,Married (Customary/Traditional)
142010,2022Q1,420,10,1,Female,Head,Primary,MIXED FARMER ( GROWING CROPS AND REARING ANIMALS),Private Informal,Other land / farm.,43,Mole-Dagbani,Bono East,Widowed
542010,2023Q1,420,10,2,Male,Child (Son/Daughter),SSS/SHS,MIXED FARMER ( MIXED FARMER),Private Informal,Other land / farm.,24,Mole-Dagbani,Bono East,Divorced
142007,2022Q1,420,7,4,Male,Child (Son/Daughter),Primary,MIXED FARMER ( GROWING CROPS AND REARING ANIMALS),Private Informal,Other land / farm.,18,Mole-Dagbani,Northern.,Never married
542011,2023Q1,420,11,2,Female,Spouse (Wife/Husband/Living together),0,MIXED  FARMER  (GROWING OF YAM CASSAVA MAIZE AND REARING ANIMALS),Private Informal,Other land / farm.,39,Mole-Dagbani,Upper West,Married (Customary/Traditional)
142009,2022Q1,420,9,2,Female,Spouse (Wife/Husband/Living together),0,MIXED FARMER ( GROWING CROPS AND REARING ANIMALS),Private Informal,Other land / farm.,49,Mole-Dagbani,Ashanti.,Married (Customary/Traditional)
642010,2023Q2,420,10,2,Male,Child (Son/Daughter),SSS/SHS,MIXED FARMER (GROWING OF CROPS AND REARING ANIMALS),Private Informal,Other land / farm.,24,Mole-Dagbani,Bono East,Divorced
642011,2023Q2,420,11,2,Female,Spouse (Wife/Husband/Living together),0,MIXED FARMER ( GROWING OF CROPS AND REARING OF FARM ANIMALS),Private Informal,Other land / farm.,39,Mole-Dagbani,Upper West,Married (Customary/Traditional)
142007,2022Q1,420,7,2,Female,Spouse (Wife/Husband/Living together),0,MIXED FARMER ( GROWING CROPS AND REARING ANIMALS),Private Informal,Other land / farm.,52,Mole-Dagbani,Northern.,Married (Customary/Traditional)
142009,2022Q1,420,9,1,Male,Head,0,MIXED FARMER ( GROWING CROPS AND REARING ANIMALS),Private Informal,Other land / farm.,52,Mole-Dagbani,Ashanti.,Married (Customary/Traditional)
142007,2022Q1,420,7,3,Male,Child (Son/Daughter),Primary,MIXED FARMER ( GROWING CROPS AND REARING ANIMALS),Private Informal,Other land / farm.,20,Mole-Dagbani,Northern.,Never married
742010,2023Q3,420,10,1,Female,Head,Primary,MIXED FARMER ( GROWING OF CROPS AND REARING OF ANIMALS),Private Informal,Other land / farm.,44,Mole-Dagbani,Bono East,Widowed
142112,2022Q1,421,12,1,Male,Head,0,MAIZE FARMER AND GOAT REARER,Private Informal,Other land / farm.,37,Gurma,Bono East,Married (Customary/Traditional)
342516,2022Q3,425,16,2,Female,Spouse (Wife/Husband/Living together),Primary,MIXED FARMER CULTIVATING GROUNDNUTS PEPPER OKRO AND REARING CHICKEN,Private Informal,Own land / farm,50,Ewe,Volta,Married (Customary/Traditional)
342514,2022Q3,425,14,2,Female,Spouse (Wife/Husband/Living together),JSS/JHS,MIXED FARMER CULTIVATING GROUNDNUTS AND REARING CHICKEN,Private Informal,Own land / farm,25,Ewe,Volta,Informal/living together
342507,2022Q3,425,7,2,Female,Spouse (Wife/Husband/Living together),Primary,MIXED FARMER CULTIVATING MAIZE CASSAVA AND REARING CHICKEN,Private Informal,Own land / farm,32,Ewe,,Informal/living together
342507,2022Q3,425,7,1,Male,Head,0,MIXED FARMER CULTIVATING MAIZE AND CASSAVA AND REARING CHICKEN,Private Informal,Own land / farm,24,Ewe,Greater Accra,Informal/living together
342518,2022Q3,425,18,1,Male,Head,Primary,MIXED FARMER CULTIVATING CASSAVA MAIZE PEPPER TOMATOES AND REARING CHICKEN,Private Informal,Own land / farm,20,Ewe,,Never married
542601,2023Q1,426,1,1,Male,Head,Primary,COCOA FARMER FARMER,Private Informal,Other land / farm.,45,"All Other Tribes (Hausa, Baribari, Zabrama)",,Married (Customary/Traditional)
343606,2022Q3,436,6,2,Female,Spouse (Wife/Husband/Living together),SSS/SHS,MIXED FARMER CULTIVATING MAIZE CASSAVA AND REARING CHICKEN,Private Informal,Own land / farm,49,Ewe,Oti,Informal/living together
343607,2022Q3,436,7,1,Male,Head,Primary,MIXED FARMER CULTIVATING YAM CASSAVA AND REARING GOATS,Private Informal,Other land / farm.,33,Guan,Northern.,Married (Customary/Traditional)
343607,2022Q3,436,7,2,Female,Spouse (Wife/Husband/Living together),Primary,MIXED FARMER CULTIVATING MAIZE CASSAVA YAM AND REARING GOATS AND CHICKEN,Private Informal,Other land / farm.,34,Guan,Northern.,Married (Customary/Traditional)
144201,2022Q1,442,1,1,Male,Head,Primary,CASSAVA FARMER FOR OWN USE,Private Informal,Own land / farm,64,Guan,Oti,Married (Customary/Traditional)
444618,2022Q4,446,18,2,Female,Spouse (Wife/Husband/Living together),0,MIXED FARMER CULTIVATING MAIZE CASSAVA AND REARING GOAT AND CHICKEN,Private Informal,Own land / farm,44,Gurma,,Married (Islamic)
444616,2022Q4,446,16,2,Female,Spouse (Wife/Husband/Living together),0,MIXED FARMER CULTIVATING CASSAVA YAM AND REARING GOATS AND CHICKEN,Private Informal,Own land / farm,35,Gurma,Oti,Married (Customary/Traditional)
444618,2022Q4,446,18,3,Male,Child (Son/Daughter),Primary,MIXED FARMER CULTIVATING YAM AND CASSAVA AND REARING CHICKEN AND CHICKEN,Private Informal,Own land / farm,20,Gurma,,Never married
444617,2022Q4,446,17,4,Male,Child (Son/Daughter),Primary,MIXED FARMER CULTIVATING CASSAVA AND YAM AND REARING CHICKEN,Private Informal,Own land / farm,18,Gurma,,Never married
444618,2022Q4,446,18,1,Male,Head,0,MIXED FARMER CULTIVATING YAM CASSAVA AND REARING GOAT AND CHICKEN,Private Informal,Own land / farm,40,Gurma,Oti,Married (Islamic)
444616,2022Q4,446,16,1,Male,Head,SSS/SHS,MIXED FARMER CULTIVATING CASSAVA YAM AND REARING GOAT AND CHICKEN,Private Informal,Own land / farm,40,Gurma,,Married (Customary/Traditional)
444617,2022Q4,446,17,1,Male,Head,0,MIXED FARMER CULTIVATING YAM CASSAVA AND REARING CHICKEN,Private Informal,Own land / farm,60,Gurma,,Married (Customary/Traditional)
444617,2022Q4,446,17,3,Male,Child (Son/Daughter),Primary,MIXED FARMER CULTIVATING YAM CASSAVA AND REARING CHICKEN,Private Informal,Own land / farm,21,Gurma,,Never married
444715,2022Q4,447,15,2,Female,Spouse (Wife/Husband/Living together),Primary,MIXED FARMER CULTIVATING YAM CASSAVA AND MAIZE  AND REARING CHICKEN,Private Informal,Own land / farm,49,Gurma,Oti,Married (Customary/Traditional)
444717,2022Q4,447,17,2,Female,Spouse (Wife/Husband/Living together),SSS/SHS,MIXED CROP FARMER CULTIVATING CASSAVA AND YAM,Private Informal,Own land / farm,22,Gurma,Oti,Married (Customary/Traditional)
444716,2022Q4,447,16,2,Female,Spouse (Wife/Husband/Living together),Primary,MIXED FARMER CULTIVATING CASSAVA MAIZE AND YAM REARING CHICKEN,Private Informal,Own land / farm,32,Gurma,Northern.,Married (Customary/Traditional)
444718,2022Q4,447,18,1,Male,Head,JSS/JHS,MIXED FARMER CULTIVATING YAM GROUNDNUTS AND REARING DOGS,Private Informal,Own land / farm,28,Gurma,,Informal/living together
444715,2022Q4,447,15,8,Female,Parent,0,MIXED FARMER CULTIVATING MAIZE CASSAVA YAM AND REARING CHICKEN,Private Informal,Own land / farm,72,Gurma,Northern.,Widowed
444718,2022Q4,447,18,2,Female,Spouse (Wife/Husband/Living together),JSS/JHS,MIXED FARMER CULTIVATING MAIZE CASSAVA AND REARING DOGS,Private Informal,Own land / farm,21,Gurma,,Married (Islamic)
444717,2022Q4,447,17,1,Male,Head,SSS/SHS,MIXED CROP FARMER CULTIVATING CASSAVA AND YAM,Private Informal,Own land / farm,32,Gurma,Greater Accra,Married (Customary/Traditional)
444917,2022Q4,449,17,1,Male,Head,0,CATTLE FARMER (REARER),Private Informal,Other land / farm.,54,,Outside Ghana (specify country),Married (Islamic)
747812,2023Q3,478,12,1,Male,Head,0,MIXED CROP FARMER AND LIVESTOCK,Private Informal,Own land / farm,23,Mole-Dagbani,,Married (Islamic)
747812,2023Q3,478,12,2,Female,Spouse (Wife/Husband/Living together),0,MIXED CROP FARMER AND LIVESTOCK,Private Informal,Own land / farm,20,,Outside Ghana (specify country),Married (Islamic)
448710,2022Q4,487,10,7,Female,Spouse (Wife/Husband/Living together),SSS/SHS,MIXED CROP FARMER BAMBARA BEANS,Private Informal,Own land / farm,25,Mole-Dagbani,,Married (Customary/Traditional)
148706,2022Q1,487,6,2,Female,Spouse (Wife/Husband/Living together),0,"MIXED CROP FARMER ,MILLET FARMER",Private Informal,Other land / farm.,55,Mole-Dagbani,Upper West,Married (Customary/Traditional)
449003,2022Q4,490,3,1,Male,Head,JSS/JHS,MIXED CROP FARMER (RICE AND YAM),Private Informal,Own land / farm,34,Guan,Savannah,Married (Islamic)
449004,2022Q4,490,4,1,Male,Head,0,"MIXED CROP FARMER (YAM,MAIZE,POTATOES)",Private Informal,Other land / farm.,54,Guan,,Married (Islamic)
449014,2022Q4,490,14,1,Male,Head,0,"MIXED CROP FARMER (MAIZE,MILLET,YAM)",Private Informal,Own land / farm,57,Guan,Savannah,Married (Islamic)
449014,2022Q4,490,14,6,Male,Child (Son/Daughter),Primary,"MIXED CROP FARMER (YAM, MILLET,MAIZE)",Private Informal,Own land / farm,34,Guan,,Never married
449015,2022Q4,490,15,1,Male,Head,0,"MIXED CROP FARMER (MAIZE,GROUNDNUT, MILLET)",Private Informal,Other land / farm.,46,Mole-Dagbani,Savannah,Married (Islamic)
349614,2022Q3,496,14,1,Male,Head,Primary,MIXED CROP FARMER AND LIVESTOCK,Private Informal,Own land / farm,63,Guan,,Married (Islamic)
350806,2022Q3,508,6,1,Male,Head,0,FISH FARMER (FISHERMAN),Private Informal,River / Ocean,40,Ga-Dangme,Savannah,Married (Customary/Traditional)
451007,2022Q4,510,7,2,Female,Spouse (Wife/Husband/Living together),0,MIXED CROP FARMER AND LIVESTOCK,Private Informal,Own land / farm,53,Guan,Savannah,Married (Islamic)
451007,2022Q4,510,7,3,Male,Child (Son/Daughter),0,MIXED CROP FARMER AND LIVESTOCK,Private Informal,Own land / farm,18,Guan,,Never married
353807,2022Q3,538,7,1,Male,Head,JSS/JHS,A FARMER WHO GROW CEREAL CROPS,Private Informal,Own land / farm,35,Mole-Dagbani,,Married (Customary/Traditional)
753807,2023Q3,538,7,1,Male,Head,JSS/JHS,"A FARMER WHO GROW MILLET, MAIZE, RICE AND GROUNDNUT",Private Informal,Own land / farm,36,Mole-Dagbani,,Married (Customary/Traditional)
453803,2022Q4,538,3,1,Male,Head,Tertiary - Post graduate certificate / diploma,A FARMER WHO GROW CEREAL CROPS,Private Informal,Own land / farm,30,Mole-Dagbani,,Married (Islamic)
453807,2022Q4,538,7,1,Male,Head,JSS/JHS,A FARMER WHO GROW CEREAL CROPS,Private Informal,Own land / farm,35,Mole-Dagbani,,Married (Customary/Traditional)
553807,2023Q1,538,7,1,Male,Head,JSS/JHS,"A FARMER WHO GROW MAIZE, GROUNDNUT AND RICE",Private Informal,Own land / farm,36,Mole-Dagbani,,Married (Customary/Traditional)
553803,2023Q1,538,3,1,Male,Head,Tertiary - Post graduate certificate / diploma,A FARMER WHO GROW CEREAL CROPS,Private Informal,Own land / farm,30,Mole-Dagbani,,Married (Islamic)
353906,2022Q3,539,6,2,Female,Spouse (Wife/Husband/Living together),Primary,"MIXED CROP FARMER (RICE, MAIZE, PEPPER ETC)",Private Informal,Other land / farm.,33,Grusi,,Married (Customary/Traditional)
553908,2023Q1,539,8,1,Male,Head,SSS/SHS,"A FARMER WHO GROW MAIZE, SOYA BEANS, GROUNDNUT AND MILLET",Private Informal,Own land / farm,52,Mande,,Married (Islamic)
753908,2023Q3,539,8,1,Male,Head,SSS/SHS,"A FARMER WHO GROW MAIZE, RICE AND GROUNDNUT",Private Informal,Own land / farm,53,Mande,,Married (Islamic)
653908,2023Q2,539,8,1,Male,Head,SSS/SHS,A FARMER WHO GROW MAIZE AND GROUNDNUT,Private Informal,Own land / farm,53,Mande,,Married (Islamic)
354005,2022Q3,540,5,1,Female,Head,0,A FARMER WHO CULTIVATE CEREAL CROPS,Private Informal,Own land / farm,79,Mole-Dagbani,,Widowed
554413,2023Q1,544,13,1,Male,Head,JSS/JHS,"A FARMER WHO CULTIVATE RICE,GROUNDNUT,MAIZE AND MILLET",Private Informal,Own land / farm,49,Mole-Dagbani,Western,Married (Customary/Traditional)
654413,2023Q2,544,13,1,Male,Head,JSS/JHS,"A FARMER WHO GROW MAIZE, MILLET, RICE AND GROUNDNUT",Private Informal,Own land / farm,49,Mole-Dagbani,Western,Married (Customary/Traditional)
654413,2023Q2,544,13,2,Female,Spouse (Wife/Husband/Living together),Primary,A FARMER WHO GROW RICE AND GROUNDNUT,Private Informal,Own land / farm,46,Mole-Dagbani,Greater Accra,Married (Customary/Traditional)
754413,2023Q3,544,13,1,Male,Head,JSS/JHS,"A FARMER WHO GROW MAIZE, MILLET, GROUNDNUT AND RICE",Private Informal,Own land / farm,49,Mole-Dagbani,Western,Married (Customary/Traditional)
354512,2022Q3,545,12,2,Male,Child (Son/Daughter),JSS/JHS,A FARMER WHO GROWS CEREAL CROPS,Private Informal,Own land / farm,37,Mole-Dagbani,,Married (Customary/Traditional)
554510,2023Q1,545,10,2,Male,Child (Son/Daughter),Primary,"A FARMER WHO GROW MILLET, MAIZE AND GROUNDNUT",Private Informal,Own land / farm,38,Mole-Dagbani,,Never married
354509,2022Q3,545,9,1,Male,Head,Primary,A FARMER WHO CULTIVATE CEREAL CROPS,Private Informal,Own land / farm,30,Mole-Dagbani,,Married (Customary/Traditional)
354512,2022Q3,545,12,1,Female,Head,0,A FARMER WHO CULTIVATE CEREAL CROPS,,,61,Mole-Dagbani,Upper East,Widowed
354510,2022Q3,545,10,2,Male,Child (Son/Daughter),Primary,A FARMER WHO CULTIVATE CEREAL CROPS,Private Informal,Own land / farm,37,Mole-Dagbani,,Never married
654510,2023Q2,545,10,1,Female,Head,0,"A FARMER WHO GROW MILLET, GROUNDNUT AND GUINEA CORN",Private Informal,Own land / farm,58,Mole-Dagbani,,Widowed
654510,2023Q2,545,10,2,Male,Child (Son/Daughter),Primary,"A FARMER WHO GROW MILLET, MAIZE  AND GROUNDNUT",Private Informal,Own land / farm,38,Mole-Dagbani,,Never married
654518,2023Q2,545,18,2,Male,Child (Son/Daughter),SSS/SHS,"A FARMER WHO GROW MILLET,MAIZE AND GROUNDNUT",Private Informal,Own land / farm,31,Mole-Dagbani,,Never married
354510,2022Q3,545,10,1,Female,Head,0,"A FARMER WHO CULTIVATE MILLET, MAIZE ,BEANS AND GROUNDNUT",Private Informal,Own land / farm,57,Mole-Dagbani,,Widowed
354509,2022Q3,545,9,5,Female,Parent,0,A FARMER WHO CULTIVATE CEREAL CROPS,Private Informal,Own land / farm,63,Mole-Dagbani,,Widowed
354502,2022Q3,545,2,1,Male,Head,JSS/JHS,A FARMER WHO CULTIVATE CEREAL CROPS,,,47,Mole-Dagbani,,Married (Customary/Traditional)
754518,2023Q3,545,18,2,Male,Child (Son/Daughter),SSS/SHS,"A FARMER WHO GROW MAIZE, MILLET AND GROUNDNUT",Private Informal,Own land / farm,31,Mole-Dagbani,,Never married
555007,2023Q1,550,7,1,Male,Head,0,"MIXED CROP FARMER (MAIZE, SOYA BEANS)",Private Informal,Own land / farm,33,Mole-Dagbani,,Married (Islamic)
555007,2023Q1,550,7,2,Female,Spouse (Wife/Husband/Living together),Primary,"MIXED CROP FARMER (MAIZE, SOYA BEANS)",Private Informal,Own land / farm,26,Mole-Dagbani,,Married (Islamic)
455114,2022Q4,551,14,7,Female,Spouse (Wife/Husband/Living together),JSS/JHS,"MIXED CROP FARMER (MAIZE, BEANS, BAMBARA BEANS ETC)",Private Informal,Own land / farm,27,Gurma,Ashanti.,Married (Islamic)
455114,2022Q4,551,14,2,Female,Spouse (Wife/Husband/Living together),Primary,"MIXED CROP FARMER (MAIZE, BEANS, BAMBARA BEANS ETC)",Private Informal,Own land / farm,35,Gurma,Upper East,Married (Islamic)
455111,2022Q4,551,11,2,Female,Spouse (Wife/Husband/Living together),0,"MIXED CROP FARMER (MAIZE,  BEANS,  BAMBARA BEANS ETC)",Private Informal,Own land / farm,42,Mole-Dagbani,Upper East,Married (Customary/Traditional)
455114,2022Q4,551,14,3,Male,Child (Son/Daughter),0,"MIXED CROP FARMER (MAIZE, BEANS, BAMBARA BEANS ETC)",Private Informal,Own land / farm,21,Mande,,Never married
455114,2022Q4,551,14,1,Male,Head,0,"MIXED CROP FARMER (MAIZE, BEANS, BAMBARA BEANS ETC)",Private Informal,Own land / farm,42,Mande,,Married (Islamic)
355319,2022Q3,553,19,1,Male,Head,SSS/SHS,A FARMER WHO GROW CEREAL CROPS,Private Informal,Own land / farm,43,Mole-Dagbani,,Married (Customary/Traditional)
555308,2023Q1,553,8,1,Male,Head,SSS/SHS,"A FARMER WHO GROW RICE,MAIZE AND GROUNDNUT",Private Informal,Own land / farm,36,Mole-Dagbani,,Married (Customary/Traditional)
355318,2022Q3,553,18,1,Female,Head,0,A FARMER WHO GROW CEREAL CROPS,Private Informal,Own land / farm,57,Mole-Dagbani,,Widowed
555308,2023Q1,553,8,2,Female,Spouse (Wife/Husband/Living together),SSS/SHS,"A FARMER WHO GROW MAIZE, RICE AND GROUNDNUT",Private Informal,Own land / farm,29,Mole-Dagbani,,Married (Customary/Traditional)
655308,2023Q2,553,8,2,Female,Spouse (Wife/Husband/Living together),SSS/SHS,"A FARMER WHO GROW MILLET, RICE AND GROUNDNUT",Private Informal,Own land / farm,29,Mole-Dagbani,,Married (Customary/Traditional)
555322,2023Q1,553,22,1,Male,Head,JSS/JHS,"A FARMER WHO GROW MAIZE, MILLET, GROUNDNUT AND RICE",Private Informal,Own land / farm,41,Mole-Dagbani,,Married (Customary/Traditional)
355319,2022Q3,553,19,9,Female,Parent,0,A FARMER WHO GROW CEREAL CROPS,Private Informal,Own land / farm,80,Mole-Dagbani,,Widowed
355322,2022Q3,553,22,1,Male,Head,JSS/JHS,A FARMER WHO GROW CEREAL CROPS,Private Informal,Own land / farm,40,Mole-Dagbani,,Married (Customary/Traditional)
655308,2023Q2,553,8,1,Male,Head,SSS/SHS,"A FARMER WHO GROW MILLET, MAIZE, RICE AND GROUNDNUT",Private Informal,Own land / farm,36,Mole-Dagbani,,Married (Customary/Traditional)
655319,2023Q2,553,19,1,Male,Head,SSS/SHS,"A FARMER WHO GROW MILLET, GROUNDNUT AND MAIZE",Private Informal,Own land / farm,44,Mole-Dagbani,,Married (Customary/Traditional)
755308,2023Q3,553,8,1,Male,Head,SSS/SHS,"A FARMER WHO GROW RICE,MILLET, MAIZE AND GROUNDNUT",Private Informal,Own land / farm,36,Mole-Dagbani,,Married (Customary/Traditional)
755319,2023Q3,553,19,1,Male,Head,SSS/SHS,"A FARMER WHO CULTIVATE  MILLET, MAIZE, GROUNDNUT AND RICE",Private Informal,Own land / farm,44,Mole-Dagbani,,Married (Customary/Traditional)
555319,2023Q1,553,19,1,Male,Head,SSS/SHS,"A FARMER WHO GROW GROUNDNUT, MAIZE,MILLET,RICE AND BEANS",Private Informal,Own land / farm,44,Mole-Dagbani,,Married (Customary/Traditional)
755322,2023Q3,553,22,2,Female,Spouse (Wife/Husband/Living together),Primary,"A FARMER WHO GROW MILLET, MAIZE, GROUNDNUT AND RICE",Private Informal,Own land / farm,40,Mole-Dagbani,,Married (Customary/Traditional)
655408,2023Q2,554,8,2,Female,Spouse (Wife/Husband/Living together),JSS/JHS,"A FARMER WHO GROW MAIZE, RICE AND GROUNDNUT",Private Informal,Own land / farm,32,Grusi,,Married (Customary/Traditional)
555406,2023Q1,554,6,1,Male,Head,Primary,"A FARMER WHO CULTIVATE RICE, MAIZE AND GROUNDNUT",Private Informal,Own land / farm,50,Grusi,,Married (Customary/Traditional)
655406,2023Q2,554,6,1,Male,Head,Primary,"A FARMER WHO GROW MAIZE, RICE AND GROUNDNUT",Private Informal,Own land / farm,50,Grusi,,Married (Customary/Traditional)
755407,2023Q3,554,7,1,Female,Head,0,"A FARMER WHO CULTIVATE MAIZE, MILLET, GROUNDNUT AND RICE",Private Informal,Own land / farm,49,Grusi,,Widowed
655407,2023Q2,554,7,1,Female,Head,0,"A FARMER WHO GROW MAIZE,RICE AND GROUNDNUT",Private Informal,Own land / farm,48,Grusi,,Widowed
555409,2023Q1,554,9,1,Male,Head,0,"A FARMER WHO CULTIVATE RICE,MAIZE ,BEANS,MALLET,GROUNDNUT AND GUINEA CORN",Private Informal,Own land / farm,63,Grusi,,Married (Customary/Traditional)
355417,2022Q3,554,17,1,Male,Head,JSS/JHS,A FARMER WHO GROW CEREAL CROPS,Private Informal,Own land / farm,44,Grusi,,Married (Customary/Traditional)
755406,2023Q3,554,6,1,Male,Head,Primary,"A FARMER WHO GROW RICE,MAIZE, MILLET AND GROUNDNUT",Private Informal,Own land / farm,51,Grusi,,Married (Customary/Traditional)
755409,2023Q3,554,9,1,Male,Head,0,"A FARMER WHO GROW MAIZE, GROUNDNUT AND GUINEA CORN",Private Informal,Own land / farm,64,Grusi,,Married (Customary/Traditional)
355418,2022Q3,554,18,2,Female,Spouse (Wife/Husband/Living together),0,A FARMER WHO GROW CEREAL CROPS,Private Informal,Own land / farm,43,Grusi,,Married (Customary/Traditional)
655409,2023Q2,554,9,1,Male,Head,0,"A FARMER WHO GROW MAIZE MILLET ,GROUNDNUT AND GUINEA CORN",Private Informal,Own land / farm,63,Grusi,,Married (Customary/Traditional)
755408,2023Q3,554,8,2,Female,Spouse (Wife/Husband/Living together),JSS/JHS,"A FARMER WHO CULTIVATE RICE , GROUNDNUT AND MAIZE",Private Informal,Own land / farm,32,Grusi,,Married (Customary/Traditional)
555408,2023Q1,554,8,2,Female,Spouse (Wife/Husband/Living together),JSS/JHS,"A FARMER WHO CULTIVATE RICE , MAIZE AND MILLET",Private Informal,Own land / farm,32,Grusi,,Married (Customary/Traditional)
655406,2023Q2,554,6,2,Female,Spouse (Wife/Husband/Living together),Primary,"A FARMER WHO GROW RICE,MAIZE AND GROUNDNUT",Private Informal,Own land / farm,29,Grusi,,Married (Customary/Traditional)
555407,2023Q1,554,7,1,Female,Head,0,"A FARMER WHO CULTIVATE RICE, MAIZE  AND GROUNDNUT",Private Informal,Own land / farm,48,Grusi,,Widowed
555409,2023Q1,554,9,3,Male,Child (Son/Daughter),SSS/SHS,A FARMER WHO CULTIVATE RICE ONLY,Private Informal,Own land / farm,29,Grusi,,Married (Customary/Traditional)
355416,2022Q3,554,16,1,Male,Head,Primary,A FARMER WHO GROW CEREAL CROPS,Private Informal,Own land / farm,62,Grusi,,Married (Customary/Traditional)
555406,2023Q1,554,6,2,Female,Spouse (Wife/Husband/Living together),Primary,"A FARMER WHO GROW MAIZE, RICE AND GROUNDNUT",Private Informal,Own land / farm,29,Grusi,,Married (Customary/Traditional)
655409,2023Q2,554,9,3,Male,Child (Son/Daughter),SSS/SHS,A FARMER WHO CULTIVATE RICE ONLY,Private Informal,Own land / farm,29,Grusi,,Married (Customary/Traditional)
455512,2022Q4,555,12,2,Female,Parent-in-law,0,"MIXED CROP FARMER (MAIZE, GROUNDNUT)",Private Informal,Own land / farm,35,Grusi,,Married (Customary/Traditional)
455514,2022Q4,555,14,2,Male,Spouse (Wife/Husband/Living together),0,"MIXED CROP FARMER ( MAIZE, GROUNDNUT, MILLET)",Private Informal,Own land / farm,33,Grusi,,Married (Customary/Traditional)
755514,2023Q3,555,14,2,Male,Spouse (Wife/Husband/Living together),Primary,"A FARMER WHO GROW MAIZE, MILLET, GROUNDNUT AND RICE",Private Informal,Own land / farm,33,Grusi,,Married (Customary/Traditional)
155511,2022Q1,555,11,1,Male,Head,0,A FARMER WHO GROW CEREAL CROPS,,Own land / farm,65,Grusi,Bono,Widowed
155501,2022Q1,555,1,1,Female,Head,0,A FARMER WHO GROW CEREAL CROPS,Private Informal,Own land / farm,67,,Outside Ghana (specify country),Widowed
155522,2022Q1,555,22,7,Male,Other relative,0,A FARMER WHO GROW CEREAL CROPS,Private Informal,Own land / farm,52,Grusi,,Widowed
455505,2022Q4,555,5,1,Male,Head,0,"MIXED CROP FARMER (MAIZE,  SOYA BEANS, GROUNDNUT  ETC)",Private Informal,Own land / farm,51,Grusi,,Married (Customary/Traditional)
655513,2023Q2,555,13,1,Male,Head,Primary,"A FARMER WHO GROW MAIZE,MILLET AND GROUNDNUT",Private Informal,Own land / farm,66,Grusi,,Married (Customary/Traditional)
655513,2023Q2,555,13,2,Female,Spouse (Wife/Husband/Living together),Middle,"A FARMER WHO GROW RICE,MILLET AND GROUNDNUT",Private Informal,Own land / farm,54,Grusi,Ashanti.,Married (Customary/Traditional)
155518,2022Q1,555,18,2,Female,Spouse (Wife/Husband/Living together),0,A FARMER WHO GROW CEREAL CROPS,Private Informal,Own land / farm,45,Grusi,,Married (Customary/Traditional)
155517,2022Q1,555,17,1,Female,Head,0,A FARMER WHO GROW CEREAL CROPS,Private Informal,Own land / farm,61,Grusi,Outside Ghana (specify country),Widowed
455505,2022Q4,555,5,3,Male,Child (Son/Daughter),SSS/SHS,"MIXED CROP FARMER (MAIZE,  SOYA BEANS, GROUNDNUT  ETC)",Private Informal,Own land / farm,22,Grusi,,Never married
155513,2022Q1,555,13,1,Male,Head,0,A FARMER WHO CULTIVATE CEREAL CROPS,Private Informal,Own land / farm,65,Grusi,,Married (Customary/Traditional)
455513,2022Q4,555,13,1,Male,Head,0,"MIXED CROP FARMER (MAIZE, GROUNDNUT, MILLET)",Private Informal,Own land / farm,66,Grusi,,Married (Customary/Traditional)
755513,2023Q3,555,13,2,Female,Spouse (Wife/Husband/Living together),Middle,"A FARMER WHO GROW MILLET, MAIZE AND GROUNDNUT",Private Informal,Own land / farm,55,Grusi,Ashanti.,Married (Customary/Traditional)
455506,2022Q4,555,6,1,Female,Head,0,"MIXED CROP FARMER (MAIZE,  SOYA BEANS, GROUNDNUT  ETC)",Private Informal,Own land / farm,44,Grusi,Outside Ghana (specify country),Married (Customary/Traditional)
155516,2022Q1,555,16,1,Male,Head,0,A FARMER WHO GROW CEREAL CROPS,,Own land / farm,68,Grusi,Eastern,Married (Customary/Traditional)
655514,2023Q2,555,14,2,Male,Spouse (Wife/Husband/Living together),Primary,"A FARMER WHO GROW MAIZE,MILLET, RICE AND GROUNDNUT",Private Informal,Own land / farm,33,Grusi,,Married (Customary/Traditional)
555513,2023Q1,555,13,1,Male,Head,Primary,A FARMER WHO GROWS CEREAL CROPS,Private Informal,Own land / farm,66,Grusi,,Married (Customary/Traditional)
655512,2023Q2,555,12,1,Male,Head,0,"A FARMER WHO GROW MILLET, MAIZE AND GROUNDNUT",Private Informal,Own land / farm,62,Grusi,,Married (Customary/Traditional)
155504,2022Q1,555,4,1,Female,Head,0,"A FARMER WHO GROWS MILLET,GROUNDNUT,MAIZE AND RICE",,Own land / farm,59,Grusi,Outside Ghana (specify country),Widowed
455511,2022Q4,555,11,2,Female,Child (Son/Daughter),SSS/SHS,"MIXED CROP FARMER (MAIZE, GROUNDNUT, MILLET)",Private Informal,Home,22,Grusi,,Never married
155509,2022Q1,555,9,1,Male,Head,0,A FARMER WHO GROW CEREAL CROPS,Private Informal,Own land / farm,46,Grusi,,Married (Customary/Traditional)
455509,2022Q4,555,9,1,Male,Head,0,"MIXED CROP FARMER (MAIZE,  SOYA BEANS, GROUNDNUT  ETC)",Private Informal,Own land / farm,47,Grusi,,Married (Customary/Traditional)
155518,2022Q1,555,18,1,Male,Head,Primary,A FARMER WHO GROW CEREAL CROPS,Private Informal,Own land / farm,50,Grusi,,Married (Customary/Traditional)
155522,2022Q1,555,22,1,Male,Head,JSS/JHS,A FARMER WHO GROW CEREAL CROPS,Private Informal,Own land / farm,25,Grusi,,Married (Customary/Traditional)
155515,2022Q1,555,15,2,Female,Spouse (Wife/Husband/Living together),0,A FARMER WHO GROW CEREAL CROPS,,Own land / farm,75,Grusi,,Married (Customary/Traditional)
455507,2022Q4,555,7,4,Female,Parent-in-law,JSS/JHS,"MIXED CROP FARMER (MAIZE,  SOYA BEANS, GROUNDNUT  ETC)",Private Informal,Own land / farm,24,Grusi,,Married (Customary/Traditional)
755514,2023Q3,555,14,9,Male,Other relative,Primary,"A FARMER WHO GROW MILLET, GROUNDNUT AND RICE",Private Informal,Own land / farm,22,Grusi,,Never married
455508,2022Q4,555,8,1,Female,Head,0,"MIXED CROP FARMER (MAIZE,  SOYA BEANS, GROUNDNUT  ETC)",Private Informal,Own land / farm,49,,Outside Ghana (specify country),Married (Customary/Traditional)
155504,2022Q1,555,4,2,Male,Child (Son/Daughter),Primary,A FARMER WHO GROW CEREAL CROPS,,Own land / farm,36,Grusi,Greater Accra,Married (Customary/Traditional)
155507,2022Q1,555,7,1,Female,Head,Primary,A FARMER WHO GROW CEREAL CROPS,,Own land / farm,53,Grusi,Western North,Widowed
155514,2022Q1,555,14,2,Male,Spouse (Wife/Husband/Living together),0,A FARMER WHO GROW CEREAL CROPS,,Own land / farm,32,Grusi,,Married (Customary/Traditional)
155516,2022Q1,555,16,6,Female,Daughter in-law,0,A FARMER WHO GROW CEREAL CROPS,Private Informal,Own land / farm,50,Grusi,,Married (Customary/Traditional)
155505,2022Q1,555,5,1,Male,Head,0,A FARMER WHO GROW CEREAL CROPS,,Own land / farm,50,Grusi,,Married (Customary/Traditional)
455509,2022Q4,555,9,2,Female,Spouse (Wife/Husband/Living together),0,"MIXED CROP FARMER (MAIZE,  SOYA BEANS, GROUNDNUT  ETC)",Private Informal,Own land / farm,33,Grusi,Greater Accra,Married (Customary/Traditional)
155512,2022Q1,555,12,1,Male,Head,0,A FARMER WHO CULTIVATE CEREAL CROPS,Private Informal,Own land / farm,60,Grusi,,Married (Customary/Traditional)
455507,2022Q4,555,7,1,Female,Head,Primary,"MIXED CROP FARMER (MAIZE,  SOYA BEANS, GROUNDNUT  ETC)",Private Informal,Own land / farm,54,Grusi,Western North,Widowed
155516,2022Q1,555,16,2,Female,Spouse (Wife/Husband/Living together),0,A FARMER WHO GROW CEREAL CROPS,,Own land / farm,66,Grusi,Western,Married (Customary/Traditional)
555504,2023Q1,555,4,2,Male,Child (Son/Daughter),Primary,A FARMER WHO GROW CEREAL CROPS,Private Informal,Own land / farm,37,Grusi,Greater Accra,Married (Customary/Traditional)
655512,2023Q2,555,12,2,Female,Parent-in-law,0,A FARMER WHO GROW MILLET AND GROUNDNUT,Private Informal,Own land / farm,35,Grusi,,Married (Customary/Traditional)
555512,2023Q1,555,12,1,Male,Head,0,A FARMER WHO GROW CEREAL CROPS,Private Informal,Own land / farm,61,Grusi,,Married (Customary/Traditional)
155509,2022Q1,555,9,9,Female,Brother/Sister,0,A FARMER WHO GROWS OKRO AND PEPPER,Private Informal,Own land / farm,45,Grusi,Ashanti.,Widowed
155513,2022Q1,555,13,2,Female,Spouse (Wife/Husband/Living together),Middle,A FARMER WHO GROW CEREAL CROPS,Private Informal,Own land / farm,53,Grusi,Ashanti.,Married (Customary/Traditional)
455508,2022Q4,555,8,5,Female,Daughter in-law,JSS/JHS,"MIXED CROP FARMER (MAIZE,  SOYA BEANS, GROUNDNUT  ETC)",Private Informal,Own land / farm,27,Grusi,Bono East,Married (Customary/Traditional)
155514,2022Q1,555,14,8,Male,Other relative,JSS/JHS,A FARMER WHO GROW PEPPER AND TOMATOES,Private Informal,Own land / farm,27,Grusi,,Never married
555514,2023Q1,555,14,2,Male,Spouse (Wife/Husband/Living together),Primary,A FARMER WHO GROW CEREAL CROPS,Private Informal,Own land / farm,33,Grusi,,Married (Customary/Traditional)
455513,2022Q4,555,13,2,Female,Spouse (Wife/Husband/Living together),Middle,"MIXED CROP FARMER (MAIZE, GROUNDNUT, MILLET",Private Informal,Own land / farm,54,Grusi,Ashanti.,Married (Customary/Traditional)
755512,2023Q3,555,12,2,Female,Parent-in-law,0,"A FARMER WHO GROW MILLET, GROUNDNUT AND RICE",Private Informal,Own land / farm,36,Grusi,,Married (Customary/Traditional)
555512,2023Q1,555,12,2,Female,Parent-in-law,0,A FARMER WHO GROW CEREAL CROPS,Private Informal,Own land / farm,35,Grusi,,Married (Customary/Traditional)
755513,2023Q3,555,13,1,Male,Head,Primary,"A FARMER WHO GROW MILLET,GROUNDNUT AND RICE",Private Informal,Own land / farm,67,Grusi,,Married (Customary/Traditional)
455509,2022Q4,555,9,9,Female,Brother/Sister,0,"MIXED CROP FARMER (MAIZE,  SOYA BEANS, GROUNDNUT  ETC)",Private Informal,Own land / farm,46,Grusi,Ashanti.,Widowed
155515,2022Q1,555,15,1,Male,Head,0,A FARMER WHO GROW CEREAL CROPS,,Own land / farm,88,Grusi,,Married (Customary/Traditional)
455505,2022Q4,555,5,2,Female,Spouse (Wife/Husband/Living together),0,"MIXED CROP FARMER (MAIZE,  SOYA BEANS, GROUNDNUT  ETC)",Private Informal,Own land / farm,44,Grusi,,Married (Customary/Traditional)
455505,2022Q4,555,5,9,Female,Parent-in-law,JSS/JHS,"MIXED CROP FARMER (MAIZE,  SOYA BEANS, GROUNDNUT  ETC)",Private Informal,Own land / farm,18,Grusi,,Married (Customary/Traditional)
755512,2023Q3,555,12,1,Male,Head,0,A FARMER WHO GROW MAIZE AND GROUNDNUT,Private Informal,Own land / farm,62,Grusi,,Married (Customary/Traditional)
655504,2023Q2,555,4,2,Male,Child (Son/Daughter),Primary,"A FARMER WHO CULTIVATE MILLET, MAIZE AND GROUNDNUT",Private Informal,Own land / farm,37,Grusi,Greater Accra,Married (Customary/Traditional)
555614,2023Q1,556,14,1,Female,Head,Primary,A FARMER WHO GROW CEREAL CROPS,Private Informal,Own land / farm,27,,Outside Ghana (specify country),Married (Customary/Traditional)
455613,2022Q4,556,13,2,Female,Spouse (Wife/Husband/Living together),Primary,"MIXED CROP FARMER (GROUNDNUT, PEPPER, MILLET ETC)",Private Informal,Own land / farm,35,Mole-Dagbani,Upper East,Married (Customary/Traditional)
755611,2023Q3,556,11,2,Female,Spouse (Wife/Husband/Living together),Primary,"A FARMER WHO GROW MAIZE, GROUNDNUT AND RICE",Private Informal,Own land / farm,48,,Outside Ghana (specify country),Married (Customary/Traditional)
455612,2022Q4,556,12,2,Female,Spouse (Wife/Husband/Living together),Primary,"MIXED CROP FARMER (GROUNDNUT, PEPPER, MILLET ETC)",Private Informal,Own land / farm,33,Mole-Dagbani,Upper East,Married (Customary/Traditional)
655611,2023Q2,556,11,1,Male,Head,Primary,"A FARMER WHO GROW MAIZE, MILLET, RICE AND GROUNDNUT",Private Informal,Own land / farm,52,Grusi,Central.,Married (Customary/Traditional)
755613,2023Q3,556,13,1,Male,Head,JSS/JHS,"A FARMER WHO GROW MILLET, MAIZE AND GROUNDNUT",Private Informal,Own land / farm,39,Grusi,,Married (Customary/Traditional)
655613,2023Q2,556,13,1,Male,Head,JSS/JHS,"A FARMER WHO GROW MAIZE, MILLET AND GROUNDNUT",Private Informal,Own land / farm,38,Grusi,,Married (Customary/Traditional)
255602,2022Q2,556,2,1,Female,Head,Primary,A FARMER WHO GROW CEREAL CROPS,Private Informal,Own land / farm,42,Grusi,Upper East,Widowed
455613,2022Q4,556,13,1,Male,Head,JSS/JHS,"MIXED CROP FARMER (GROUNDNUT, PEPPER, MILLET ETC)",Private Informal,Own land / farm,38,Grusi,,Married (Customary/Traditional)
755612,2023Q3,556,12,2,Female,Spouse (Wife/Husband/Living together),Primary,"A FARMER WHO GROW MAIZE, GROUNDNUT AND BEANS",Private Informal,Own land / farm,34,Mole-Dagbani,Upper East,Married (Customary/Traditional)
755611,2023Q3,556,11,1,Male,Head,Primary,"A FARMER WHO GROW MILLET, MAIZE, GROUNDNUT AND RICE",Private Informal,Own land / farm,53,Grusi,Central.,Married (Customary/Traditional)
555613,2023Q1,556,13,1,Male,Head,JSS/JHS,A FARMER WHO GROW CEREAL CROPS,Private Informal,Own land / farm,38,Grusi,,Married (Customary/Traditional)
455614,2022Q4,556,14,1,Female,Head,Primary,"MIXED CROP FARMER (GROUNDNUT, PEPPER, MILLET ETC)",Private Informal,Own land / farm,26,,Outside Ghana (specify country),Married (Customary/Traditional)
655611,2023Q2,556,11,2,Female,Spouse (Wife/Husband/Living together),Primary,"A FARMER WHO GROW RICE,BEANS MILLET AND GROUNDNUT",Private Informal,Own land / farm,48,,Outside Ghana (specify country),Married (Customary/Traditional)
755614,2023Q3,556,14,1,Female,Head,Primary,"A FARMER WHO GROW MILLET, MAIZE, GROUNDNUT AND RICE",Private Informal,Own land / farm,27,,Outside Ghana (specify country),Married (Customary/Traditional)
555611,2023Q1,556,11,1,Male,Head,Primary,A FARMER WHO GROW CEREAL CROPS,Private Informal,Own land / farm,52,Grusi,Central.,Married (Customary/Traditional)
455612,2022Q4,556,12,1,Male,Head,Primary,"MIXED CROP FARMER (GROUNDNUT, PEPPER, MILLET ETC)",Private Informal,Own land / farm,37,Grusi,,Married (Customary/Traditional)
555611,2023Q1,556,11,2,Female,Spouse (Wife/Husband/Living together),Primary,A FARMER WHO GROW CEREAL CROPS,Private Informal,Own land / farm,47,,Outside Ghana (specify country),Married (Customary/Traditional)
755612,2023Q3,556,12,1,Male,Head,Primary,"A FARMER WHO CULTIVATE MILLET, BEANS , RICE AND GROUNDNUT",Private Informal,Own land / farm,37,Grusi,,Married (Customary/Traditional)
255613,2022Q2,556,13,1,Male,Head,JSS/JHS,A FARMER WHO GROW CEREAL CROPS,Private Informal,Own land / farm,37,Grusi,,Married (Customary/Traditional)
655612,2023Q2,556,12,2,Female,Spouse (Wife/Husband/Living together),Primary,"A FARMER WHO GROW RICE, GROUNDNUT AND BEANS",Private Informal,Own land / farm,33,Mole-Dagbani,Upper East,Married (Customary/Traditional)
555612,2023Q1,556,12,1,Male,Head,Primary,A FARMER WHO GROW CEREAL CROPS,Private Informal,Own land / farm,37,Grusi,,Married (Customary/Traditional)
255618,2022Q2,556,18,1,Female,Head,Kindergarten,A FARMER WHO GROW CEREAL CROPS,Private Informal,Own land / farm,72,,Outside Ghana (specify country),Widowed
255613,2022Q2,556,13,2,Female,Spouse (Wife/Husband/Living together),Primary,A FARMER WHO GROW CEREAL CROPS,Private Informal,Own land / farm,34,Mole-Dagbani,Upper East,Married (Customary/Traditional)
455611,2022Q4,556,11,2,Female,Spouse (Wife/Husband/Living together),Primary,"MIXED CROP FARMER (GROUNDNUT, PEPPER, MILLET ETC)",Private Informal,Own land / farm,47,,Outside Ghana (specify country),Married (Customary/Traditional)
455611,2022Q4,556,11,1,Male,Head,Primary,"MIXED CROP FARMER (GROUNDNUT, PEPPER, MILLET ETC)",Private Informal,Own land / farm,52,Grusi,Central.,Married (Customary/Traditional)
355705,2022Q3,557,5,1,Male,Head,0,A FARMER WHO GROW CEREAL CROPS,Private Informal,Own land / farm,35,Grusi,Ashanti.,Married (Customary/Traditional)
355814,2022Q3,558,14,1,Male,Head,JSS/JHS,A FARMER WHO GROW CEREAL CROPS,Private Informal,Own land / farm,27,Grusi,Ashanti.,Never married
355807,2022Q3,558,7,2,Female,Spouse (Wife/Husband/Living together),0,A FARMER WHO GROW CEREAL CROPS,Private Informal,Own land / farm,44,Grusi,Ashanti.,Married (Customary/Traditional)
355813,2022Q3,558,13,1,Male,Head,0,A FARMER WHO GROW CEREAL CROPS,Private Informal,Own land / farm,60,Grusi,Ashanti.,Married (Customary/Traditional)
255807,2022Q2,558,7,2,Female,Spouse (Wife/Husband/Living together),0,A FARMER WHO GROW CEREAL CROPS,Private Informal,Own land / farm,44,Grusi,Ashanti.,Married (Customary/Traditional)
255813,2022Q2,558,13,1,Male,Head,0,A FARMER WHO GROW CEREAL CROPS,Private Informal,Own land / farm,60,Grusi,Ashanti.,Married (Customary/Traditional)
355814,2022Q3,558,14,2,Female,Parent,0,A FARMER WHO GROW CEREAL CROPS,Private Informal,Own land / farm,45,Grusi,Upper East,Widowed
355807,2022Q3,558,7,1,Male,Head,0,A FARMER WHO CULTIVATE CEREAL CROPS,Private Informal,Own land / farm,49,Grusi,,Married (Customary/Traditional)
255814,2022Q2,558,14,2,Female,Parent,0,A FARMER WHO GROW CEREAL CROPS,Private Informal,Own land / farm,44,Grusi,Upper East,Widowed
255801,2022Q2,558,1,1,Male,Head,Kindergarten,A FARMER WHO GROW CEREAL,Private Informal,Own land / farm,35,Grusi,Eastern,Married (Customary/Traditional)
255814,2022Q2,558,14,1,Male,Head,JSS/JHS,A FARMER WHO GROW CEREAL CROPS,Private Informal,Own land / farm,26,Grusi,Ashanti.,Never married
255813,2022Q2,558,13,2,Female,Spouse (Wife/Husband/Living together),0,A FARMER WHO GROW CEREAL CROPS,Private Informal,Own land / farm,55,Grusi,Upper East,Married (Customary/Traditional)
355801,2022Q3,558,1,1,Male,Head,Kindergarten,A FARMER WHO GROW CEREAL CROPS,Private Informal,Own land / farm,35,Grusi,Eastern,Married (Customary/Traditional)
255807,2022Q2,558,7,1,Male,Head,0,A FARMER WHO GROW CEREAL CROPS,Private Informal,Own land / farm,49,Grusi,,Married (Customary/Traditional)
355916,2022Q3,559,16,1,Female,Head,0,A FARMER WHO GROW CEREAL CROPS,Private Informal,Own land / farm,65,Mole-Dagbani,Upper East,Widowed
355917,2022Q3,559,17,1,Male,Head,0,A FARMER WHO GROW CEREAL CROPS,Private Informal,Own land / farm,53,Mole-Dagbani,Upper East,Married (Customary/Traditional)
355919,2022Q3,559,19,1,Male,Head,Primary,A FARMER WHO GROW CEREAL CROPS,Private Informal,Own land / farm,49,Mole-Dagbani,Northern.,Married (Customary/Traditional)
556013,2023Q1,560,13,3,Male,Child (Son/Daughter),Primary,A FARMER WHO GROW CEREAL CROPS,Private Informal,Own land / farm,40,Grusi,,Married (Customary/Traditional)
456011,2022Q4,560,11,1,Male,Head,0,"MIXED CROP FARMER (MILLET, BEANS, RICE, GROUNDNUT ETC)",Private Informal,Own land / farm,37,Grusi,,Married (Customary/Traditional)
256002,2022Q2,560,2,2,Female,Spouse (Wife/Husband/Living together),0,A FARMER WHO GROW CEREAL CROPS,Private Informal,Own land / farm,47,Grusi,,Married (Customary/Traditional)
556013,2023Q1,560,13,5,Male,Child (Son/Daughter),Primary,A FARMER WHO GROW CEREAL CROPS,Private Informal,Own land / farm,38,Grusi,,Married (Customary/Traditional)
656011,2023Q2,560,11,1,Male,Head,0,"A FARMER WHO CULTIVATE MILLET, MAIZE AND GROUNDNUT",Private Informal,Own land / farm,37,Grusi,,Married (Customary/Traditional)
656013,2023Q2,560,13,2,Female,Spouse (Wife/Husband/Living together),0,"A FARMER WHO GROW MAIZE, MILLET AND RICE",Private Informal,Own land / farm,52,Grusi,,Married (Customary/Traditional)
256008,2022Q2,560,8,1,Female,Head,0,A FARMER WHO GROW CEREAL CROPS,Private Informal,Own land / farm,55,Grusi,,Widowed
556007,2023Q1,560,7,1,Female,Head,Primary,A FARMER WHO GROW CEREAL CROPS,Private Informal,Own land / farm,53,Grusi,,Widowed
756012,2023Q3,560,12,1,Female,Head,Primary,"A FARMER WHO CULTIVATE MILLET,MAIZE, GROUNDNUT AND RICE",Private Informal,Own land / farm,44,Grusi,,Widowed
256002,2022Q2,560,2,1,Male,Head,0,A FARMER WHO GROW CEREAL CROPS,Private Informal,Own land / farm,51,Grusi,,Married (Customary/Traditional)
556011,2023Q1,560,11,1,Male,Head,0,A FARMER WHO GROW CEREAL CROPS,Private Informal,Own land / farm,37,Grusi,,Married (Customary/Traditional)
456012,2022Q4,560,12,1,Female,Head,Primary,"MIXED CROP FARMER (MILLET, BEANS, RICE, GROUNDNUT ETC)",Private Informal,Own land / farm,43,Grusi,,Widowed
456013,2022Q4,560,13,4,Female,Daughter in-law,Primary,"MIXED CROP FARMER (MILLET, BEANS, RICE, GROUNDNUT ETC)",Private Informal,Own land / farm,37,Grusi,,Married (Customary/Traditional)
656013,2023Q2,560,13,5,Male,Child (Son/Daughter),Primary,"A FARMER WHO CULTIVATE RICE, MAIZE AND MILLET",Private Informal,Own land / farm,38,Grusi,,Married (Customary/Traditional)
656013,2023Q2,560,13,3,Male,Child (Son/Daughter),Primary,"A FARMER WHO GROW MAIZE, MILLET AND GROUNDNUT",Private Informal,Own land / farm,40,Grusi,,Married (Customary/Traditional)
456014,2022Q4,560,14,2,Female,Spouse (Wife/Husband/Living together),0,"MIXED CROP FARMER (MILLET, BEANS ETC)",Private Informal,Own land / farm,50,Grusi,,Married (Customary/Traditional)
456014,2022Q4,560,14,1,Male,Head,0,"MIXED CROP FARMER (MILLET, BEANS ETC)",Private Informal,Own land / farm,82,Grusi,,Married (Customary/Traditional)
556012,2023Q1,560,12,1,Female,Head,Primary,A FARMER WHO GROW CEREAL CROPS,Private Informal,Own land / farm,43,Grusi,,Widowed
456011,2022Q4,560,11,2,Female,Spouse (Wife/Husband/Living together),JSS/JHS,"MIXED CROP FARMER (MILLET, BEANS, RICE, GROUNDNUT ETC)",Private Informal,Own land / farm,35,Grusi,,Married (Customary/Traditional)
756013,2023Q3,560,13,3,Male,Child (Son/Daughter),Primary,"A FARMER WHO CULTIVATE GROUNDNUT, MAIZE, MALLET AND BEANS",Private Informal,Own land / farm,40,Grusi,,Married (Customary/Traditional)
756013,2023Q3,560,13,2,Female,Head,0,"A FARMER WHO GROW RICE, MILLET AND MAIZE",Private Informal,Own land / farm,53,Grusi,,Married (Customary/Traditional)
756006,2023Q3,560,6,2,Female,Head,JSS/JHS,"A FARMER WHO CULTIVATE MILLET,MAIZE, OKRO AND RICE",Private Informal,Own land / farm,18,Grusi,,Never married
256007,2022Q2,560,7,1,Female,Head,Primary,A FARMER WHO GROW CEREAL CROPS,Private Informal,Own land / farm,52,Grusi,,Widowed
756007,2023Q3,560,7,1,Female,Head,Primary,"A FARMER WHO CULTIVATE MILLET, MAIZE, BAMBARA BEANS AND GROUNDNUT",Private Informal,Own land / farm,54,Grusi,,Widowed
656007,2023Q2,560,7,1,Female,Head,Primary,"A FARMER WHO GROW MILLET,GROUNDNUT ,BAMBARA BEANS",Private Informal,Own land / farm,53,Grusi,,Widowed
556013,2023Q1,560,13,2,Female,Spouse (Wife/Husband/Living together),0,A FARMER WHO GROW CEREAL CROPS,Private Informal,Own land / farm,52,Grusi,,Married (Customary/Traditional)
456013,2022Q4,560,13,2,Female,Spouse (Wife/Husband/Living together),0,"MIXED CROP FARMER (MILLET, BEANS, RICE, GROUNDNUT ETC)",Private Informal,Own land / farm,52,Grusi,,Married (Customary/Traditional)
456013,2022Q4,560,13,3,Male,Child (Son/Daughter),Primary,"MIXED CROP FARMER (MILLET, BEANS, RICE, GROUNDNUT ETC)",Private Informal,Own land / farm,39,Grusi,,Married (Customary/Traditional)
656012,2023Q2,560,12,1,Female,Head,Primary,"A FARMER WHO GROW MAIZE, MILLET AND GROUNDNUT",Private Informal,Own land / farm,43,Grusi,,Widowed
756011,2023Q3,560,11,1,Male,Head,0,"A FARMER WHO CULTIVATE MILLET,MAIZE, RICE AND GROUNDNUT",Private Informal,Own land / farm,38,Grusi,,Married (Customary/Traditional)
456013,2022Q4,560,13,5,Male,Child (Son/Daughter),Primary,"MIXED CROP FARMER (MILLET, BEANS, RICE, GROUNDNUT ETC)",Private Informal,Own land / farm,37,Grusi,,Married (Customary/Traditional)
256008,2022Q2,560,8,2,Male,Child (Son/Daughter),Tertiary - HND,A FARMER WHO GROW CEREAL CROPS,Private Informal,Own land / farm,29,Grusi,,Married (Customary/Traditional)
456103,2022Q4,561,3,2,Female,Spouse (Wife/Husband/Living together),0,"MIXED CROP FARMER (MILLET, BEANS, MAIZE, GROUNDNUT ETC)",Private Informal,Own land / farm,46,Grusi,,Married (Islamic)
156111,2022Q1,561,11,4,Female,Parent,0,A FARMER WHO GROW CEREAL CROPS,,Own land / farm,74,Grusi,Savannah,Widowed
156117,2022Q1,561,17,1,Female,Head,0,A FARMER WHO CULTIVATE CEREAL CROPS,,Own land / farm,45,Grusi,Upper East,Widowed
156116,2022Q1,561,16,1,Female,Head,0,A FARMER WHO CULTIVATE CEREAL CROPS,,Own land / farm,53,Grusi,,Widowed
456103,2022Q4,561,3,1,Male,Head,Primary,"MIXED CROP FARMER (MILLET, BEANS, MAIZE, GROUNDNUT ETC)",Private Informal,Own land / farm,52,Grusi,,Married (Islamic)
156107,2022Q1,561,7,1,Male,Head,Primary,A FARMER WHO GROW CEREAL CROPS,,Own land / farm,35,Grusi,,Married (Islamic)
156108,2022Q1,561,8,4,Female,Parent,Primary,A FARMER WHO CULTIVATE CEREAL CROPS AND LIVESTOCK,Private Informal,Own land / farm,58,Grusi,Upper East,Widowed
156110,2022Q1,561,10,3,Female,Parent,0,A FARMER WHO GROW CEREAL CROPS,Private Informal,Own land / farm,73,Grusi,,Widowed
756101,2023Q3,561,1,1,Female,Head,Primary,"A FARMER WHO CULTIVATE MILLET, MAIZE, RICE AND GROUNDNUT",Private Informal,Own land / farm,34,Grusi,,Married (Customary/Traditional)
156109,2022Q1,561,9,2,Female,Spouse (Wife/Husband/Living together),0,A FARMER WHO GROWS CEREAL CROPS,Private Informal,Own land / farm,54,Grusi,,Married (Customary/Traditional)
456104,2022Q4,561,4,2,Female,Spouse (Wife/Husband/Living together),0,"MIXED CROP FARMER (MILLET, BEANS, MAIZE, GROUNDNUT ETC)",Private Informal,Own land / farm,65,Grusi,,Married (Customary/Traditional)
156111,2022Q1,561,11,1,Male,Head,SSS/SHS,A FARMER WHO CULTIVATE CEREAL CROPS,,Own land / farm,48,Grusi,Savannah,Separated
756110,2023Q3,561,10,1,Male,Head,Primary,"A FARMER WHO CULTIVATE MILLET, MAIZE AND GROUNDNUT",Private Informal,Own land / farm,57,Grusi,Ashanti.,Married (Customary/Traditional)
156112,2022Q1,561,12,1,Male,Head,0,A FARMER WHO CULTIVATE CEREAL CROPS AND ALSO KEEP LIVESTOCK FOR SALE,Private Informal,Own land / farm,54,Grusi,,Married (Customary/Traditional)
656101,2023Q2,561,1,1,Female,Head,Primary,"A FARMER WHO GROW MAIZE, MILLET AND GROUNDNUT",Private Informal,Own land / farm,34,Grusi,,Married (Customary/Traditional)
656110,2023Q2,561,10,1,Male,Head,Primary,"A FARMER WHO GROW MILLET, MAIZE AND GROUNDNUT",Private Informal,Own land / farm,57,Mole-Dagbani,Ashanti.,Married (Customary/Traditional)
156106,2022Q1,561,6,1,Male,Head,Primary,A FARMER WHO CULTIVATE CEREAL CROPS,,Own land / farm,33,Grusi,,Married (Customary/Traditional)
556113,2023Q1,561,13,1,Female,Head,0,A FARMER WHO GROW CEREAL CROPS,Private Informal,Own land / farm,47,Grusi,,Widowed
156109,2022Q1,561,9,1,Male,Head,0,A FARMER WHO GROW CEREAL CROPS AND LIVESTOCK,Private Informal,Own land / farm,76,Grusi,,Married (Customary/Traditional)
556107,2023Q1,561,7,1,Male,Head,Primary,A FARMER WHO GROW CEREAL CROPS,Private Informal,Own land / farm,36,Grusi,,Married (Islamic)
756113,2023Q3,561,13,2,Male,Child (Son/Daughter),Primary,"A FARMER WHO GROW MAIZE, MILLET AND GROUNDNUT",Private Informal,Own land / farm,29,Grusi,,Informal/living together
156105,2022Q1,561,5,2,Female,Spouse (Wife/Husband/Living together),0,A FARMER WHO GROW CEREAL CROPS,,Own land / farm,64,Grusi,,Married (Customary/Traditional)
456101,2022Q4,561,1,1,Female,Head,Primary,"MIXED CROP FARMER (MILLET, BEANS, MAIZE, GROUNDNUT ETC)",Private Informal,Own land / farm,33,Grusi,,Married (Customary/Traditional)
656113,2023Q2,561,13,2,Male,Child (Son/Daughter),Primary,"A FARMER WHO GROW MAIZE, MILLET AND GROUNDNUT",Private Informal,Own land / farm,29,Grusi,,Informal/living together
456102,2022Q4,561,2,6,Female,Parent,0,"MIXED CROP FARMER (MILLET, BEANS, MAIZE, GROUNDNUT ETC)",Private Informal,Own land / farm,63,Grusi,,Married (Customary/Traditional)
756107,2023Q3,561,7,1,Male,Head,Primary,"A FARMER WHO CULTIVATE MILLET, MAIZE AND GROUNDNUT",Private Informal,Own land / farm,37,Grusi,,Married (Islamic)
656113,2023Q2,561,13,1,Female,Head,0,"A FARMER WHO GROW MAIZE, MILLET AND GROUNDNUT",Private Informal,Own land / farm,47,Grusi,,Widowed
256101,2022Q2,561,1,1,Female,Head,Primary,A FARMER WHO GROW CEREAL CROPS,Private Informal,Own land / farm,32,Grusi,,Married (Customary/Traditional)
456104,2022Q4,561,4,1,Male,Head,0,"MIXED CROP FARMER (MILLET, BEANS, MAIZE, GROUNDNUT ETC)",Private Informal,Own land / farm,71,Grusi,,Married (Customary/Traditional)
556110,2023Q1,561,10,1,Male,Head,Primary,A FARMER WHO GROW CEREAL CROPS,Private Informal,Own land / farm,57,Grusi,Ashanti.,Married (Customary/Traditional)
256107,2022Q2,561,7,2,Female,Spouse (Wife/Husband/Living together),Primary,A FARMER WHO GROW CEREAL CROPS,Private Informal,Own land / farm,29,Grusi,,Married (Islamic)
156113,2022Q1,561,13,1,Female,Head,0,A FARMER WHO GROW CEREAL CROPS,,Own land / farm,46,Grusi,,Widowed
156118,2022Q1,561,18,1,Male,Head,0,A FARMER WHO CULTIVATE CEREAL CROPS,,Own land / farm,54,Grusi,,Married (Customary/Traditional)
256106,2022Q2,561,6,1,Male,Head,Primary,A FARMER WHO GROW CEREAL CROPS,Private Informal,Own land / farm,33,Grusi,,Married (Customary/Traditional)
656107,2023Q2,561,7,1,Male,Head,Primary,"A FARMER WHO GROW MAIZE, MILLET, GROUNDNUT AND RICE",Private Informal,Own land / farm,36,Grusi,,Married (Islamic)
556101,2023Q1,561,1,1,Female,Head,Primary,A FARMER WHO GROW CEREAL CROPS,Private Informal,Own land / farm,33,Grusi,,Married (Customary/Traditional)
756113,2023Q3,561,13,1,Female,Head,0,"A FARMER WHO CULTIVATE MILLET, MAIZE, GROUNDNUT AND BEANS",Private Informal,Own land / farm,48,Grusi,,Widowed
256108,2022Q2,561,8,4,Female,Parent,Primary,A FARMER WHO GROW CEREAL CROPS,Private Informal,Own land / farm,58,Grusi,Upper East,Widowed
256107,2022Q2,561,7,1,Male,Head,Primary,A FARMER WHO GROW CEREAL CROPS,Private Informal,Own land / farm,35,Grusi,,Married (Islamic)
156104,2022Q1,561,4,1,Male,Head,0,A FARMER WHO CULTIVATE CEREAL CROPS,,Own land / farm,71,Grusi,,Married (Customary/Traditional)
156110,2022Q1,561,10,1,Male,Head,Primary,A FARMER WHO GROW CEREAL CROPS,Private Informal,Own land / farm,56,Grusi,Ashanti.,Married (Customary/Traditional)
556213,2023Q1,562,13,1,Female,Head,Primary,A FARMER WHO GROW CEREAL CROPS,Private Informal,Own land / farm,48,Mole-Dagbani,,Widowed
556217,2023Q1,562,17,1,Male,Head,Primary,A FARMER WHO GROW CEREAL CROPS,Private Informal,Own land / farm,25,Mole-Dagbani,,Married (Customary/Traditional)
256205,2022Q2,562,5,2,Female,Spouse (Wife/Husband/Living together),0,A FARMER WHO GROW CEREAL CROPS,Private Informal,Own land / farm,44,Mole-Dagbani,,Married (Customary/Traditional)
556215,2023Q1,562,15,1,Male,Head,0,A FARMER WHO GROW CEREAL CROPS,Private Informal,Own land / farm,41,Mole-Dagbani,,Married (Customary/Traditional)
256212,2022Q2,562,12,1,Male,Head,Middle,A FARMER WHO GROW CEREAL CROPS,Private Informal,Own land / farm,56,Mole-Dagbani,,Married (Customary/Traditional)
756216,2023Q3,562,16,8,Male,Brother/Sister,0,"A FARMER WHO CULTIVATE MILLET, MAIZE, RICE AND GROUNDNUT",Private Informal,Own land / farm,41,Mole-Dagbani,,Never married
756216,2023Q3,562,16,1,Male,Head,0,"A FARMER WHO GROW MILLET, MAIZE,RICE AND GROUNDNUT",Private Informal,Own land / farm,53,Mole-Dagbani,,Married (Customary/Traditional)
756217,2023Q3,562,17,1,Male,Head,Primary,"A FARMER WHO GROW MILLET,MAIZE,RICE AND BEANS",Private Informal,Own land / farm,25,Mole-Dagbani,,Married (Customary/Traditional)
656213,2023Q2,562,13,1,Female,Head,Primary,"A FARMER WHO CULTIVATE MILLET, MAIZE AND GROUNDNUT",Private Informal,Own land / farm,48,Mole-Dagbani,,Widowed
656216,2023Q2,562,16,1,Male,Head,0,"A FARMER WHO GROW MILLET, RICE AND MAIZE",Private Informal,Own land / farm,52,Mole-Dagbani,,Married (Customary/Traditional)
656217,2023Q2,562,17,1,Male,Head,Primary,"A FARMER WHO GROW MAIZE,MALLET AND RICE",Private Informal,Own land / farm,25,Mole-Dagbani,,Married (Customary/Traditional)
256212,2022Q2,562,12,2,Female,Spouse (Wife/Husband/Living together),0,A FARMER WHO GROW CEREAL CROPS,Private Informal,Own land / farm,45,Mole-Dagbani,,Married (Customary/Traditional)
256206,2022Q2,562,6,3,Female,Brother/Sister,0,A FARMER WHO GROW CEREAL CROPS,Private Informal,Own land / farm,44,Mole-Dagbani,,Divorced
656214,2023Q2,562,14,1,Male,Head,Primary,"A FARMER WHO GROW MILLET,MAIZE AND GROUNDNUT",Private Informal,Own land / farm,37,Mole-Dagbani,,Divorced
256206,2022Q2,562,6,1,Male,Head,Primary,A FARMER WHO GROW CEREAL CROPS,Private Informal,Own land / farm,46,Mole-Dagbani,,Widowed
656215,2023Q2,562,15,1,Male,Head,0,"A FARMER WHO GROW MILLET, GUINEA CORN  AND MAIZE",Private Informal,Own land / farm,41,Mole-Dagbani,,Married (Customary/Traditional)
256205,2022Q2,562,5,1,Male,Head,0,A FARMER WHO GROW CEREAL CROPS,Private Informal,Own land / farm,64,Mole-Dagbani,,Married (Customary/Traditional)
256207,2022Q2,562,7,1,Male,Head,0,A FARMER WHO GROW CEREAL CROPS,Private Informal,Own land / farm,54,Mole-Dagbani,,Married (Customary/Traditional)
556214,2023Q1,562,14,1,Male,Head,Primary,A FARMER WHO GROW CEREAL CROPS,Private Informal,Own land / farm,37,Mole-Dagbani,,Divorced
556216,2023Q1,562,16,8,Male,Brother/Sister,0,A FARMER WHO GROW CEREAL CROPS,Private Informal,Own land / farm,40,Mole-Dagbani,,Never married
556216,2023Q1,562,16,1,Male,Head,0,A FARMER WHO GROW CEREAL CROPS,Private Informal,Other land / farm.,52,Mole-Dagbani,,Married (Customary/Traditional)
756214,2023Q3,562,14,1,Male,Head,Primary,"A FARMER WHO GROW MILLET, GROUNDNUT, MAIZE AND RICE",Private Informal,Own land / farm,37,Mole-Dagbani,,Divorced
256207,2022Q2,562,7,2,Female,Spouse (Wife/Husband/Living together),0,A FARMER WHO GROW CEREAL CROPS,Private Informal,Own land / farm,52,Mole-Dagbani,,Married (Customary/Traditional)
756215,2023Q3,562,15,1,Male,Head,0,"A FARMER WHO GROW MILLET,GROUNDNUT, BAMBARA BEANS AND RICE",Private Informal,Own land / farm,41,Mole-Dagbani,,Married (Customary/Traditional)
256411,2022Q2,564,11,2,Female,Spouse (Wife/Husband/Living together),0,A FARMER WHO GROW COWPEA AND BAMBARA BEANS,Private Informal,Own land / farm,29,Mole-Dagbani,Upper East,Married (Customary/Traditional)
256409,2022Q2,564,9,1,Male,Head,0,A FARMER WHO GROW CEREAL CROPS,Private Informal,Own land / farm,35,Mole-Dagbani,,Married (Customary/Traditional)
256409,2022Q2,564,9,2,Female,Spouse (Wife/Husband/Living together),0,A FARMER WHO GROW BEANS AND BAMBARA BEANS,Private Informal,Own land / farm,33,Mole-Dagbani,,Married (Customary/Traditional)
256411,2022Q2,564,11,1,Male,Head,Primary,A FARMER WHO GROW CEREAL CROPS AND VEGETABLES,Private Informal,Own land / farm,32,Mole-Dagbani,,Married (Customary/Traditional)
256410,2022Q2,564,10,3,Female,Other relative,0,A FARMER WHO GROW CEREAL CROPS AND VEGETABLES,Private Informal,Own land / farm,30,Mande,Ashanti.,Married (Islamic)
256410,2022Q2,564,10,2,Male,Child (Son/Daughter),Primary,A FARMER WHO GROW CEREAL CROPS AND VEGETABLES,Private Informal,Own land / farm,28,Mole-Dagbani,,Married (Islamic)
256614,2022Q2,566,14,1,Male,Head,0,A FARMER WHO GROW CEREAL CROPS,Private Informal,Own land / farm,63,Mole-Dagbani,,Married (Customary/Traditional)
156601,2022Q1,566,1,1,Female,Head,0,MAIZE FARMER AND GUINEA CORN,Private Informal,Own land / farm,51,Mole-Dagbani,,Widowed
256711,2022Q2,567,11,2,Female,Spouse (Wife/Husband/Living together),0,A FARMER WHO GROW CEREAL CROPS,Private Informal,Own land / farm,34,Gurma,,Married (Customary/Traditional)
256712,2022Q2,567,12,1,Female,Head,0,A FARMER WHO GROW CEREAL CROPS,Private Informal,Own land / farm,54,Gurma,,Widowed
256709,2022Q2,567,9,1,Male,Head,Primary,A FARMER WHO GROW CEREAL,Private Informal,Own land / farm,41,Gurma,,Married (Customary/Traditional)
256709,2022Q2,567,9,2,Female,Spouse (Wife/Husband/Living together),0,A FARMER WHO CULTIVATE RICE AND MAIZE,Private Informal,Own land / farm,31,Gurma,,Married (Customary/Traditional)
256712,2022Q2,567,12,8,Female,Daughter in-law,0,A FARMER WHO GROW CEREAL CROPS,Private Informal,Own land / farm,31,Gurma,Western North,Married (Islamic)
256710,2022Q2,567,10,2,Female,Spouse (Wife/Husband/Living together),Primary,A FARMER WHO GROW CEREAL CROPS,Private Informal,Own land / farm,30,Gurma,,Married (Customary/Traditional)
256710,2022Q2,567,10,1,Male,Head,JSS/JHS,A FARMER WHO GROW CEREAL CROPS,Private Informal,Own land / farm,35,Gurma,,Married (Customary/Traditional)
256711,2022Q2,567,11,1,Male,Head,Primary,A FARMER WHO GROW CEREAL CROPS,Private Informal,Own land / farm,39,Gurma,,Married (Customary/Traditional)
456815,2022Q4,568,15,4,Female,Spouse (Wife/Husband/Living together),JSS/JHS,"MIXED CROP FARMER (MAIZE,  RICE, MILLET ETC)",Private Informal,Own land / farm,39,Mole-Dagbani,,Married (Customary/Traditional)
256809,2022Q2,568,9,1,Male,Head,0,"A FARMER WHO GROWS MILLET, MAIZE AND PEPPER",Private Informal,Own land / farm,69,Mole-Dagbani,,Widowed
256812,2022Q2,568,12,2,Female,Spouse (Wife/Husband/Living together),0,A FARMER WHO CULTIVATE CEREAL CROPS,Private Informal,Own land / farm,43,Mole-Dagbani,,Married (Islamic)
456818,2022Q4,568,18,1,Female,Head,Primary,"MIXED CROP FARMER (MAIZE,  BEANS, MILLET ETC)",Private Informal,Own land / farm,78,Mole-Dagbani,,Widowed
456815,2022Q4,568,15,2,Female,Spouse (Wife/Husband/Living together),0,"MIXED CROP FARMER (MAIZE,  RICE, MILLET ETC)",Private Informal,Own land / farm,90,Mole-Dagbani,,Married (Customary/Traditional)
456819,2022Q4,568,19,1,Male,Head,JSS/JHS,"MIXED CROP FARMER (MAIZE,  RICE, MILLET ETC)",Private Informal,Own land / farm,43,Mole-Dagbani,,Married (Customary/Traditional)
456816,2022Q4,568,16,2,Female,Spouse (Wife/Husband/Living together),0,"MIXED CROP FARMER (MAIZE,  RICE, MILLET ETC)",Private Informal,Own land / farm,60,Mole-Dagbani,Upper East,Married (Customary/Traditional)
256810,2022Q2,568,10,1,Male,Head,0,A FARMER WHO GROW CEREAL CROPS,Private Informal,Own land / farm,68,Mole-Dagbani,,Married (Customary/Traditional)
456816,2022Q4,568,16,1,Male,Head,0,"MIXED CROP FARMER (MAIZE,  RICE, MILLET ETC)",Private Informal,Own land / farm,69,Mole-Dagbani,,Married (Customary/Traditional)
456815,2022Q4,568,15,1,Male,Head,0,"MIXED CROP FARMER (MAIZE,  RICE, MILLET ETC)",Private Informal,Own land / farm,97,Mole-Dagbani,,Married (Customary/Traditional)
256810,2022Q2,568,10,2,Female,Spouse (Wife/Husband/Living together),0,A FARMER WHO GROW CEREAL CROPS,Private Informal,Own land / farm,56,Mole-Dagbani,,Married (Customary/Traditional)
456819,2022Q4,568,19,2,Female,Spouse (Wife/Husband/Living together),Primary,"MIXED CROP FARMER (MAIZE,  RICE, MILLET ETC)",Private Informal,Own land / farm,40,Mole-Dagbani,,Married (Customary/Traditional)
256811,2022Q2,568,11,1,Female,Head,0,A FARMER WHO GROW MAIZE AND RICE,Private Informal,Own land / farm,66,Mole-Dagbani,,Married (Customary/Traditional)
256812,2022Q2,568,12,1,Male,Head,Primary,A FARMER WHO GROW CEREAL CROPS,Private Informal,Own land / farm,49,Mole-Dagbani,,Married (Islamic)
456815,2022Q4,568,15,3,Female,Spouse (Wife/Husband/Living together),0,"MIXED CROP FARMER (MAIZE,  RICE, MILLET ETC)",Private Informal,Own land / farm,83,Mole-Dagbani,,Married (Customary/Traditional)
257018,2022Q2,570,18,1,Male,Head,Primary,A FARMER WHO GROW CEREAL CROPS,Private Informal,Own land / farm,50,Mole-Dagbani,,Married (Islamic)
257013,2022Q2,570,13,2,Female,Spouse (Wife/Husband/Living together),0,A FARMER WHO GROW CEREAL CROPS,Private Informal,Own land / farm,35,Mole-Dagbani,,Married (Islamic)
457005,2022Q4,570,5,2,Female,Spouse (Wife/Husband/Living together),Primary,"MIXED CROP FARMER (MAIZE,  SWEET POTATOES , GROUNDNUT ETC)",Private Informal,Own land / farm,30,Mole-Dagbani,,Married (Islamic)
257013,2022Q2,570,13,1,Male,Head,Primary,A FARMER WHO GROW CEREAL CROPS,Private Informal,Own land / farm,40,Mole-Dagbani,,Married (Islamic)
457009,2022Q4,570,9,3,Male,Child (Son/Daughter),Primary,"MIXED CROP FARMER (SOYA BEANS,  MAIZE ETC)",Private Informal,Own land / farm,25,Mole-Dagbani,,Never married
457009,2022Q4,570,9,1,Male,Head,0,"MIXED CROP FARMER (SOYA BEANS,  MAIZE ETC)",Private Informal,Own land / farm,50,Mole-Dagbani,,Married (Customary/Traditional)
457007,2022Q4,570,7,2,Female,Spouse (Wife/Husband/Living together),Primary,"MIXED CROP FARMER (MAIZE,  SWEET POTATOES , BEANS, GROUNDNUT ETC)",Private Informal,Own land / farm,32,Mole-Dagbani,,Married (Islamic)
457007,2022Q4,570,7,1,Male,Head,Primary,"MIXED CROP FARMER (MAIZE,  SWEET POTATOES , BEANS, GROUNDNUT ETC)",Private Informal,Own land / farm,33,Mole-Dagbani,,Married (Islamic)
457006,2022Q4,570,6,1,Male,Head,0,"MIXED CROP FARMER (MAIZE,  SWEET POTATOES , BEANS, GROUNDNUT ETC)",Private Informal,Own land / farm,44,Mole-Dagbani,,Married (Islamic)
657018,2023Q2,570,18,2,Female,Spouse (Wife/Husband/Living together),0,"MIXED CROP FARMER (MAIZE, SOYA BEANS)",Private Informal,Own land / farm,46,Mole-Dagbani,Upper East,Married (Islamic)
457005,2022Q4,570,5,1,Male,Head,Primary,"MIXED CROP FARMER (MAIZE,  SWEET POTATOES , GROUNDNUT ETC)",Private Informal,Own land / farm,33,Mole-Dagbani,,Married (Islamic)
257012,2022Q2,570,12,2,Female,Spouse (Wife/Husband/Living together),0,A FARMER WHO GROW CEREAL CROPS,Private Informal,Own land / farm,70,Mole-Dagbani,,Married (Customary/Traditional)
257014,2022Q2,570,14,1,Male,Head,0,A FARMER WHO GROW CEREAL,Private Informal,Own land / farm,54,Mole-Dagbani,,Married (Islamic)
457009,2022Q4,570,9,4,Male,Child (Son/Daughter),Primary,"MIXED CROP FARMER (SOYA BEANS,  MAIZE ETC)",Private Informal,Own land / farm,23,Mole-Dagbani,,Never married
257014,2022Q2,570,14,2,Female,Spouse (Wife/Husband/Living together),0,A FARMER WHO GROW CEREAL CROPS,Private Informal,Own land / farm,50,Mole-Dagbani,,Married (Islamic)
457006,2022Q4,570,6,2,Female,Spouse (Wife/Husband/Living together),0,"MIXED CROP FARMER (MAIZE,  SWEET POTATOES , BEANS, GROUNDNUT ETC)",Private Informal,Own land / farm,41,Mole-Dagbani,,Married (Islamic)
257018,2022Q2,570,18,2,Female,Spouse (Wife/Husband/Living together),0,A FARMER WHO GROW VEGETABLES,Private Informal,Own land / farm,45,Mole-Dagbani,Upper East,Married (Islamic)
257014,2022Q2,570,14,3,Female,Spouse (Wife/Husband/Living together),0,A FARMER WHO GROW CEREAL CROPS,Private Informal,Own land / farm,51,Mole-Dagbani,,Married (Islamic)
257012,2022Q2,570,12,1,Male,Head,0,A FARMER WHO GROW CEREAL CROPS,Private Informal,Own land / farm,99,Mole-Dagbani,,Married (Customary/Traditional)
257018,2022Q2,570,18,3,Female,Spouse (Wife/Husband/Living together),JSS/JHS,A FARMER WHO GROW CEREAL CROPS,Private Informal,Own land / farm,44,Mole-Dagbani,,Married (Islamic)
357203,2022Q3,572,3,1,Male,Head,Primary,A FARMER WHO GROW CEREAL CROPS,Private Informal,Own land / farm,56,Mole-Dagbani,Bono East,Married (Customary/Traditional)
557207,2023Q1,572,7,1,Male,Head,Tertiary - Post graduate certificate / diploma,MIXED CROP FARMER MAIZE GROUNDNUTS AND SOYA BEANS,Private Informal,Own land / farm,31,Mole-Dagbani,,Married (Customary/Traditional)
557204,2023Q1,572,4,1,Male,Head,0,"MIXED CROP FARMER ( MAIZE, MILLETS AND GROUNDNUTS)",Private Informal,Own land / farm,78,Mole-Dagbani,,Married (Customary/Traditional)
357204,2022Q3,572,4,2,Female,Spouse (Wife/Husband/Living together),0,A FARMER WHO CULTIVATE CEREAL CROPS,Private Informal,Own land / farm,41,Mole-Dagbani,Upper West,Married (Customary/Traditional)
157204,2022Q1,572,4,1,Male,Head,0,"MIXED CROP FARMER (MAIZE,GROUNDNUT)",,Own land / farm,77,Mole-Dagbani,,Married (Customary/Traditional)
757207,2023Q3,572,7,1,Male,Head,Tertiary - Post graduate certificate / diploma,"MIXED CROP FARMER (MAIZE, BEANS, MILLET)",Private Informal,Other land / farm.,31,Mole-Dagbani,,Married (Customary/Traditional)
657207,2023Q2,572,7,1,Male,Head,Tertiary - Post graduate certificate / diploma,"MIXED CROP FARMER (MAIZE,MILLET,BEANS,YAM)",Private Informal,Other land / farm.,31,Mole-Dagbani,,Married (Customary/Traditional)
757209,2023Q3,572,9,1,Male,Head,JSS/JHS,"MIXED CROP FARMER (MAIZE,  MILLET   GROUNDNUT,  BEANS ETC)",Private Informal,Own land / farm,29,Mole-Dagbani,,Married (Customary/Traditional)
357207,2022Q3,572,7,1,Male,Head,Tertiary - Post graduate certificate / diploma,A FARMER WHO GROW CEREAL CROPS,Private Informal,Own land / farm,30,Mole-Dagbani,,Married (Customary/Traditional)
757204,2023Q3,572,4,1,Male,Head,0,"MIXED CROP FARMER (MAIZE, GROUNDNUT, BEANS, OKRO, BAMBARA BEANS)",Private Informal,Own land / farm,78,Mole-Dagbani,,Married (Customary/Traditional)
657209,2023Q2,572,9,1,Male,Head,JSS/JHS,"MIXED CROP FARMER ( MAIZE,  RICE,  MILLET,  GROUNDNUT,  BEANS  ETC)",Private Informal,Own land / farm,29,Mole-Dagbani,,Married (Customary/Traditional)
657204,2023Q2,572,4,1,Male,Head,0,"MIXED CROP FARMER (MAIZE, BEANS, GROUNDNUTS, OKRO, PEPPER)",Private Informal,Own land / farm,78,Mole-Dagbani,,Married (Customary/Traditional)
557204,2023Q1,572,4,2,Female,Spouse (Wife/Husband/Living together),0,"MIXED CROP FARMER (MAIZE, MILLETS AND GROUNDNUTS",Private Informal,Other land / farm.,41,Mole-Dagbani,Upper West,Married (Customary/Traditional)
657203,2023Q2,572,3,6,Male,Child (Son/Daughter),Primary,"MIXED CROP FARMER (MAIZE, GROUNDNUTS, BEANS, SOYA BEANS)",Private Informal,Other land / farm.,24,Mole-Dagbani,Bono East,Married (Customary/Traditional)
357204,2022Q3,572,4,1,Male,Head,0,A FARMER WHO GROW CEREAL CROPS,Private Informal,Own land / farm,77,Mole-Dagbani,,Married (Customary/Traditional)
357203,2022Q3,572,3,2,Female,Spouse (Wife/Husband/Living together),0,A FARMER WHO HELP IN GROWING CEREAL CROPS,Private Informal,Own land / farm,54,Mole-Dagbani,Bono East,Married (Customary/Traditional)
257311,2022Q2,573,11,1,Male,Head,JSS/JHS,A FARMER WHO RARE CATTLES FOR SALE,Private Informal,Own land / farm,33,Mole-Dagbani,,Married (Islamic)
757301,2023Q3,573,1,7,Female,Parent,0,"MIXED CROP FARMER (MAIZE, GROUNDNUT)",Private Informal,Other land / farm.,63,Mole-Dagbani,,Widowed
757422,2023Q3,574,22,1,Male,Head,Tertiary - Bachelor's Degree,"MIXED CROP FARMER (MAIZE,  MILLET   GROUNDNUT,  BEANS ETC)",Private Informal,Own land / farm,36,Mole-Dagbani,,Never married
757405,2023Q3,574,5,1,Male,Head,Tertiary - Bachelor's Degree,"MIXED CROP FARMER (MAIZE, GROUNDNUT)",Private Informal,Other land / farm.,76,Mole-Dagbani,,Married (Islamic)
257409,2022Q2,574,9,1,Male,Head,SSS/SHS,A FARMER WHO GROW MAIZE AND SOYA BEANS,Private Informal,Own land / farm,30,Mole-Dagbani,,Divorced
457423,2022Q4,574,23,1,Male,Head,0,A FARMER WHO GROW MAIZE AND YAM,Private Informal,Own land / farm,36,Mole-Dagbani,,Married (Islamic)
657405,2023Q2,574,5,1,Male,Head,Tertiary - Bachelor's Degree,"MIXED CROP FARMER (MAIZE, GROUNDNUT)",Private Informal,Other land / farm.,76,Mole-Dagbani,,Married (Islamic)
457415,2022Q4,574,15,1,Male,Head,JSS/JHS,A FARMER WHO CULTIVATE CEREAL CROPS,Private Informal,Own land / farm,32,Mole-Dagbani,Upper West,Married (Islamic)
557415,2023Q1,574,15,1,Male,Head,JSS/JHS,"MIXED CROP FARMER (GROUNDNUT,  MAIZE , RICE, MILLET ETC)",Private Informal,Own land / farm,32,Mole-Dagbani,Upper West,Married (Islamic)
657422,2023Q2,574,22,1,Male,Head,Tertiary - Bachelor's Degree,"MIXED CROP FARMER (MAIZE,  GROUNDNUT,  BEANS,  MILLET,  YAM ETC)",Private Informal,Own land / farm,36,Mole-Dagbani,,Never married
657415,2023Q2,574,15,1,Male,Head,JSS/JHS,"MIXED CROP FARMER (MAIZE,  GROUNDNUT,  BEANS,  MILLET,  YAM ETC)",Private Informal,Own land / farm,33,Mole-Dagbani,Upper West,Married (Islamic)
757415,2023Q3,574,15,1,Male,Head,JSS/JHS,"MIXED CROP FARMER (MAIZE,  MILLET   GROUNDNUT,  BEANS ETC)",Private Informal,Own land / farm,33,Mole-Dagbani,Upper West,Married (Islamic)
457422,2022Q4,574,22,1,Male,Head,Tertiary - Bachelor's Degree,A FARMER WHO CULTIVATE CEREAL CROPS,Private Informal,Own land / farm,35,Mole-Dagbani,,Never married
457409,2022Q4,574,9,1,Male,Head,SSS/SHS,A FARMER WHO GROW CEREAL CROPS,Private Informal,Own land / farm,31,Mole-Dagbani,,Divorced
357610,2022Q3,576,10,1,Male,Head,Tertiary - Bachelor's Degree,"MIXED CROP FARMER (MAIZE,GROUNDNUT, SOYABEANS, OKRO,GARDEN EGGS,TOMATOES, GREEN PEPPER,YAM)",Private Informal,Other land / farm.,28,Mole-Dagbani,,Married (Civil/Ordinance)
357618,2022Q3,576,18,1,Male,Head,JSS/JHS,"MIXED CROP FARMER (GROUNDNUTS  ,MAIZE, BEANS)",Private Informal,Other land / farm.,43,Mole-Dagbani,,Married (Islamic)
357606,2022Q3,576,6,1,Male,Head,Tertiary - Bachelor's Degree,"MIXED CROP FARMER (SOYABEANS, BEANS, PEPPER, OKRO,MAIZE,YAM)",Private Informal,Other land / farm.,42,Mole-Dagbani,Ashanti.,Married (Civil/Ordinance)
357601,2022Q3,576,1,1,Male,Head,Middle,"MIXED CROP FARMER (MAIZE,GROUNDNUTS,SOYABEANS)",Private Informal,Own land / farm,68,Mole-Dagbani,,Married (Islamic)
657911,2023Q2,579,11,2,Female,Spouse (Wife/Husband/Living together),0,"MIXED CROP FARMER (YAM, GROUNDNUT, MILLET, BEANS ETC)",Private Informal,Own land / farm,48,Mole-Dagbani,Upper West,Informal/living together
557911,2023Q1,579,11,2,Female,Spouse (Wife/Husband/Living together),0,"MIXED CROP FARMER (MAIZE,  GROUNDNUT,  BEANS ETC)",Private Informal,Own land / farm,48,Mole-Dagbani,Upper West,Informal/living together
757911,2023Q3,579,11,2,Female,Spouse (Wife/Husband/Living together),0,"MIXED CROP FARMER ( MAIZE,  GROUNDNUT,  YAM,  BEANS ETC)",Private Informal,Own land / farm,48,Mole-Dagbani,Upper West,Informal/living together
757909,2023Q3,579,9,1,Male,Head,0,"MIXED CROP FARMER ( MAIZE,  GROUNDNUT,  YAM,  BEANS ETC)",Private Informal,Own land / farm,47,Mole-Dagbani,Western,Never married
557909,2023Q1,579,9,1,Male,Head,0,"MIXED CROP FARMER (GROUNDNUT,  BEANS,  MAIZE ETC)",Private Informal,Own land / farm,47,Mole-Dagbani,Western,Never married
757901,2023Q3,579,1,1,Male,Head,Tertiary - Bachelor's Degree,"MIXED CROP FARMER (MAIZE, BEANS,MILLET)",Private Informal,Own land / farm,60,Mole-Dagbani,Upper West,Married (Civil/Ordinance)
657909,2023Q2,579,9,1,Male,Head,0,"MIXED CROP FARMER (YAM, GROUNDNUT, MILLET, BEANS ETC)",Private Informal,Own land / farm,47,Mole-Dagbani,Western,Never married
758002,2023Q3,580,2,1,Male,Head,Tertiary - HND,"A FARMER WHO GROW MAIZE, MILLET AND GROUNDNUT",Private Informal,Own land / farm,39,Grusi,Upper West,Married (Customary/Traditional)
558006,2023Q1,580,6,1,Male,Head,Secondary,"A FARMER WHO GROW MAIZE, MILLET, AND GROUNDNUT",Private Informal,Own land / farm,43,Grusi,Ashanti.,Married (Islamic)
458011,2022Q4,580,11,1,Male,Head,Tertiary - HND,A FARMER WHO GROW MAIZE AND SOYA BEANS,Private Informal,Own land / farm,40,Grusi,,Married (Islamic)
458017,2022Q4,580,17,1,Male,Head,Tertiary - Master's Degree,A FARMER WHO GROW CEREAL CROPS AND LIVESTOCK,Private Informal,Own land / farm,63,Grusi,Upper West,Married (Customary/Traditional)
458006,2022Q4,580,6,1,Male,Head,Secondary,A FARMER WHO GROW CEREAL CROPS,Private Informal,Own land / farm,43,Grusi,Ashanti.,Married (Islamic)
758006,2023Q3,580,6,1,Male,Head,Secondary,"A FARMER WHO GROW MAIZE, MILLET AND GROUNDNUT",Private Informal,Own land / farm,44,Grusi,Ashanti.,Married (Islamic)
658006,2023Q2,580,6,1,Male,Head,Secondary,"A FARMER WHO GROW MAIZE, MILLET  AND GROUNDNUT",Private Informal,Own land / farm,44,Grusi,Ashanti.,Married (Islamic)
658002,2023Q2,580,2,1,Male,Head,Tertiary - HND,"A FARMER WHO CULTIVATE SOYA BEANS, MILLET, MAIZE AND GROUNDNUT",Private Informal,Own land / farm,39,Grusi,Upper West,Married (Customary/Traditional)
558002,2023Q1,580,2,1,Male,Head,Tertiary - HND,A FARMER WHO GROW MAIZE AND SOYA BEANS,Private Informal,Own land / farm,38,Grusi,Upper West,Married (Customary/Traditional)
258002,2022Q2,580,2,1,Male,Head,Tertiary - HND,"MIXED CROP FARMER (MAIZE, SOYABEANS)",Private Informal,Other land / farm.,38,Grusi,Upper West,Married (Customary/Traditional)
458002,2022Q4,580,2,1,Male,Head,Tertiary - HND,A FARMER WHO GROW MAIZE AND SOYA BEANS,Private Informal,Own land / farm,38,Grusi,Upper West,Married (Customary/Traditional)
358117,2022Q3,581,17,1,Male,Head,Tertiary - Post graduate certificate / diploma,A FARMER WHO GROW CEREAL CROPS,Private Informal,Own land / farm,41,Grusi,,Married (Islamic)
658220,2023Q2,582,20,2,Male,Grandchild,JSS/JHS,"MIXED CROP FARMER (MAIZE, BAMBARA BEANS, GROUNDNUT, BEANS)",Private Informal,Own land / farm,21,Mole-Dagbani,,Never married
258210,2022Q2,582,10,1,Female,Head,Primary,MIXED CROP FARMER (GROUNDNUTS AND COWPEA),Private Informal,Own land / farm,47,Mole-Dagbani,Bono East,Widowed
658220,2023Q2,582,20,3,Male,Grandchild,SSS/SHS,"MIXED CROP FARMER (GROUNDNUT, MAIZE, BAMBARA BEANS, BEANS)",Private Informal,Own land / farm,19,Mole-Dagbani,,Never married
758215,2023Q3,582,15,1,Male,Head,SSS/SHS,"MIXED CROP FARMER ( MAIZE,  MILLET   GROUNDNUT,  BEANS ETC)",Private Informal,Own land / farm,48,Mole-Dagbani,,Married (Other type)
758218,2023Q3,582,18,1,Female,Head,SSS/SHS,"MIXED CROP FARMER (MAIZE,BEANS,OKRO)",Private Informal,Own land / farm,48,Mole-Dagbani,,Married (Customary/Traditional)
358218,2022Q3,582,18,1,Female,Head,SSS/SHS,"MIXED CROP FARMER (BAMBARA BEANS, GROUNDNUT, MAIZE AND BEANS)",,,47,Mole-Dagbani,,Married (Customary/Traditional)
558207,2023Q1,582,7,1,Male,Head,Voc/Tech/Commercial,"MIXED CROP FARMER (MAIZE, BAMBARA BEANS, OKRO AND GROUNDNUTS)",Private Informal,Other land / farm.,64,Mole-Dagbani,Bono,Married (Customary/Traditional)
758210,2023Q3,582,10,1,Female,Head,Primary,"MIXED CROP FARMER MAIZE  BEANS, AND GROUNDNUTS",Private Informal,Other land / farm.,49,Mole-Dagbani,Bono East,Widowed
558220,2023Q1,582,20,2,Male,Grandchild,JSS/JHS,"MIXED CROP FARMER (GROUNDNUT, MAIZE, BAMBARA BEANS)",Private Informal,Own land / farm,21,Mole-Dagbani,,Never married
758220,2023Q3,582,20,2,Male,Grandchild,JSS/JHS,"MIXED CROP FARMER (MAIZE, BAMBARA BEANS, GROUNDNUT, BEANS)",Private Informal,Own land / farm,21,Mole-Dagbani,,Never married
558220,2023Q1,582,20,3,Male,Grandchild,SSS/SHS,"MIXED CROP FARMER (GROUNDNUT, MAIZE,BAMBARA BEANS)",Private Informal,Own land / farm,19,Mole-Dagbani,,Never married
258220,2022Q2,582,20,1,Female,Head,0,"MIXED CROP FARMER (""MAIZE,BEAN, GROUNDNUT)",Private Informal,Own land / farm,81,Mole-Dagbani,,Widowed
558215,2023Q1,582,15,1,Male,Head,SSS/SHS,"MIXED CROP FARMER (MAIZE, GROUNDNUT BEANS ETC)",Private Informal,Own land / farm,47,Mole-Dagbani,,Married (Other type)
758218,2023Q3,582,18,2,Male,Child (Son/Daughter),JSS/JHS,"MIXED CROP FARMER (MAIZE, BEANS, OKRO)",Private Informal,Own land / farm,18,Mole-Dagbani,,Never married
758220,2023Q3,582,20,3,Male,Grandchild,SSS/SHS,"MIXED CROP FARMER (MAIZE, GROUNDNUT, BAMBARA BEANS, BEANS)",Private Informal,Own land / farm,20,Mole-Dagbani,,Never married
658215,2023Q2,582,15,1,Male,Head,SSS/SHS,"MIXED CROP FARMER (YAM,  GROUNDNUT,  MAIZE, BEANS, ETC)",Private Informal,Own land / farm,48,Mole-Dagbani,,Married (Other type)
358210,2022Q3,582,10,1,Female,Head,Primary,"MIXED CROP FARMER (GROUNDNUT,MAIZE,OKRO, BAMBARA)",Private Informal,Own land / farm,48,Mole-Dagbani,Bono East,Widowed
758204,2023Q3,582,4,1,Female,Head,0,"MIXED CROP FARMER MAIZE, BEANS, PEPPER AND GROUNDNUTS",Private Informal,Other land / farm.,51,Mole-Dagbani,,Married (Customary/Traditional)
558220,2023Q1,582,20,1,Female,Head,0,"MIXED CROP FARMER (GROUNDNUT, BAMABARA BEANS,MAIZE)",Private Informal,Own land / farm,82,Mole-Dagbani,,Widowed
758316,2023Q3,583,16,1,Male,Head,Primary,"MIXED CROP FARMER (MAIZE, MILLET, YAM, GROUNDNUT ETC)",Private Informal,Own land / farm,33,Mole-Dagbani,,Married (Islamic)
558309,2023Q1,583,9,1,Male,Head,Primary,MIXED CROP FARMER (MAIZE AND GROUNDNUTS),Private Informal,Other land / farm.,49,Mole-Dagbani,,Married (Islamic)
658316,2023Q2,583,16,1,Male,Head,Primary,"MIXED CROP FARMER ( MAIZE, GROUNDNUT,  MILLET, YAM ETC)",Private Informal,Own land / farm,33,Mole-Dagbani,,Married (Islamic)
758309,2023Q3,583,9,1,Male,Head,Primary,"MIXED CROP FARMER MAIZE, YAM, BEANS, SOYA BEANS, BAMBARA BEANS, MILLET",Private Informal,Other land / farm.,50,Mole-Dagbani,,Married (Islamic)
758309,2023Q3,583,9,2,Female,Spouse (Wife/Husband/Living together),Primary,"MIXED CROP FARMER MAIZE, YAM, BEANS, SOYA BEANS, BAMBARA BEANS, MILLET",Private Informal,Other land / farm.,44,Mole-Dagbani,,Married (Islamic)
558311,2023Q1,583,11,2,Female,Spouse (Wife/Husband/Living together),Primary,MIXED CROP FARMER (MAIZE AND GROUNDNUTS),Private Informal,Other land / farm.,41,Mole-Dagbani,,Married (Islamic)
658316,2023Q2,583,16,2,Female,Spouse (Wife/Husband/Living together),0,"MIXED CROP FARMER ( MAIZE, GROUNDNUT,  MILLET, YAM ETC)",Private Informal,Own land / farm,32,Mole-Dagbani,,Married (Islamic)
558311,2023Q1,583,11,1,Male,Head,Primary,MIXED CROP FARMER (MAIZE AND GROUNDNUTS),Private Informal,Other land / farm.,50,Mole-Dagbani,,Married (Islamic)
558316,2023Q1,583,16,2,Female,Spouse (Wife/Husband/Living together),0,"MIXED CROP FARMER ( BAMBARA BEANS,  MILLET,  GROUNDNUT ETC)",Private Informal,Own land / farm,32,Mole-Dagbani,,Married (Islamic)
758311,2023Q3,583,11,2,Female,Spouse (Wife/Husband/Living together),Primary,"MIXED CROP FARMER MAIZE, YAM, BEANS, SOYA BEANS, BAMBARA BEANS, MILLET",Private Informal,Other land / farm.,41,Mole-Dagbani,,Married (Islamic)
758311,2023Q3,583,11,1,Male,Head,Primary,"MIXED CROP FARMER MAIZE, YAM, BEANS, SOYA BEANS, BAMBARA BEANS, MILLET ,GROUNDNUTS",Private Informal,Own land / farm,51,Mole-Dagbani,,Married (Islamic)
658312,2023Q2,583,12,1,Female,Head,0,MIXED CROP FARMER (MAIZE AND GROUNDNUTS),Private Informal,Own land / farm,48,Mole-Dagbani,,Widowed
658311,2023Q2,583,11,2,Female,Spouse (Wife/Husband/Living together),Primary,MIXED CROP FARMER  (MAIZE AND GROUNDNUTS),Private Informal,Other land / farm.,41,Mole-Dagbani,,Married (Islamic)
558316,2023Q1,583,16,1,Male,Head,Primary,"MIXED CROP FARMER ( BAMBARA BEANS,  MILLET,  GROUNDNUT ETC)",Private Informal,Own land / farm,33,Mole-Dagbani,,Married (Islamic)
258312,2022Q2,583,12,1,Female,Head,0,"MIXED CROP FARMER ( MAIZE, YAM, RICE, ETC)",Private Informal,Own land / farm,47,Mole-Dagbani,,Widowed
558309,2023Q1,583,9,2,Female,Spouse (Wife/Husband/Living together),Primary,MIXED CROP FARMER (MAIZE AND GROUNDNUTS),Private Informal,Other land / farm.,44,Mole-Dagbani,,Married (Islamic)
758312,2023Q3,583,12,1,Female,Head,0,"MIXED CROP FARMER MAIZE, YAM, BEANS, SOYA BEANS, BAMBARA BEANS, MILLET",Private Informal,Own land / farm,49,Mole-Dagbani,,Widowed
658309,2023Q2,583,9,1,Male,Head,Primary,MIXED CROP FARMER  (MAIZE AND GROUNDNUTS),Private Informal,Own land / farm,49,Mole-Dagbani,,Married (Islamic)
658311,2023Q2,583,11,1,Male,Head,Primary,MIXED CROP FARMER (MAIZE AND GROUNDNUTS),Private Informal,Own land / farm,50,Mole-Dagbani,,Married (Islamic)
258404,2022Q2,584,4,2,Female,Spouse (Wife/Husband/Living together),0,"MIXED FARMER (GROUNDNUTS, MAIZE,MILLET,OKRO,PEPPER)",Private Informal,Own land / farm,36,Mole-Dagbani,,Married (Customary/Traditional)
358408,2022Q3,584,8,1,Male,Head,0,"MIXED CROP FARMER ( YAM,MAIZE,BAMBARA BEANS, BEANS, OKRO)",Private Informal,Own land / farm,44,Mole-Dagbani,,Married (Customary/Traditional)
258405,2022Q2,584,5,2,Male,Child (Son/Daughter),Nursery,"MIXED CROP FARMER (GROUNDNUTS, MAIZE, BAMBARA BEANS)",Private Informal,Own land / farm,20,Mole-Dagbani,,Never married
258404,2022Q2,584,4,1,Male,Head,0,MIXED CROP FARMER (MAIZE),Private Informal,Other land / farm.,65,Mole-Dagbani,,Married (Customary/Traditional)
258402,2022Q2,584,2,1,Female,Head,0,"MIXED CROP FARMER (MAIZE, BEANS, GROUNDNUT,  MILLET, RICE ETC)",Private Informal,Other land / farm.,40,Mole-Dagbani,Upper West,Married (Customary/Traditional)
358408,2022Q3,584,8,2,Female,Spouse (Wife/Husband/Living together),0,"MIXED CROP FARMER ( YAM,MAIZE,BAMBARA BEANS, BEANS, OKRO)",Private Informal,Own land / farm,29,Mole-Dagbani,Upper West,Married (Customary/Traditional)
258404,2022Q2,584,4,4,Male,Child (Son/Daughter),SSS/SHS,"MIXED CROP FARMER (MAIZE, GROUNDNUT, MILLET)",Private Informal,Own land / farm,26,Mole-Dagbani,,Married (Civil/Ordinance)
258419,2022Q2,584,19,2,Female,Spouse (Wife/Husband/Living together),0,"MIXED CROP FARMER (MAIZE, BEANS,MILLET,PEPPER, OKRO,YAM AND GROUNDNUTS)",Private Informal,Other land / farm.,32,Mole-Dagbani,,Married (Customary/Traditional)
258404,2022Q2,584,4,5,Male,Child (Son/Daughter),JSS/JHS,"MIXED CROP FARMER (MAIZE, GROUNDNUT, MILLET.",Private Informal,Own land / farm,18,Mole-Dagbani,,Never married
258419,2022Q2,584,19,1,Male,Head,0,"MIXED CROP FARMER (MAIZE, BEANS,MILLET,PEPPER, OKRO,YAM AND GROUNDNUTS)",Private Informal,Other land / farm.,40,Mole-Dagbani,,Married (Customary/Traditional)
258618,2022Q2,586,18,1,Female,Head,0,"MIXED CROP FARMER (MAIZE, BEANS, GROUNDNUT,  MILLET, RICE ETC)",Private Informal,Own land / farm,50,Mole-Dagbani,Upper West,Widowed
258601,2022Q2,586,1,1,Male,Head,Primary,"MIXED CROP FARMER (MAIZE, BEANS,MILLET,PEPPER, OKRO,YAM AND GROUNDNUTS)",Private Informal,Own land / farm,40,Mole-Dagbani,Ashanti.,Married (Customary/Traditional)
258616,2022Q2,586,16,1,Female,Head,0,"MIXED CROP FARMER (MAIZE, BEANS, GROUNDNUT,  MILLET, RICE ETC)",Private Informal,Own land / farm,46,Mole-Dagbani,Bono,Married (Civil/Ordinance)
258617,2022Q2,586,17,1,Male,Head,0,"MIXED CROP FARMER (MAIZE, GROUNDNUT,  MILLET, RICE ETC)",Private Informal,Own land / farm,54,Mole-Dagbani,Outside Ghana (specify country),Married (Customary/Traditional)
258611,2022Q2,586,11,2,Female,Spouse (Wife/Husband/Living together),0,"MIXED CROP FARMER (MAIZE,COWPEA,GROUNDNUTS, PEPPER,OKRO)",Private Informal,Own land / farm,61,Mole-Dagbani,Bono East,Married (Customary/Traditional)
258602,2022Q2,586,2,1,Female,Head,0,"MIXED CROP FARMER (MAIZE, BEANS,MILLET,PEPPER, OKRO,YAM AND GROUNDNUTS)",Private Informal,Other land / farm.,58,Mole-Dagbani,Savannah,Married (Customary/Traditional)
258601,2022Q2,586,1,2,Female,Spouse (Wife/Husband/Living together),0,"MIXED CROP FARMER (MAIZE, BEANS,MILLET,PEPPER, OKRO,YAM AND GROUNDNUTS)",Private Informal,Other land / farm.,37,Mole-Dagbani,,Married (Customary/Traditional)
258614,2022Q2,586,14,1,Male,Head,0,"MIXED CROP FARMER (MAIZE, MILLET, GROUNDNUT, YAMS)",Private Informal,Own land / farm,27,Mole-Dagbani,,Married (Customary/Traditional)
258610,2022Q2,586,10,1,Male,Head,0,"MIXED CROP FARMER (GROUNDNUTS, MAIZE,BEANS, BAMBARA BEANS, MILLET,YAM)",Private Informal,Own land / farm,59,Mole-Dagbani,Bono East,Married (Customary/Traditional)
258612,2022Q2,586,12,1,Male,Head,0,"MIXED CROP FARMER (YAM,GROUNDNUT, MAIZE, MILLET)",Private Informal,Own land / farm,59,Mole-Dagbani,,Married (Customary/Traditional)
258615,2022Q2,586,15,2,Male,Child (Son/Daughter),0,"MIXED CROP FARMER (MAIZE,MILLET, BAMBARA BEANS, BEANS,GROUNDNUT)",Private Informal,Other land / farm.,30,Mole-Dagbani,,Married (Customary/Traditional)
258608,2022Q2,586,8,2,Female,Spouse (Wife/Husband/Living together),0,"MIXED CROP FARMER (MAIZE,GROUNDNUT, OKRO,PEPPER, BAMBARA BEANS)",Private Informal,Own land / farm,36,Mole-Dagbani,Ashanti.,Married (Customary/Traditional)
258618,2022Q2,586,18,2,Male,Child (Son/Daughter),SSS/SHS,"MIXED CROP FARMER (MAIZE, BEANS, GROUNDNUT,  MILLET, RICE ETC)",Private Informal,Own land / farm,27,Mole-Dagbani,Eastern,Married (Customary/Traditional)
258608,2022Q2,586,8,1,Male,Head,0,"MIXED CROP FARMER ( MAIZE,GROUNDNUT, YAM,BAMBARA BEANS.",Private Informal,Own land / farm,44,Mole-Dagbani,,Married (Customary/Traditional)
258608,2022Q2,586,8,3,Male,Child (Son/Daughter),JSS/JHS,"MIXED CROP FARMER (GROUNDNUTS, MAIZE,YAM,BAMBARA BEANS)",Private Informal,Own land / farm,20,Mole-Dagbani,,Never married
258617,2022Q2,586,17,10,Female,Spouse (Wife/Husband/Living together),0,"MIXED CROP FARMER (MAIZE, GROUNDNUT,  MILLET, RICE ETC)",Private Informal,Own land / farm,42,Mole-Dagbani,,Married (Customary/Traditional)
258616,2022Q2,586,16,6,Male,Spouse (Wife/Husband/Living together),0,"MIXED CROP FARMER (MAIZE, BEANS, GROUNDNUT,  MILLET, RICE ETC)",Private Informal,Own land / farm,41,Mole-Dagbani,,Married (Customary/Traditional)
258607,2022Q2,586,7,6,Female,Parent-in-law,0,"MIXED CROP FARMER (OKRO, PEPPER,GROUNDNUT)",Private Informal,Own land / farm,66,Mole-Dagbani,,Married (Islamic)
258608,2022Q2,586,8,8,Male,Child (Son/Daughter),Primary,"MIXED CROP FARMER (MAIZE, GROUNDNUT, YAM, BAMBARA BEANS)",Private Informal,Own land / farm,18,Mole-Dagbani,,Never married
258615,2022Q2,586,15,6,Female,Daughter in-law,SSS/SHS,"MIXED CROP FARMER (MAIZE,GROUNDNUT)",Private Informal,Other land / farm.,25,Mole-Dagbani,,Married (Customary/Traditional)
258610,2022Q2,586,10,2,Female,Spouse (Wife/Husband/Living together),0,"MIXED CROP FARMER (GROUNDNUTS, MAIZE,BEANS,,BAMBARA BEANS, OKRO,PEPPER)",Private Informal,Own land / farm,55,Mole-Dagbani,Bono East,Married (Customary/Traditional)
258615,2022Q2,586,15,1,Male,Head,0,"MIXED CROP FARMER (MAIZE,MILLET, BAMBARA BEANS, BEANS,GROUNDNUT)",Private Informal,Other land / farm.,57,Mole-Dagbani,,Married (Customary/Traditional)
258617,2022Q2,586,17,14,Female,Spouse (Wife/Husband/Living together),0,"MIXED CROP FARMER (MAIZE, GROUNDNUT,  MILLET, RICE ETC)",Private Informal,Own land / farm,36,Mole-Dagbani,,Married (Customary/Traditional)
258601,2022Q2,586,1,3,Male,Child (Son/Daughter),JSS/JHS,"MIXED CROP FARMER (MAIZE, BEANS,MILLET,PEPPER, OKRO,YAM AND GROUNDNUTS)",Private Informal,Other land / farm.,18,Mole-Dagbani,,Never married
258617,2022Q2,586,17,2,Female,Spouse (Wife/Husband/Living together),0,"MIXED CROP FARMER (MAIZE, GROUNDNUT,  MILLET, RICE ETC)",Private Informal,Own land / farm,47,Mole-Dagbani,,Married (Customary/Traditional)
258617,2022Q2,586,17,3,Male,Child (Son/Daughter),SSS/SHS,"MIXED CROP FARMER (MAIZE, GROUNDNUT,  MILLET, RICE ETC)",Private Informal,Own land / farm,29,Mole-Dagbani,,Married (Customary/Traditional)
258619,2022Q2,586,19,2,Female,Spouse (Wife/Husband/Living together),0,"MIXED CROP FARMER (MAIZE, BEANS, GROUNDNUT,  MILLET, RICE ETC)",Private Informal,Own land / farm,51,Mole-Dagbani,,Married (Islamic)
258815,2022Q2,588,15,2,Female,Spouse (Wife/Husband/Living together),0,"MIXED CROP FARMER (MAIZE, BEANS, YAM,  CASSAVA, MILLET ETC)",Private Informal,Own land / farm,44,Mole-Dagbani,,Married (Islamic)
258816,2022Q2,588,16,2,Female,Spouse (Wife/Husband/Living together),Primary,"MIXED CROP FARMER (MAIZE, BEANS, YAM,  CASSAVA, MILLET ETC)",Private Informal,Own land / farm,38,Mole-Dagbani,,Married (Islamic)
258805,2022Q2,588,5,3,Female,Spouse (Wife/Husband/Living together),0,"MIXED CROP FARMER (MAIZE,GROUNDNUT, SOYA BEANS, OKRO,PEPPER)",Private Informal,Own land / farm,36,Mole-Dagbani,Upper West,Married (Islamic)
258810,2022Q2,588,10,1,Male,Head,Primary,"MIXED CROP FARMER (MAIZE, ,MILLET,PEPPER, OKRO,YAM,BAMBARA BEANS, CASSAVA AND GROUNDNUTS)",Private Informal,Other land / farm.,27,Mole-Dagbani,,Married (Islamic)
258805,2022Q2,588,5,1,Male,Head,SSS/SHS,"MIXED CROP FARMER (MAIZE,SOYA BEANS, GROUNDNUT,YAM)",Private Informal,Own land / farm,48,Mole-Dagbani,Western,Married (Islamic)
258806,2022Q2,588,6,2,Female,Spouse (Wife/Husband/Living together),0,"MIXED CROP FARMER (MAIZE,GROUNDNUT, OKRO,PEPPER)",Private Informal,Own land / farm,31,Mole-Dagbani,,Married (Islamic)
258815,2022Q2,588,15,3,Female,Spouse (Wife/Husband/Living together),0,"MIXED CROP FARMER (MAIZE, BEANS, YAM,  CASSAVA, MILLET ETC)",Private Informal,Own land / farm,43,Mole-Dagbani,,Informal/living together
258801,2022Q2,588,1,1,Male,Head,0,"MIXED CROP FARMER (MAIZE,SOYA BEANS,MILLET, GROUNDNUT, YAM)",Private Informal,Own land / farm,51,Mole-Dagbani,,Married (Islamic)
258816,2022Q2,588,16,1,Male,Head,0,"MIXED CROP FARMER (MAIZE, BEANS, YAM,  CASSAVA, MILLET ETC)",Private Informal,Own land / farm,40,Mole-Dagbani,,Married (Islamic)
258808,2022Q2,588,8,2,Female,Spouse (Wife/Husband/Living together),0,"MIXED CROP FARMER (MAIZE, OKRO,BAMBARA BEANS,RICE AND SOYA BEANS )",Private Informal,Other land / farm.,66,Mole-Dagbani,Upper West,Married (Islamic)
258817,2022Q2,588,17,2,Female,Spouse (Wife/Husband/Living together),0,"MIXED CROP FARMER (MAIZE, BEANS, YAM,  CASSAVA, MILLET ETC)",Private Informal,Own land / farm,42,Mole-Dagbani,Upper West,Married (Islamic)
258811,2022Q2,588,11,1,Male,Head,0,"MIXED CROP FARMER (MAIZE, ,MILLET,PEPPER, OKRO,YAM,BAMBARA BEANS, CASSAVA AND GROUNDNUTS)",Private Informal,Own land / farm,55,Mole-Dagbani,,Married (Islamic)
258817,2022Q2,588,17,1,Male,Head,0,"MIXED CROP FARMER (MAIZE, BEANS, YAM,  CASSAVA, MILLET ETC)",Private Informal,Own land / farm,52,Mole-Dagbani,,Married (Islamic)
258809,2022Q2,588,9,1,Female,Head,Primary,"MIXED CROP FARMER (MAIZE, OKRO,BAMBARA BEANS AND SOYA BEANS )",Private Informal,Own land / farm,60,Mole-Dagbani,Eastern,Widowed
258806,2022Q2,588,6,1,Male,Head,0,"MIXED CROP FARMER ( MAIZE, GROUNDNUT, SOYA BEANS, )",Private Informal,Own land / farm,33,Mole-Dagbani,,Married (Islamic)
258808,2022Q2,588,8,1,Male,Head,0,"MIXED CROP FARMER (MAIZE, OKRO,BAMBARA BEANS,RICE AND SOYA BEANS )",Private Informal,Own land / farm,55,Mole-Dagbani,Upper West,Married (Islamic)
258808,2022Q2,588,8,4,Male,Child (Son/Daughter),JSS/JHS,"MIXED CROP FARMER (MAIZE, OKRO,BAMBARA BEANS AND SOYA BEANS )",Private Informal,Other land / farm.,32,Mole-Dagbani,,Divorced
258804,2022Q2,588,4,2,Female,Child (Son/Daughter),JSS/JHS,"MIXED CROP FARMER (MAIZE,GROUNDNUT, SOYA BEANS)",Private Informal,Own land / farm,19,Mole-Dagbani,Bono East,Never married
258815,2022Q2,588,15,1,Male,Head,0,"MIXED CROP FARMER (MAIZE, BEANS, YAM,  CASSAVA, MILLET ETC)",Private Informal,Own land / farm,55,Mole-Dagbani,,Married (Islamic)
258811,2022Q2,588,11,2,Female,Spouse (Wife/Husband/Living together),0,"MIXED CROP FARMER (MAIZE, ,MILLET,PEPPER, OKRO,YAM,BAMBARA BEANS, CASSAVA AND GROUNDNUTS)",Private Informal,Other land / farm.,34,Mole-Dagbani,Upper West,Married (Islamic)
559006,2023Q1,590,6,1,Female,Head,0,"MIXED CROP FARMER (GROUNDNUT, MILLET, BEANS, MAIZE)",Private Informal,Own land / farm,53,Mole-Dagbani,,Widowed
259013,2022Q2,590,13,3,Female,Parent,0,"MIXED CROP FARMER (MAIZE, BEANS,MILLET,PEPPER, OKRO,YAM AND GROUNDNUTS)",Private Informal,Other land / farm.,65,Mole-Dagbani,,Widowed
159014,2022Q1,590,14,1,Male,Head,0,"MIXED CROP FARMER MIXED CROP FARMER ( MAIZE, MILLET, YAM, BEANS, GROUNDNUT)",Private Informal,Own land / farm,83,Mole-Dagbani,,Married (Islamic)
559003,2023Q1,590,3,3,Female,Child (Son/Daughter),JSS/JHS,"MIXED CROP FARMER (MILLETS, BEANS AND GROUNDNUTS)",Private Informal,Other land / farm.,18,Mole-Dagbani,,Never married
759009,2023Q3,590,9,1,Male,Head,Primary,"MIXED CROP FARMER ( MAIZE,  MILLET,  GROUNDNUT,  MAIZE ETC)",Private Informal,Own land / farm,28,Mole-Dagbani,,Married (Customary/Traditional)
759011,2023Q3,590,11,1,Female,Head,0,"MIXED CROP FARMER (MAIZE, GROUNDNUT, OKRO,BEANS,MILLET)",Private Informal,Other land / farm.,53,Mole-Dagbani,,Never married
159014,2022Q1,590,14,2,Female,Spouse (Wife/Husband/Living together),0,"MIXED CROP FARMER ( MAIZE, MILLET, YAM, BEANS, GROUNDNUT)",Private Informal,Own land / farm,78,Mole-Dagbani,,Married (Islamic)
359018,2022Q3,590,18,1,Male,Head,0,"MIXED CROP FARMER (GROUNDNUT, MILLET, BEANS, MAIZE ETC)",Private Informal,Own land / farm,31,Mole-Dagbani,,Married (Customary/Traditional)
159008,2022Q1,590,8,1,Male,Head,Primary,"MIXED CROP FARMER (YAM,GROUNDNUT, CASSAVA,TIGER NUT )",,Other land / farm.,54,Mole-Dagbani,Ashanti.,Married (Customary/Traditional)
359009,2022Q3,590,9,1,Male,Head,Primary,"MIXED CROP FARMER (GROUNDNUT, MILLET, BEANS, MAIZE ETC)",Private Informal,Own land / farm,28,Mole-Dagbani,,Married (Customary/Traditional)
359002,2022Q3,590,2,1,Female,Head,0,"MIXED CROP FARMER (GROUNDNUT, OKRO, BEANS, MAIZE ETC)",Private Informal,Own land / farm,66,Mole-Dagbani,,Married (Customary/Traditional)
759008,2023Q3,590,8,2,Female,Spouse (Wife/Husband/Living together),0,"MIXED CROP FARMER ( MAIZE, GROUNDNUTS,  MILLETS, BEANS ETC)",Private Informal,Own land / farm,53,Mole-Dagbani,,Married (Customary/Traditional)
559009,2023Q1,590,9,1,Male,Head,Primary,"MIXED CROP FARMER (GROUNDNUT,  MAIZE M BEANS,  MILLET ETC)",Private Informal,Own land / farm,28,Mole-Dagbani,,Married (Customary/Traditional)
559004,2023Q1,590,4,1,Female,Head,0,"MIXED CROP FARMER (GROUNDNUT M BEANS , MAIZE,  MILLET)",Private Informal,Own land / farm,64,Mole-Dagbani,,Married (Customary/Traditional)
659005,2023Q2,590,5,1,Male,Head,Primary,"MIXED CROP FARMER ( BEANS,  YAM  GROUNDNUT,  MILLET,  MAIZE  ETC)",Private Informal,Own land / farm,34,Mole-Dagbani,,Informal/living together
559008,2023Q1,590,8,1,Male,Head,Primary,"MIXED CROP FARMER (MAIZE,MILLETS, BEANS,YAM AND GROUNDNUTS)",Private Informal,Own land / farm,55,Mole-Dagbani,Ashanti.,Married (Customary/Traditional)
159013,2022Q1,590,13,2,Female,Spouse (Wife/Husband/Living together),0,"MIXED CROP FARMER ( MAIZE, OKRO, YAM, GROUNDNUT)",Private Informal,Other land / farm.,31,Mole-Dagbani,Upper West,Married (Customary/Traditional)
259009,2022Q2,590,9,1,Male,Head,Primary,"MIXED CROP FARMER ( GROUNDNUT, MAIZE,BAMBARA BEANS, OKRO)",Private Informal,Own land / farm,28,Mole-Dagbani,,Married (Customary/Traditional)
259006,2022Q2,590,6,1,Female,Head,0,"MIXED CROP FARMER (MAIZE, BEANS, GROUNDNUT, ETC)",Private Informal,Own land / farm,52,Mole-Dagbani,,Widowed
259014,2022Q2,590,14,1,Male,Head,0,"MIXED CROP FARMER (MAIZE, BEANS,MILLET,PEPPER, OKRO,YAM AND GROUNDNUTS)",Private Informal,Own land / farm,83,Mole-Dagbani,,Married (Islamic)
359010,2022Q3,590,10,3,Male,Child (Son/Daughter),Primary,"MIXED CROP FARMER (GROUNDNUT, MILLET, BEANS, MAIZE ETC)",Private Informal,Own land / farm,19,Mole-Dagbani,,Never married
359015,2022Q3,590,15,1,Male,Head,SSS/SHS,"MIXED CROP FARMER (GROUNDNUT, MILLET, BEANS, MAIZE ETC)",Private Informal,Own land / farm,34,Mole-Dagbani,,Married (Customary/Traditional)
259013,2022Q2,590,13,1,Male,Head,Primary,"MIXED CROP FARMER (MAIZE, BEANS,MILLET,PEPPER, OKRO,YAM AND GROUNDNUTS)",Private Informal,Other land / farm.,31,Mole-Dagbani,,Married (Customary/Traditional)
659002,2023Q2,590,2,3,Female,Child (Son/Daughter),Primary,"MIXED CROP FARMER (YANS, GROUNDNUTS   PEPPER,  MILLETS,  MAIZE, BEANS ETC)",Private Informal,Own land / farm,29,Mole-Dagbani,,Never married
259016,2022Q2,590,16,4,Female,Parent,Primary,"MIXED CROP FARMER (MILLET, MAIZE, YAM,OKRO,PEPPER, GROUNDNUT)",Private Informal,Own land / farm,51,Mole-Dagbani,,Widowed
559002,2023Q1,590,2,3,Female,Child (Son/Daughter),Primary,"MIXED CROP FARMER (MAIZE, MILLETS,YAM BEANS AND GROUNDNUTS)",Private Informal,Other land / farm.,28,Mole-Dagbani,,Never married
759005,2023Q3,590,5,2,Female,Spouse (Wife/Husband/Living together),Primary,"MIXED CROP FARMER ( MAIZE,  MILLET,  GROUNDNUT,  MAIZE ETC)",Private Informal,Own land / farm,25,Mole-Dagbani,,Informal/living together
659006,2023Q2,590,6,1,Female,Head,0,"MIXED CROP FARMER (GROUNDNUT, MAIZE, MILLET, BEANS, BAMBARA BEANS)",Private Informal,Other land / farm.,53,Mole-Dagbani,,Widowed
159009,2022Q1,590,9,1,Male,Head,Primary,"MIXED CROP FARMER (MAIZE,GROUNDNUT, BAMBARA BEANS, MILLET)",Private Informal,Other land / farm.,28,Mole-Dagbani,,Married (Customary/Traditional)
559008,2023Q1,590,8,2,Female,Spouse (Wife/Husband/Living together),0,"MIXED CROP FARMER (MAIZE, MILLETS, BEANS,YAM AND GROUNDNUTS)",Private Informal,Other land / farm.,53,Mole-Dagbani,,Married (Customary/Traditional)
259005,2022Q2,590,5,1,Male,Head,Primary,"MIXED CROP FARMER (MAIZE, BEANS, GROUNDNUT, ETC)",Private Informal,Own land / farm,33,Mole-Dagbani,,Informal/living together
659015,2023Q2,590,15,2,Female,Spouse (Wife/Husband/Living together),JSS/JHS,"MIXED CROP FARMER (BEANS, GROUNDNUT, MAIZE, MILLET)",Private Informal,Own land / farm,27,Mole-Dagbani,,Married (Customary/Traditional)
759015,2023Q3,590,15,1,Male,Head,SSS/SHS,"MIXED CROP FARMER ( GROUNDNUT, MILLET, BEANS, OKRO, PEPPER)",Private Informal,Own land / farm,36,Mole-Dagbani,,Married (Customary/Traditional)
159002,2022Q1,590,2,1,Female,Head,0,"MIXED CROP FARMER (GROUNDNUT, BAMBARA",Private Informal,Own land / farm,66,Mole-Dagbani,,Married (Customary/Traditional)
759006,2023Q3,590,6,1,Female,Head,0,"MIXED CROP FARMER (GROUNDNUT, BAMBARA BEANS, BEANS, MAIZE)",Private Informal,Other land / farm.,53,Mole-Dagbani,,Widowed
759008,2023Q3,590,8,1,Male,Head,Primary,"MIXED CROP FARMER ( MAIZE, GROUNDNUTS,  MILLETS, BEANS ETC)",Private Informal,Own land / farm,55,Mole-Dagbani,Ashanti.,Married (Customary/Traditional)
159005,2022Q1,590,5,1,Male,Head,Primary,"MIXED CROP FARMER (MILLET, GROUNDNUT, BAMBARA BEANS)",Private Informal,Other land / farm.,33,Mole-Dagbani,,Informal/living together
159006,2022Q1,590,6,1,Female,Head,0,"MIXED CROP FARMER (GROUNDNUT, BAMBARA, MILLET",Private Informal,Other land / farm.,52,Mole-Dagbani,,Widowed
759002,2023Q3,590,2,1,Female,Head,0,"MIXED CROP FARMER ( MAIZE, GROUNDNUTS,  MILLETS, BEANS ETC)",Private Informal,Own land / farm,67,Mole-Dagbani,,Married (Customary/Traditional)
159006,2022Q1,590,6,3,Male,Child (Son/Daughter),JSS/JHS,"MIXED CROP FARMER (MILLET,GROUNDNUT, BAMBARA BEANS",Private Informal,Other land / farm.,28,Mole-Dagbani,,Never married
759013,2023Q3,590,13,3,Female,Parent,0,"MIXED CROP FARMER (BEANS, MILLET, BAMBARA BEANS, MAIZE,GROUNDNUT)",Private Informal,Other land / farm.,66,Mole-Dagbani,,Widowed
659008,2023Q2,590,8,1,Male,Head,Primary,"MIXED CROP FARMER  (YANS, GROUNDNUTS   PEPPER,  MILLETS,  MAIZE, BEANS ETC)",Private Informal,Own land / farm,55,Mole-Dagbani,Ashanti.,Married (Customary/Traditional)
259017,2022Q2,590,17,1,Male,Head,Middle,"MIXED CROP FARMER (GROUNDNUTS, YAM, MAIZE)",Private Informal,Other land / farm.,71,Mole-Dagbani,,Married (Customary/Traditional)
359016,2022Q3,590,16,2,Female,Spouse (Wife/Husband/Living together),SSS/SHS,"MIXED CROP FARMER (GROUNDNUT, MILLET, BEANS, MAIZE ETC)",Private Informal,Own land / farm,26,Mole-Dagbani,,Married (Customary/Traditional)
659003,2023Q2,590,3,2,Female,Spouse (Wife/Husband/Living together),0,"MIXED CROP FARMER  (YANS, GROUNDNUTS   PEPPER,  MILLETS,  MAIZE, BEANS ETC)",Private Informal,Own land / farm,44,Mole-Dagbani,Upper West,Married (Other type)
559011,2023Q1,590,11,1,Female,Head,0,"MIXED CROP FARMER (GROUNDNUT, MAIZE, OKRO,BAMBARA BEANS)",Private Informal,Own land / farm,52,Mole-Dagbani,,Never married
259013,2022Q2,590,13,2,Female,Spouse (Wife/Husband/Living together),0,"MIXED CROP FARMER (MAIZE, BEANS,MILLET,PEPPER, OKRO,YAM AND GROUNDNUTS)",Private Informal,Other land / farm.,31,Mole-Dagbani,Upper West,Married (Customary/Traditional)
159011,2022Q1,590,11,1,Female,Head,0,"MIXED CROP FARMER (GROUNDNUT, OKRO,MAIZE, MILLET)",Private Informal,Other land / farm.,51,Mole-Dagbani,,Never married
159005,2022Q1,590,5,2,Female,Spouse (Wife/Husband/Living together),Primary,"MIXED CROP FARMER (MILLET GROUNDNUT, BAMBARA BEANS)",Private Informal,Other land / farm.,24,Mole-Dagbani,,Informal/living together
659008,2023Q2,590,8,2,Female,Spouse (Wife/Husband/Living together),0,"MIXED CROP FARMER  (YANS, GROUNDNUTS   PEPPER,  MILLETS,  MAIZE, BEANS ETC)",Private Informal,Own land / farm,53,Mole-Dagbani,,Married (Customary/Traditional)
759013,2023Q3,590,13,1,Male,Head,Primary,"MIXED CROP FARMER (BEANS, MILLET, BAMBARA BEANS, MAIZE,GROUNDNUT)",Private Informal,Own land / farm,31,Mole-Dagbani,,Married (Customary/Traditional)
159016,2022Q1,590,16,1,Male,Head,SSS/SHS,"MIXED CROP FARMER ( GROUNDNUT, MAIZE, MILLET, BEANS,BAMBARA BEANS)",Private Informal,Own land / farm,30,Mole-Dagbani,,Married (Customary/Traditional)
359016,2022Q3,590,16,5,Male,Brother/Sister,Primary,"MIXED CROP FARMER (GROUNDNUT, MILLET, BEANS, MAIZE ETC)",Private Informal,Own land / farm,20,Mole-Dagbani,,Never married
659015,2023Q2,590,15,1,Male,Head,SSS/SHS,"MIXED CROP FARMER (GROUNDNUT, MAIZE, MILLET, BEANS)",Private Informal,Own land / farm,35,Mole-Dagbani,,Married (Customary/Traditional)
259007,2022Q2,590,7,1,Female,Head,0,"MIXED CROP FARMER (MAIZE, BEANS, GROUNDNUT, ETC)",Private Informal,Own land / farm,58,Mole-Dagbani,Upper West,Widowed
759003,2023Q3,590,3,2,Female,Spouse (Wife/Husband/Living together),0,"MIXED CROP FARMER ( MAIZE, GROUNDNUTS,  MILLETS, BEANS ETC)",Private Informal,Own land / farm,44,Mole-Dagbani,Upper West,Married (Other type)
359013,2022Q3,590,13,1,Male,Head,Primary,"MIXED CROP FARMER (GROUNDNUT, MILLET, BEANS, MAIZE ETC)",Private Informal,Own land / farm,31,Mole-Dagbani,,Married (Customary/Traditional)
359017,2022Q3,590,17,2,Female,Spouse (Wife/Husband/Living together),0,"MIXED CROP FARMER (GROUNDNUT, MILLET, BEANS, MAIZE ETC)",Private Informal,Own land / farm,50,Mole-Dagbani,,Married (Customary/Traditional)
359012,2022Q3,590,12,1,Female,Head,0,"MIXED CROP FARMER (GROUNDNUT, MILLET, BEANS, MAIZE ETC)",Private Informal,Own land / farm,47,Mole-Dagbani,Upper West,Widowed
559002,2023Q1,590,2,1,Female,Head,0,"MIXED CROP FARMER (MAIZE, MILLETS,YAM, BEANS AND GROUNDNUTS)",Private Informal,Own land / farm,67,Mole-Dagbani,,Married (Customary/Traditional)
159013,2022Q1,590,13,3,Female,Parent,0,"MIXED CROP FARMER ( MAIZE,YAM,OKRO,GROUNDNUT)",Private Informal,Other land / farm.,65,Mole-Dagbani,,Widowed
159015,2022Q1,590,15,1,Male,Head,SSS/SHS,"MIXED CROP FARMER ( MAIZE, MILLET, BAMBARA BEANS, BEANS, GROUNDNUT)",Private Informal,Own land / farm,34,Mole-Dagbani,,Married (Customary/Traditional)
559005,2023Q1,590,5,2,Female,Spouse (Wife/Husband/Living together),Primary,"MIXED CROP FARMER (GROUNDNUT,  MAIZE M BEANS,  MILLET ETC)",Private Informal,Own land / farm,25,Mole-Dagbani,,Informal/living together
259018,2022Q2,590,18,1,Male,Head,0,"MIXED CROP FARMER (MAIZE, GROUNDNUT)",Private Informal,Other land / farm.,30,Mole-Dagbani,,Married (Customary/Traditional)
359001,2022Q3,590,1,1,Female,Head,Primary,"MIXED CROP FARMER (GROUNDNUT, MILLET, BEANS, MAIZE ETC)",Private Informal,Home,35,Mole-Dagbani,,Married (Islamic)
659002,2023Q2,590,2,1,Female,Head,0,"MIXED CROP FARMER  (YANS, GROUNDNUTS   PEPPER,  MILLETS,  MAIZE, BEANS ETC)",Private Informal,Own land / farm,67,Mole-Dagbani,,Married (Customary/Traditional)
359015,2022Q3,590,15,2,Female,Spouse (Wife/Husband/Living together),JSS/JHS,"MIXED CROP FARMER (GROUNDNUT, MILLET, BEANS, MAIZE ETC)",Private Informal,Own land / farm,26,Mole-Dagbani,,Married (Customary/Traditional)
359003,2022Q3,590,3,2,Female,Spouse (Wife/Husband/Living together),0,"MIXED CROP FARMER (GROUNDNUT, MILLET, YAM ETC)",Private Informal,Own land / farm,43,Mole-Dagbani,Upper West,Married (Other type)
359014,2022Q3,590,14,2,Female,Spouse (Wife/Husband/Living together),0,"MIXED CROP FARMER (GROUNDNUT, MILLET, BEANS, MAIZE ETC)",Private Informal,Own land / farm,78,Mole-Dagbani,,Married (Islamic)
359005,2022Q3,590,5,1,Male,Head,Primary,"MIXED CROP FARMER (GROUNDNUT, MILLET, YAM ETC)",Private Informal,Own land / farm,33,Mole-Dagbani,,Informal/living together
359008,2022Q3,590,8,2,Female,Spouse (Wife/Husband/Living together),0,"MIXED CROP FARMER (GROUNDNUT, MILLET, BEANS, MAIZE ETC)",Private Informal,Own land / farm,52,Mole-Dagbani,,Married (Customary/Traditional)
359011,2022Q3,590,11,1,Female,Head,0,"MIXED CROP FARMER (GROUNDNUT, MILLET, BEANS, MAIZE ETC)",Private Informal,Own land / farm,52,Mole-Dagbani,,Never married
659009,2023Q2,590,9,1,Male,Head,Primary,"MIXED CROP FARMER ( BEANS,  YAM  GROUNDNUT,  MILLET,  MAIZE  ETC)",Private Informal,Own land / farm,28,Mole-Dagbani,,Married (Customary/Traditional)
559003,2023Q1,590,3,2,Female,Spouse (Wife/Husband/Living together),0,"MIXED CROP FARMER (MILLETS, BEANS AND GROUNDNUTS)",Private Informal,Other land / farm.,44,Mole-Dagbani,Upper West,Married (Other type)
559005,2023Q1,590,5,1,Male,Head,Primary,"MIXED CROP FARMER (GROUNDNUT,  MAIZE M BEANS,  MILLET ETC)",Private Informal,Own land / farm,34,Mole-Dagbani,,Informal/living together
359010,2022Q3,590,10,1,Male,Head,Primary,"MIXED CROP FARMER (GROUNDNUT, MILLET, BEANS, MAIZE ETC)",Private Informal,Own land / farm,39,Mole-Dagbani,,Married (Customary/Traditional)
659013,2023Q2,590,13,1,Male,Head,Primary,"MIXED CROP FARMER (GROUNDNUT, MAIZE, BAMBARA BEANS, BEANS, MILLET)",Private Informal,Other land / farm.,31,Mole-Dagbani,,Married (Customary/Traditional)
159002,2022Q1,590,2,3,Female,Child (Son/Daughter),Primary,"MIXED CROP FARMER ( GROUNDNUT, BEANS,MILLET)",Private Informal,Own land / farm,27,Mole-Dagbani,,Never married
159017,2022Q1,590,17,1,Male,Head,Middle,"MIXED CROP FARMER ( MAIZE, YAM,GROUNDNUT)",Private Informal,Other land / farm.,71,Mole-Dagbani,,Married (Customary/Traditional)
159016,2022Q1,590,16,5,Male,Brother/Sister,Primary,"MIXED CROP FARMER ( MAIZE, MILLET, BAMBARA BEANS, BEANS, GROUNDNUT)",Private Informal,Own land / farm,19,Mole-Dagbani,,Never married
259014,2022Q2,590,14,2,Female,Spouse (Wife/Husband/Living together),0,"MIXED CROP FARMER (MAIZE, BEANS,MILLET,PEPPER, OKRO,YAM AND GROUNDNUTS)",Private Informal,Other land / farm.,78,Mole-Dagbani,,Married (Islamic)
259015,2022Q2,590,15,1,Male,Head,SSS/SHS,"MIXED CROP FARMER (MAIZE, BEANS,MILLET,PEPPER, OKRO,YAM AND GROUNDNUTS)",Private Informal,Own land / farm,34,Mole-Dagbani,,Married (Customary/Traditional)
759015,2023Q3,590,15,2,Female,Spouse (Wife/Husband/Living together),JSS/JHS,"MIXED CROP FARMER (GROUNDNUT, MILLET, BEANS, OKRO, PEPPER)",Private Informal,Other land / farm.,27,Mole-Dagbani,,Married (Customary/Traditional)
759005,2023Q3,590,5,1,Male,Head,Primary,"MIXED CROP FARMER ( MAIZE,  MILLET,  GROUNDNUT,  MAIZE ETC)",Private Informal,Own land / farm,34,Mole-Dagbani,,Informal/living together
359018,2022Q3,590,18,2,Female,Spouse (Wife/Husband/Living together),JSS/JHS,"MIXED CROP FARMER (GROUNDNUT, MILLET, BEANS, MAIZE ETC)",Private Informal,Own land / farm,30,Mole-Dagbani,Upper West,Married (Customary/Traditional)
359010,2022Q3,590,10,2,Female,Spouse (Wife/Husband/Living together),Primary,"MIXED CROP FARMER (GROUNDNUT, MILLET, BEANS, MAIZE ETC)",Private Informal,Own land / farm,32,Mole-Dagbani,Upper West,Married (Customary/Traditional)
659013,2023Q2,590,13,2,Female,Spouse (Wife/Husband/Living together),0,"MIXED CROP FARMER (MAIZE, GROUNDNUT, BAMBARA BEANS, MILLET)",Private Informal,Other land / farm.,31,Mole-Dagbani,Upper West,Married (Customary/Traditional)
359006,2022Q3,590,6,1,Female,Head,0,"MIXED CROP FARMER (GROUNDNUT, MILLET, BEANS, MAIZE ETC)",Private Informal,Own land / farm,52,Mole-Dagbani,,Widowed
159010,2022Q1,590,10,2,Female,Spouse (Wife/Husband/Living together),Primary,"MIXED CROP FARMER ( MAIZE, GROUNDNUT, MILLET, YAM)",Private Informal,Own land / farm,32,Mole-Dagbani,Upper West,Married (Customary/Traditional)
259005,2022Q2,590,5,2,Female,Spouse (Wife/Husband/Living together),Primary,"MIXED CROP FARMER (MAIZE, BEANS, GROUNDNUT, ETC)",Private Informal,Own land / farm,24,Mole-Dagbani,,Informal/living together
259010,2022Q2,590,10,1,Male,Head,Primary,"MIXED CROP FARMER ( MAIZE,GROUNDNUT, MILLET,BEANS)",Private Informal,Own land / farm,39,Mole-Dagbani,,Married (Customary/Traditional)
359003,2022Q3,590,3,1,Male,Head,0,"MIXED CROP FARMER (GROUNDNUT, MILLET, YAM ETC)",Private Informal,Own land / farm,51,Mole-Dagbani,,Married (Other type)
359005,2022Q3,590,5,2,Female,Spouse (Wife/Husband/Living together),Primary,"MIXED CROP FARMER (GROUNDNUT, MILLET, YAM ETC)",Private Informal,Own land / farm,24,Mole-Dagbani,,Informal/living together
359017,2022Q3,590,17,8,Male,Step child,JSS/JHS,"MIXED CROP FARMER (GROUNDNUT, MILLET, BEANS, MAIZE ETC)",Private Informal,Own land / farm,22,Mole-Dagbani,,Never married
259016,2022Q2,590,16,1,Male,Head,SSS/SHS,"MIXED CROP FARMER (MILLET,MAIZE,BAMBARA BEANS, COWPEA,YAM,OKRO,TOMATOES,PEPPER)",Private Informal,Own land / farm,31,Mole-Dagbani,,Married (Customary/Traditional)
159010,2022Q1,590,10,1,Male,Head,Primary,"MIXED CROP FARMER ( MAIZE, GROUNDNUT, MILLET, YAM)",Private Informal,Own land / farm,39,Mole-Dagbani,,Married (Customary/Traditional)
359016,2022Q3,590,16,1,Male,Head,SSS/SHS,"MIXED CROP FARMER (GROUNDNUT, MILLET, BEANS, MAIZE ETC)",Private Informal,Own land / farm,31,Mole-Dagbani,,Married (Customary/Traditional)
659005,2023Q2,590,5,2,Female,Spouse (Wife/Husband/Living together),Primary,"MIXED CROP FARMER ( BEANS,  YAM  GROUNDNUT,  MILLET,  MAIZE  ETC)",Private Informal,Own land / farm,25,Mole-Dagbani,,Informal/living together
259011,2022Q2,590,11,1,Female,Head,0,"MIXED CROP FARMER (MAIZE,MILLET, GROUNDNUT, BAMBARA BEANS)",Private Informal,Own land / farm,51,Mole-Dagbani,,Never married
459009,2022Q4,590,9,1,Male,Head,Primary,"MIXED CROP FARMER SUCH AS MAIZE, GROUNDNUT, MILLET",Private Informal,Own land / farm,28,Mole-Dagbani,,Married (Customary/Traditional)
359004,2022Q3,590,4,1,Female,Head,0,"MIXED CROP FARMER (GROUNDNUT, MILLET, BEANS, MAIZE ETC)",Private Informal,Own land / farm,64,Mole-Dagbani,,Married (Customary/Traditional)
359013,2022Q3,590,13,2,Female,Spouse (Wife/Husband/Living together),0,"MIXED CROP FARMER (GROUNDNUT, MILLET, BEANS, MAIZE ETC)",Private Informal,Own land / farm,31,Mole-Dagbani,Upper West,Married (Customary/Traditional)
159013,2022Q1,590,13,1,Male,Head,Primary,"MIXED CROP FARMER ( MAIZE, OKRO,YAM, GROUNDNUT)",Private Informal,Other land / farm.,31,Mole-Dagbani,,Married (Customary/Traditional)
359017,2022Q3,590,17,1,Male,Head,Middle,"MIXED CROP FARMER (GROUNDNUT, MILLET, BEANS, MAIZE ETC)",Private Informal,Own land / farm,72,Mole-Dagbani,,Married (Customary/Traditional)
359008,2022Q3,590,8,1,Male,Head,Primary,"MIXED CROP FARMER (GROUNDNUT, MILLET, BEANS, MAIZE ETC)",Private Informal,Own land / farm,54,Mole-Dagbani,Ashanti.,Married (Customary/Traditional)
359007,2022Q3,590,7,1,Female,Head,0,"MIXED CROP FARMER (GROUNDNUT, MILLET, BEANS, MAIZE ETC)",Private Informal,Own land / farm,58,Mole-Dagbani,Upper West,Widowed
159016,2022Q1,590,16,4,Female,Parent,Primary,"MIXED CROP FARMER ( MAIZE, MILLET, BAMBARA BEANS, BEANS, GROUNDNUT)",Private Informal,Own land / farm,51,Mole-Dagbani,,Widowed
659011,2023Q2,590,11,1,Female,Head,0,"MIXED CROP FARMER (GROUNDNUT, MAIZE, OKRO,BAMBARA BEANS, BEANS,OKRO, PEPPER)",Private Informal,Other land / farm.,53,Mole-Dagbani,,Never married
659102,2023Q2,591,2,2,Female,Spouse (Wife/Husband/Living together),0,"MIXED CROP FARMER (MAIZE,  MILLET, GROUNDNUT, YAM ETC)",Private Informal,Own land / farm,46,Mole-Dagbani,Ashanti.,Married (Customary/Traditional)
559112,2023Q1,591,12,1,Male,Head,Postmiddle/secondary certificate,"MIXED CROP FARMER ( MAIZE, MILLETS AND BEANS)",Private Informal,Own land / farm,69,Mole-Dagbani,Savannah,Married (Customary/Traditional)
759112,2023Q3,591,12,2,Female,Spouse (Wife/Husband/Living together),0,"MIXED CROP FARMER ( MAIZE, MILLETS ,BEANS, SORGHUM, RICE",Private Informal,Other land / farm.,62,Mole-Dagbani,Upper West,Married (Customary/Traditional)
659103,2023Q2,591,3,4,Male,Child (Son/Daughter),Primary,"MIXED CROP FARMER (MAIZE,  MILLET, GROUNDNUT, YAM ETC)",Private Informal,Own land / farm,19,Mole-Dagbani,,Never married
359102,2022Q3,591,2,1,Male,Head,0,"MIXED CROP FARMER (MAIZE,PEPPER,BEANS)",Private Informal,Own land / farm,49,Mole-Dagbani,Bono,Married (Customary/Traditional)
359114,2022Q3,591,14,4,Male,Child (Son/Daughter),SSS/SHS,"MIXED CROP FARMER (MAIZE, SORGHUM, BEANS,CASSAVA)",Private Informal,Own land / farm,22,Mole-Dagbani,,Never married
659114,2023Q2,591,14,1,Male,Head,0,"MIXED CROP FARMER (CASSAVA, MILLETS, BEANS, GROUNDNUTS, OKRO, YAM, RICE, PEPPER, OKRO)",Private Informal,Own land / farm,52,Mole-Dagbani,Bono,Married (Customary/Traditional)
659108,2023Q2,591,8,7,Female,Spouse (Wife/Husband/Living together),JSS/JHS,"MIXED CROP FARMER (OKRO, PEPPER, MAIZE, MILLET, SORGHUM, BAMBARA  BEANS)",Private Informal,Own land / farm,44,Mole-Dagbani,,Married (Customary/Traditional)
659113,2023Q2,591,13,1,Male,Head,Middle,"MIXED CROP FARMER (MAIZE,SORGHUM)",Private Informal,Own land / farm,70,Mole-Dagbani,Upper West,Married (Customary/Traditional)
259103,2022Q2,591,3,4,Male,Child (Son/Daughter),Primary,"MIXED CROP FARMER (GROUNDNUTS  ,MAIZE, COWPEA, YAM, )",Private Informal,Own land / farm,18,Mole-Dagbani,,Never married
559112,2023Q1,591,12,3,Female,Other relative,SSS/SHS,"MIXED CROP FARMER ( MAIZE, MILLETS AND BEANS)",Private Informal,Other land / farm.,32,Mole-Dagbani,Central.,Married (Customary/Traditional)
759114,2023Q3,591,14,8,Male,Other relative,SSS/SHS,"MIXED CROP FARMER (MILLET, GROUNDNUTS, CASSAVA, TOMATOES, BEANS, SORGHUM)",Private Informal,Other land / farm.,19,Mole-Dagbani,,Never married
159114,2022Q1,591,14,3,Male,Child (Son/Daughter),SSS/SHS,"MIXED CROP FARMER (MAIZE, SORGHUM,COWPEA)",,Own land / farm,25,Mole-Dagbani,,Never married
559108,2023Q1,591,8,1,Male,Head,0,"MIXED CROP FARMER (SORGHUM, MAIZE,BAMBARA BEANS, BEANS, YAM,MILLET)",Private Informal,Own land / farm,51,Mole-Dagbani,,Married (Customary/Traditional)
659112,2023Q2,591,12,2,Female,Spouse (Wife/Husband/Living together),0,"MIXED CROP FARMER (GROUNDNUTS, MAIZE, BEANS, OKRO, PEPPER)",Private Informal,Other land / farm.,62,Mole-Dagbani,Upper West,Married (Customary/Traditional)
159102,2022Q1,591,2,3,Male,Child (Son/Daughter),Primary,"MIXED CROP FARMER (MAIZE,RICE,COWPEA",Private Informal,Own land / farm,21,Mole-Dagbani,,Never married
759114,2023Q3,591,14,1,Male,Head,0,"MIXED CROP FARMER (MILLET, GROUNDNUTS, CASSAVA, TOMATOES, BEANS, SORGHUM)",Private Informal,Own land / farm,52,Mole-Dagbani,Bono,Married (Customary/Traditional)
659115,2023Q2,591,15,1,Female,Head,Primary,"MIXED CROP FARMER (MAIZE, MILLETS, BEANS, BAMBARA BEANS, OKRO, PEPPER)",Private Informal,Other land / farm.,30,Mole-Dagbani,Upper West,Married (Customary/Traditional)
659108,2023Q2,591,8,11,Female,Spouse (Wife/Husband/Living together),Primary,"MIXED CROP FARMER (GROUNDNUT, MAIZE, BAMBARA BEANS, PEPPER, OKRO,)",Private Informal,Own land / farm,39,Mole-Dagbani,,Married (Customary/Traditional)
559102,2023Q1,591,2,1,Male,Head,Primary,"MIXED CROP FARMER (GROUNDNUT,  MAIZE,  BEANS,  YAM, MILLET ETC)",Private Informal,Own land / farm,50,Mole-Dagbani,Bono,Married (Customary/Traditional)
359108,2022Q3,591,8,7,Female,Spouse (Wife/Husband/Living together),0,"MIXED CROP FARMER (MAIZE,GROUNDNUT, COWPEA, BAMBARA BEANS, MAIZE,SORGHUM, MILLET, YAM, PEPPER, OKRO)",Private Informal,Own land / farm,43,Mole-Dagbani,,Married (Customary/Traditional)
659108,2023Q2,591,8,2,Female,Spouse (Wife/Husband/Living together),0,"MIXED CROP FARMER (BAMBARA BEANS, BEANS, MILLET, MAIZE, SORGHUM, PEPPER, OKRO)",Private Informal,Own land / farm,45,Mole-Dagbani,Upper West,Married (Customary/Traditional)
159114,2022Q1,591,14,7,Male,Other relative,Tertiary - Post graduate certificate / diploma,"MIXED CROP FARMER (MAIZE, SORGHUM,COWPEA,CASSAVA",,Own land / farm,20,Mole-Dagbani,,Never married
259112,2022Q2,591,12,1,Male,Head,Postmiddle/secondary certificate,"MIXED CROP FARMER (MAIZE, BEANS,MILLET,PEPPER, OKRO AND GROUNDNUTS)",Private Informal,Own land / farm,68,Mole-Dagbani,Savannah,Married (Customary/Traditional)
359116,2022Q3,591,16,1,Male,Head,Primary,"MIXED CROP FARMER (MAIZE, SORGHUM, BEANS, GROUNDNUT BAMBARA BEANS, OKRO)",Private Informal,Own land / farm,44,Mole-Dagbani,Bono,Married (Customary/Traditional)
559114,2023Q1,591,14,8,Male,Other relative,JSS/JHS,"MIXED CROP FARMER (MAIZE, MILLETS AND BEANS)",Private Informal,Other land / farm.,19,Mole-Dagbani,,Never married
359106,2022Q3,591,6,1,Male,Head,SSS/SHS,"MIXED CROP FARMER (SORGHUM, MAIZE, BEANS)",Private Informal,Own land / farm,42,Mole-Dagbani,,Married (Customary/Traditional)
659114,2023Q2,591,14,8,Male,Other relative,SSS/SHS,"MIXED CROP FARMER (GROUNDNUTS, BEANS, MILLETS, YAM, MAIZE, OKRO)",Private Informal,Other land / farm.,19,Mole-Dagbani,,Never married
259102,2022Q2,591,2,2,Female,Spouse (Wife/Husband/Living together),0,"MIXED CROP FARMER (OKRO,PEPPER, COWPEA,GROUNDNUT, MAIZE)",Private Informal,Own land / farm,44,Mole-Dagbani,Ashanti.,Married (Customary/Traditional)
659108,2023Q2,591,8,8,Female,Child (Son/Daughter),JSS/JHS,"MIXED CROP FARMER (MAIZE, MILLET, SORGHUM, BAMBARA BEANS, OKRO, PEPPER)",Private Informal,Own land / farm,18,Mole-Dagbani,,Never married
359118,2022Q3,591,18,1,Female,Head,0,"MIXED CROP FARMER (GROUNDNUTS ,BEANS, OKRO, PEPPER)",Private Informal,Own land / farm,64,Mole-Dagbani,Savannah,Widowed
259108,2022Q2,591,8,1,Male,Head,0,"MIXED CROP FARMER (MAIZE, EANS, BAMBARA BEANS, GROUNDNUT)",Private Informal,Other land / farm.,50,Mole-Dagbani,,Married (Customary/Traditional)
259111,2022Q2,591,11,1,Male,Head,Primary,"MIXED CROP FARMER (MAIZE, BEANS,MILLET,PEPPER, OKRO AND GROUNDNUTS)",Private Informal,Other land / farm.,33,Mole-Dagbani,,Married (Customary/Traditional)
659111,2023Q2,591,11,2,Female,Spouse (Wife/Husband/Living together),Primary,"MIXED CROP FARMER (MAIZE,MILLET, OKRO, PEPPER, BAMBARA BEANS, BEANS)",Private Informal,Other land / farm.,34,Mole-Dagbani,Upper West,Married (Customary/Traditional)
759113,2023Q3,591,13,1,Male,Head,Middle,"MIXED CROP FARMER (MAIZE, TOMATOES, GUINEA CORN, MILLETS, BEANS)",Private Informal,Own land / farm,71,Mole-Dagbani,Upper West,Married (Customary/Traditional)
159103,2022Q1,591,3,3,Male,Child (Son/Daughter),JSS/JHS,"MIXED CROP FARMER (GROUNDNUTS, MAIZE)",Private Informal,Own land / farm,22,Mole-Dagbani,,Never married
659110,2023Q2,591,10,1,Male,Head,0,"MIXED CROP FARMER (SORGHUM, PEPPER,MAIZE,OKRO,BEANS,BAMBARA BEANS,CASSAVA, TOMATOES)",Private Informal,Other land / farm.,41,Mole-Dagbani,Bono,Married (Customary/Traditional)
359116,2022Q3,591,16,2,Female,Spouse (Wife/Husband/Living together),0,"MIXED CROP FARMER (MAIZE, OKRO,PEPPER)",Private Informal,Own land / farm,31,Mole-Dagbani,,Married (Customary/Traditional)
659109,2023Q2,591,9,1,Female,Head,0,"MIXED CROP FARMER (BEANS, GROUNDNUT, MILLET, BAMBARA BEANS,OKRO, PEPPER)",Private Informal,Other land / farm.,68,Mole-Dagbani,Bono,Widowed
159116,2022Q1,591,16,1,Male,Head,Primary,"MIXED CROP FARMER (MAIZE,SORGHUM, COWPEA,BAMBARA BEANS)",Private Informal,Own land / farm,43,Mole-Dagbani,Bono,Married (Customary/Traditional)
159102,2022Q1,591,2,2,Female,Spouse (Wife/Husband/Living together),0,"MIXED CROP FARMER (MAIZE ,GROUNDNUT, OKRO,PEPPER )",Private Informal,Own land / farm,44,Mole-Dagbani,Ashanti.,Married (Customary/Traditional)
159103,2022Q1,591,3,1,Male,Head,0,"MIXED CROP FARMER (MAIZE,GROUNDNUT,)",Private Informal,Own land / farm,49,Mole-Dagbani,,Married (Customary/Traditional)
259107,2022Q2,591,7,1,Male,Head,Primary,"MIXED CROP FARMER ( MAIZE,GROUNDNUT, BAMBARA BEANS, BEANS )",Private Informal,Own land / farm,27,Mole-Dagbani,,Married (Customary/Traditional)
159103,2022Q1,591,3,6,Female,Parent,0,"MIXED CROP FARMER (MAIZE,GROUNDNUTS)",Private Informal,Own land / farm,75,Mole-Dagbani,,Widowed
259110,2022Q2,591,10,2,Female,Spouse (Wife/Husband/Living together),Primary,"MIXED CROP FARMER (MAIZE, BEANS,BAMBARA BEANS AND GROUNDNUTS)",Private Informal,Other land / farm.,28,Mole-Dagbani,Savannah,Married (Customary/Traditional)
659118,2023Q2,591,18,1,Female,Head,0,"MIXED CROP FARMER (MAIZE,  MILLET, GROUNDNUT, YAM ETC)",Private Informal,Own land / farm,65,Mole-Dagbani,Savannah,Widowed
359117,2022Q3,591,17,1,Male,Head,Tertiary - Bachelor's Degree,"MIXED CROP FARMER (MAIZE, SORGHUM)",Local NGO/CSO,Own land / farm,27,Mole-Dagbani,,Never married
659110,2023Q2,591,10,2,Female,Spouse (Wife/Husband/Living together),JSS/JHS,"MIXED CROP FARMER (GROUNDNUT, MAIZE, BAMBARA BEANS, MILLET, SORGHUM, OKRO, PEPPER)",Private Informal,Other land / farm.,29,Mole-Dagbani,Savannah,Married (Customary/Traditional)
759108,2023Q3,591,8,7,Female,Spouse (Wife/Husband/Living together),JSS/JHS,"MIXED CROP FARMER (MAIZE, MILLET, SORGHUM, YAM, BAMBARA BEANS, BEANS, GROUNDNUT)",Private Informal,Other land / farm.,44,Mole-Dagbani,,Married (Customary/Traditional)
159110,2022Q1,591,10,1,Male,Head,0,"MIXED CROP FARMER (MAIZE,YAM,SORGHUM,BAMBARA BEANS,BEANS)",Private Informal,Own land / farm,39,Mole-Dagbani,Bono,Married (Customary/Traditional)
659113,2023Q2,591,13,3,Female,Child (Son/Daughter),,"MIXED CROP FARMER (MAIZE, SORGHUM)",Private Informal,Own land / farm,20,Mole-Dagbani,,Never married
759114,2023Q3,591,14,7,Male,Other relative,Tertiary - Post graduate certificate / diploma,"MIXED CROP FARMER (MILLET, GROUNDNUTS, CASSAVA, TOMATOES, BEANS, SORGHUM)",Private Informal,Other land / farm.,22,Mole-Dagbani,,Never married
559113,2023Q1,591,13,3,Female,Child (Son/Daughter),,MIXED CROP FARMER (MAIZE AND TOMATOES),Private Informal,Other land / farm.,20,Mole-Dagbani,,Never married
159107,2022Q1,591,7,1,Male,Head,Primary,"MIXED CROP FARMER (COWPEA, MAIZE, BAMBARA BEANS)",,Own land / farm,27,Mole-Dagbani,,Married (Customary/Traditional)
359105,2022Q3,591,5,4,Female,Other relative,JSS/JHS,"MIXED CROP FARMER (MAIZE,COWPEA, BAMBARA BEANS, OKRO,PEPPER)",,,18,Mole-Dagbani,Bono,Never married
359108,2022Q3,591,8,11,Female,Spouse (Wife/Husband/Living together),0,"MIXED CROP FARMER ( MAIZE, MILLET, COWPEA, OKRO, PEPPER,GROUNDNUT, SORGHUM)",Private Informal,Own land / farm,39,Mole-Dagbani,,Married (Customary/Traditional)
359109,2022Q3,591,9,1,Female,Head,0,"MIXED CROP FARMER (OKRO, PEPPER, MAIZE, BEANS, BAMBARA BEANS)",Private Informal,Own land / farm,68,Mole-Dagbani,Bono,Widowed
359108,2022Q3,591,8,4,Male,Child (Son/Daughter),Primary,"MIXED CROP FARMER (MAIZE, GROUNDNUT, COWPEA, BAMBARA BEANS, YAM, MAIZE, MILLET)",Private Informal,Own land / farm,18,Mole-Dagbani,,Never married
359110,2022Q3,591,10,1,Male,Head,0,"MIXED CROP FARMER ( SORGHUM, RICE,MAIZE,BEANS, YAM,POTATOES,BAMBARA BEANS.",Private Informal,Own land / farm,40,Mole-Dagbani,Bono,Married (Customary/Traditional)
659108,2023Q2,591,8,4,Male,Child (Son/Daughter),Primary,"MIXED CROP FARMER (GROUNDNUT, MAIZE, BAMBARA  BEANS, BEANS, MILLET, SORGHUM, OKRO, PEPPER, YAM)",Private Informal,Own land / farm,19,Mole-Dagbani,,Never married
359114,2022Q3,591,14,8,Male,Other relative,JSS/JHS,"MIXED CROP FARMER (SORGHUM, MAIZE, BEANS,CASSAVA)",Private Informal,Own land / farm,18,Mole-Dagbani,,Never married
159116,2022Q1,591,16,3,Male,Child (Son/Daughter),JSS/JHS,"MIXED CROP FARMER (MAIZE,SORGHUM,BAMBARA BEANS, COWPEA)",Private Informal,Own land / farm,19,Mole-Dagbani,,Never married
559110,2023Q1,591,10,1,Male,Head,0,"MIXED CROP FARMER (SORGHUM,PEPPER, TOMATOES, MAIZE,MILLET,BEANS,YAM)",Private Informal,Other land / farm.,40,Mole-Dagbani,Bono,Married (Customary/Traditional)
759118,2023Q3,591,18,1,Female,Head,0,"MIXED CROP FARMER ( MAIZE,  GROUNDNUT,  YAM,  BEANS ETC)",Private Informal,Own land / farm,65,Mole-Dagbani,Savannah,Widowed
759109,2023Q3,591,9,1,Female,Head,0,"MIXED CROP FARMER (MAIZE, BEANS, GROUNDNUT, OKRO, PEPPER)",Private Informal,Other land / farm.,69,Mole-Dagbani,Bono,Widowed
359114,2022Q3,591,14,7,Male,Other relative,Tertiary - Post graduate certificate / diploma,"MIXED CROP FARMER (SORGHUM, MAIZE, BEANS,CASSAVA)",Private Informal,Own land / farm,21,Mole-Dagbani,,Never married
659114,2023Q2,591,14,4,Male,Child (Son/Daughter),SSS/SHS,"MIXED CROP FARMER (MILLET, MAIZE, BEANS, GROUNDNUTS, YAM)",Private Informal,Other land / farm.,22,Mole-Dagbani,,Never married
759113,2023Q3,591,13,3,Female,Child (Son/Daughter),,"MIXED CROP FARMER (MAIZE, TOMATOES, GUINEA CORN, MILLETS, BEANS)",Private Informal,Other land / farm.,21,Mole-Dagbani,,Never married
659108,2023Q2,591,8,1,Male,Head,0,"MIXED CROP FARMER (BAMBARA BEANS, BEANS, SORGHUM, MILLET, MAIZE, YAM, PEPPER)",Private Informal,Own land / farm,51,Mole-Dagbani,,Married (Customary/Traditional)
359105,2022Q3,591,5,1,Male,Head,0,"MIXED CROP FARMER (MAIZE,SORGHUM)",Private Informal,Own land / farm,30,Mole-Dagbani,Bono,Never married
159110,2022Q1,591,10,2,Female,Spouse (Wife/Husband/Living together),Primary,"MIXED CROP FARMER (FARMER (MAIZE,YAM,BAMBARA BEANS,SORGHUM, BEANS)",Private Informal,Own land / farm,27,Mole-Dagbani,Savannah,Married (Customary/Traditional)
559103,2023Q1,591,3,4,Male,Child (Son/Daughter),Primary,"MIXED CROP FARMER (GROUNDNUT,  MAIZE,  BEANS,  YAM, MILLET ETC)",Private Informal,Own land / farm,19,Mole-Dagbani,,Never married
159108,2022Q1,591,8,1,Male,Head,0,"MIXED FARMER (GUINEAFOWL,CHICKEN,COW,DUCK)(MAIZE,GROUNDNUT, COWPEA,SORBHUM,BAMBARA BEANS,YAM)",,Own land / farm,50,Mole-Dagbani,,Married (Customary/Traditional)
259105,2022Q2,591,5,1,Male,Head,0,"MIXED CROP FARMER ( MAIZE,BAMBARA BEANS, BEANS )",Private Informal,Other land / farm.,29,Mole-Dagbani,Bono,Never married
159114,2022Q1,591,14,2,Female,Spouse (Wife/Husband/Living together),0,"MIXED CROP FARMER (MAIZE, SORGHUM,COWPEA, CASSAVA,PEPPER,OKRO",,Own land / farm,50,Mole-Dagbani,Upper West,Married (Customary/Traditional)
259103,2022Q2,591,3,2,Female,Spouse (Wife/Husband/Living together),0,"MIXED CROP FARMER (MAIZE,GROUNDNUT, BAMBARA BEANS, COWPEA, OKRO,PEPPER)",Private Informal,Own land / farm,37,Mole-Dagbani,Upper West,Married (Customary/Traditional)
159107,2022Q1,591,7,2,Female,Spouse (Wife/Husband/Living together),0,"MIXED CROP FARMER (MAIZE, COWPEA, BAMBARA BEANS)",,Own land / farm,26,Mole-Dagbani,Upper West,Married (Customary/Traditional)
359111,2022Q3,591,11,2,Female,Spouse (Wife/Husband/Living together),0,"MIXED CROP FARMER (MAIZE, COWPEA, OKRO, PEPPER, RICE)",Private Informal,Own land / farm,33,Mole-Dagbani,Upper West,Married (Customary/Traditional)
759108,2023Q3,591,8,1,Male,Head,0,"MIXED CROP FARMER (MAIZE, MILLET, SORGHUM, YAM, BAMBARA BEANS, BEANS, GROUNDNUT)",Private Informal,Own land / farm,51,Mole-Dagbani,,Married (Customary/Traditional)
259103,2022Q2,591,3,1,Male,Head,0,"MIXED CROP FARMER (MAIZE,GROUNDNUT, COWPEA, BAMBARA BEANS, YAM,RICE)",Private Informal,Own land / farm,49,Mole-Dagbani,,Married (Customary/Traditional)
359108,2022Q3,591,8,1,Male,Head,0,"MIXED CROP FARMER (SORGHUM, MAIZE, BAMBARA BEANS, COWPEA,MILLET,YAM)",Private Informal,Own land / farm,50,Mole-Dagbani,,Married (Customary/Traditional)
559108,2023Q1,591,8,2,Female,Spouse (Wife/Husband/Living together),0,"MIXED CROP FARMER (MAIZE, MILLET, BEANS, BAMBARA BEANS, SORGHUM)",Private Informal,Own land / farm,45,Mole-Dagbani,Upper West,Married (Customary/Traditional)
159114,2022Q1,591,14,4,Male,Child (Son/Daughter),SSS/SHS,"MIXED CROP FARMER (MAIZE, SORGHUM,CASSAVA, COWPEA",,Own land / farm,21,Mole-Dagbani,,Never married
659102,2023Q2,591,2,1,Male,Head,Primary,"MIXED CROP FARMER (MAIZE,  MILLET, GROUNDNUT, YAM ETC)",Private Informal,Own land / farm,50,Mole-Dagbani,Bono,Married (Customary/Traditional)
659112,2023Q2,591,12,3,Female,Other relative,SSS/SHS,"MIXED CROP FARMER (MAIZE, GROUNDNUTS, OKRO, PEPPER, BEANS)",Private Informal,Other land / farm.,32,Mole-Dagbani,Central.,Married (Customary/Traditional)
559114,2023Q1,591,14,1,Male,Head,0,"MIXED CROP FARMER (MAIZE, MILLETS AND BEANS)",Private Informal,Own land / farm,52,Mole-Dagbani,Bono,Married (Customary/Traditional)
359103,2022Q3,591,3,1,Male,Head,0,"MIXED CROP FARMER (MAIZE, GROUNDNUT, BAMBARA BEANS, BEANS)",Private Informal,Own land / farm,50,Mole-Dagbani,,Married (Customary/Traditional)
759111,2023Q3,591,11,1,Male,Head,JSS/JHS,"MIXED CROP FARMER (MILLET, MAIZE, BAMBARA BEANS, BEANS, GROUNDNUT, OKRO, PEPPER)",Private Informal,Own land / farm,34,Mole-Dagbani,,Married (Customary/Traditional)
559112,2023Q1,591,12,2,Female,Spouse (Wife/Husband/Living together),0,"MIXED CROP FARMER ( MAIZE, MILLETS AND BEANS)",Private Informal,Other land / farm.,61,Mole-Dagbani,Upper West,Married (Customary/Traditional)
259112,2022Q2,591,12,3,Female,Other relative,SSS/SHS,"MIXED CROP FARMER (MAIZE, BEANS,MILLET,PEPPER, OKRO AND GROUNDNUTS)",Private Informal,Other land / farm.,31,Mole-Dagbani,Central.,Married (Customary/Traditional)
259106,2022Q2,591,6,1,Male,Head,SSS/SHS,"MIXED CROP FARMER ( MAIZE,MILLET, YAMS, GROUNDNUT)",Private Informal,Own land / farm,42,Mole-Dagbani,,Married (Customary/Traditional)
159114,2022Q1,591,14,8,Male,Other relative,JSS/JHS,"MIXED CROP FARMER (MAIZE, SORGHUM,COWPEA,CASSAVA)",,Own land / farm,18,Mole-Dagbani,,Never married
559114,2023Q1,591,14,7,Male,Other relative,Postmiddle/secondary diploma,"MIXED CROP FARMER (MAIZE, MILLETS AND BEANS)",Private Informal,Other land / farm.,21,Mole-Dagbani,,Never married
359103,2022Q3,591,3,6,Female,Parent,0,"MIXED CROP FARMER (MAIZE,PEPPER, OKRO)",,,75,Mole-Dagbani,,Widowed
759118,2023Q3,591,18,2,Female,Child (Son/Daughter),SSS/SHS,"MIXED CROP FARMER ( MAIZE,  GROUNDNUT,  YAM,  BEANS ETC)",Private Informal,Own land / farm,24,Mole-Dagbani,,Never married
159111,2022Q1,591,11,2,Female,Spouse (Wife/Husband/Living together),0,"MIXED CROP FARMER (MAIZE,GROUNDNUT,,BAMBARA BEANS, COWPEA)",Private Informal,Own land / farm,33,Mole-Dagbani,Upper West,Married (Customary/Traditional)
159115,2022Q1,591,15,1,Female,Head,Primary,"MIXED CROP FARMER (,MAIZE,COWPEA,BAMBARA BEANS)",,Own land / farm,29,Mole-Dagbani,Upper West,Married (Customary/Traditional)
259111,2022Q2,591,11,2,Female,Spouse (Wife/Husband/Living together),0,"MIXED CROP FARMER (MAIZE, BEANS,MILLET,PEPPER, OKRO AND GROUNDNUTS)",Private Informal,Other land / farm.,33,Mole-Dagbani,Upper West,Married (Customary/Traditional)
159103,2022Q1,591,3,4,Male,Child (Son/Daughter),Primary,"MIXED CROP FARMER (MAIZE,GROUNDNUTS)",Private Informal,Own land / farm,18,Mole-Dagbani,,Never married
359107,2022Q3,591,7,2,Female,Spouse (Wife/Husband/Living together),0,"MIXED CROP FARMER (SORGHUM, OKRO,PEPPER,MAIZE,BEANS)",Private Informal,Own land / farm,27,Mole-Dagbani,Upper West,Married (Customary/Traditional)
259102,2022Q2,591,2,3,Male,Child (Son/Daughter),Primary,"MIXED CROP FARMER (MAIZE, GROUNDNUT, MILLET,OKRO,PEPPER)",Private Informal,Own land / farm,21,Mole-Dagbani,,Never married
259109,2022Q2,591,9,1,Female,Head,0,"MIXED CROP FARMER (MAIZE, BEANS,MILLET,PEPPER, OKRO AND GROUNDNUTS)",Private Informal,Own land / farm,67,Mole-Dagbani,Bono,Widowed
359107,2022Q3,591,7,1,Male,Head,Primary,"MIXED CROP FARMER (BEANS,SORGHUM,MAIZE)",Private Informal,Own land / farm,27,Mole-Dagbani,,Married (Customary/Traditional)
759103,2023Q3,591,3,2,Female,Spouse (Wife/Husband/Living together),0,"MIXED CROP FARMER ( MAIZE,  GROUNDNUT,  YAM,  BEANS ETC)",Private Informal,Own land / farm,39,Mole-Dagbani,Upper West,Married (Customary/Traditional)
759108,2023Q3,591,8,4,Male,Child (Son/Daughter),Primary,"MIXED CROP FARMER (MAIZE, MILLET, SORGHUM, YAM, BAMBARA BEANS, BEANS, GROUNDNUT)",Private Informal,Other land / farm.,19,Mole-Dagbani,,Never married
559113,2023Q1,591,13,1,Male,Head,Middle,"MIXEDMIXED CROP FARMER (MAIZE, TOMATOES AND GUINEACORN)",Private Informal,Own land / farm,70,Mole-Dagbani,Upper West,Married (Customary/Traditional)
359112,2022Q3,591,12,2,Female,Spouse (Wife/Husband/Living together),0,"MIXED CROP FARMER (MAIZE ,SORGHUM, BEANS, OKRO, PEPPER,TOMATOES)",Private Informal,Own land / farm,61,Mole-Dagbani,Upper West,Married (Customary/Traditional)
659103,2023Q2,591,3,1,Male,Head,0,"MIXED CROP FARMER (MAIZE,  MILLET, GROUNDNUT, YAM ETC)",Private Informal,Own land / farm,50,Mole-Dagbani,,Married (Customary/Traditional)
759114,2023Q3,591,14,4,Male,Child (Son/Daughter),SSS/SHS,"MIXED CROP FARMER (MILLET, GROUNDNUTS, CASSAVA, TOMATOES, BEANS, SORGHUM)",Private Informal,Other land / farm.,23,Mole-Dagbani,,Never married
759110,2023Q3,591,10,1,Male,Head,0,"MIXED CROP FARMER (CASSAVA, BEANS, BAMBARA BEANS, OKRO,PEPPER, TOMATOES, MAIZE)",Private Informal,Other land / farm.,41,Mole-Dagbani,Bono,Married (Customary/Traditional)
559103,2023Q1,591,3,2,Female,Spouse (Wife/Husband/Living together),0,"MIXED CROP FARMER (GROUNDNUT,  MAIZE,  BEANS,  YAM, MILLET ETC)",Private Informal,Own land / farm,38,Mole-Dagbani,Upper West,Married (Customary/Traditional)
259103,2022Q2,591,3,3,Male,Child (Son/Daughter),JSS/JHS,"MIXED CROP FARMER (MAIZE, GROUNDNUT, BAMBARA BEANS, YAM)",Private Informal,Own land / farm,22,Mole-Dagbani,,Never married
759115,2023Q3,591,15,1,Female,Head,Primary,"MIXED CROP FARMER (MAIZE, SORGHUM, OKRO, PEPPER)",Private Informal,Own land / farm,31,Mole-Dagbani,Upper West,Married (Customary/Traditional)
159108,2022Q1,591,8,3,Female,Child (Son/Daughter),JSS/JHS,"MIXED CROP FARMER (MAIZE,GROUNDNUT,COWPEA SORGHUM,BAMBARA BEANS)",,Own land / farm,21,Mole-Dagbani,,Never married
759103,2023Q3,591,3,4,Male,Child (Son/Daughter),Primary,"MIXED CROP FARMER ( MAIZE,  GROUNDNUT,  YAM,  BEANS ETC)",Private Informal,Own land / farm,20,Mole-Dagbani,,Never married
159109,2022Q1,591,9,1,Female,Head,0,"MIXED CROP FARMER (MAIZE, COWPEA, BAMBARA BEANS",,Own land / farm,67,Mole-Dagbani,Bono,Widowed
559112,2023Q1,591,12,6,Female,Other relative,JSS/JHS,"MIXED CROP FARMER ( MAIZE, MILLETS AND BEANS)",Private Informal,Other land / farm.,18,Mole-Dagbani,Bono East,Never married
259110,2022Q2,591,10,1,Male,Head,0,"MIXED CROP FARMER (MAIZE, BEANS,BAMBARA BEANS AND GROUNDNUTS)",Private Informal,Other land / farm.,39,Mole-Dagbani,Bono,Married (Customary/Traditional)
759110,2023Q3,591,10,2,Female,Spouse (Wife/Husband/Living together),JSS/JHS,"MIXED CROP FARMER (CASSAVA, BEANS, BAMBARA BEANS, OKRO,PEPPER, TOMATOES, MAIZE)",Private Informal,Other land / farm.,29,Mole-Dagbani,Savannah,Married (Customary/Traditional)
359112,2022Q3,591,12,3,Female,Other relative,SSS/SHS,"MIXED CROP FARMER (OKRO, PEPPER, MAIZE, SORGHUM)",Private Informal,Own land / farm,31,Mole-Dagbani,Central.,Married (Customary/Traditional)
759102,2023Q3,591,2,2,Female,Spouse (Wife/Husband/Living together),0,"MIXED CROP FARMER ( MAIZE,  GROUNDNUT,  YAM,  BEANS ETC)",Private Informal,Own land / farm,46,Mole-Dagbani,Ashanti.,Married (Customary/Traditional)
759108,2023Q3,591,8,8,Female,Child (Son/Daughter),JSS/JHS,"MIXED CROP FARMER (MAIZE, MILLET, SORGHUM, YAM, BAMBARA BEANS, BEANS, GROUNDNUT)",Private Informal,Other land / farm.,18,Mole-Dagbani,,Never married
359114,2022Q3,591,14,1,Male,Head,0,"MIXED CROP FARMER (MAIZE, BEANS,SORGHUM,TOMATOES,CASSAVA)",Private Informal,Own land / farm,51,Mole-Dagbani,Bono,Married (Customary/Traditional)
259106,2022Q2,591,6,2,Female,Spouse (Wife/Husband/Living together),Primary,"MIXED CROP FARMER ( BAMBARA BEANS, BWANS)",Private Informal,Other land / farm.,37,Mole-Dagbani,Bono,Married (Customary/Traditional)
559103,2023Q1,591,3,1,Male,Head,0,"MIXED CROP FARMER (GROUNDNUT,  MAIZE,  BEANS,  YAM, MILLET ETC)",Private Informal,Own land / farm,50,Mole-Dagbani,,Married (Customary/Traditional)
559108,2023Q1,591,8,11,Female,Spouse (Wife/Husband/Living together),Primary,"MIXED CROP FARMER (MAIZE, MILLET, SORGHUM, BEANS, BAMBARA BEANS, GROUNDNUT)",Private Informal,Own land / farm,39,Mole-Dagbani,,Married (Customary/Traditional)
559109,2023Q1,591,9,1,Female,Head,0,"MIXED CROP FARMER (BEANS, GROUNDNUT, BAMBARA BEANS, MAIZE)",Private Informal,Own land / farm,68,Mole-Dagbani,Bono,Widowed
259102,2022Q2,591,2,1,Male,Head,0,"MIXED CROP FARMER (MAIZE,GROUNDNUT, MILLET,YAM)",Private Informal,Own land / farm,49,Mole-Dagbani,Bono,Married (Customary/Traditional)
559108,2023Q1,591,8,7,Female,Spouse (Wife/Husband/Living together),JSS/JHS,"MIXED CROP FARMER (GROUNDNUT, BAMBARA BEANS)",Private Informal,Own land / farm,43,Mole-Dagbani,,Married (Customary/Traditional)
559108,2023Q1,591,8,8,Female,Child (Son/Daughter),JSS/JHS,"MIXED CROP FARMER (MAIZE, GROUNDNUT, MILLET, SORGHUM, BAMBARA BEANS, BEANS)",Private Informal,Own land / farm,18,Mole-Dagbani,,Never married
659114,2023Q2,591,14,2,Female,Spouse (Wife/Husband/Living together),0,"MIXED CROP FARMER (MILLET, OKRO, TOMATOES, PEPPER, BEANS, GROUNDNUTS, MAIZE)",Private Informal,Own land / farm,51,Mole-Dagbani,Upper West,Married (Customary/Traditional)
659103,2023Q2,591,3,2,Female,Spouse (Wife/Husband/Living together),0,"MIXED CROP FARMER (MAIZE,  MILLET, GROUNDNUT, YAM ETC)",Private Informal,Own land / farm,39,Mole-Dagbani,Upper West,Married (Customary/Traditional)
359112,2022Q3,591,12,1,Male,Head,Postmiddle/secondary certificate,"MIXED CROP FARMER (MAIZE, BEANS,SORGHUM)",Private Informal,Own land / farm,68,Mole-Dagbani,Savannah,Married (Customary/Traditional)
359108,2022Q3,591,8,2,Female,Spouse (Wife/Husband/Living together),0,"MIXED CROP FARMER (BEANS, OKRO, TOMATOES, BAMBARA BEANS, MAIZE, MILLET)",Private Informal,Own land / farm,44,Mole-Dagbani,Upper West,Married (Customary/Traditional)
559110,2023Q1,591,10,2,Female,Spouse (Wife/Husband/Living together),JSS/JHS,"MIXED CROP FARMER (BEANS, BAMBARA BEANS, GROUNDNUT, MAIZE, MILLET)",Private Informal,Other land / farm.,28,Mole-Dagbani,Savannah,Married (Customary/Traditional)
259112,2022Q2,591,12,2,Female,Spouse (Wife/Husband/Living together),0,"MIXED CROP FARMER (MAIZE, BEANS,MILLET,PEPPER, OKRO AND GROUNDNUTS)",Private Informal,Other land / farm.,60,Mole-Dagbani,Upper West,Married (Customary/Traditional)
359102,2022Q3,591,2,2,Female,Spouse (Wife/Husband/Living together),0,"MIXED CROP FARMER (PEPPER, MAIZE, BEANS, OKRO)",Private Informal,Own land / farm,45,Mole-Dagbani,Ashanti.,Married (Customary/Traditional)
559108,2023Q1,591,8,4,Male,Child (Son/Daughter),Primary,"MIXED CROP FARMER (GROUNDNUT, MAIZE, BAMBARA BEANS, BEANS, MILLET, SORGHUM)",Private Informal,Own land / farm,19,Mole-Dagbani,,Never married
159102,2022Q1,591,2,1,Male,Head,0,"MIXED CROP FARMER (MAIZE,RICE,COWPEA",Private Informal,Own land / farm,49,Mole-Dagbani,Bono,Married (Customary/Traditional)
559114,2023Q1,591,14,2,Female,Spouse (Wife/Husband/Living together),0,"MIXED CROP FARMER (MAIZE, MILLETS AND BEANS)",Private Informal,Other land / farm.,51,Mole-Dagbani,Upper West,Married (Customary/Traditional)
559115,2023Q1,591,15,1,Female,Head,Primary,"MIXED CROP FARMER ( MAIZE, MILLETS AND BEANS)",Private Informal,Other land / farm.,30,Mole-Dagbani,Upper West,Married (Customary/Traditional)
159112,2022Q1,591,12,1,Male,Head,Postmiddle/secondary certificate,"MIXED CROP FARMER (SORGHUM ,MAIZE,OKRO,PEPPER)",,Own land / farm,68,Mole-Dagbani,Savannah,Married (Customary/Traditional)
659112,2023Q2,591,12,6,Female,Other relative,JSS/JHS,"MIXED CROP FARMER (GROUNDNUTS, MAIZE, OKRO, PEPPER, BEANS)",Private Informal,Other land / farm.,19,Mole-Dagbani,Bono East,Never married
659114,2023Q2,591,14,7,Male,Other relative,Tertiary - Post graduate certificate / diploma,"MIXED CROP FARMER (MILLET, MAIZE, BEANS, GROUNDNUTS, OKRO, YAM)",Private Informal,Other land / farm.,22,Mole-Dagbani,,Never married
359113,2022Q3,591,13,3,Female,Child (Son/Daughter),SSS/SHS,"MIXED CROP FARMER (MAIZE, SORGHUM)",,,19,Mole-Dagbani,,Never married
759112,2023Q3,591,12,6,Female,Other relative,JSS/JHS,"MIXED CROP FARMER (MAIZE, MILLETS ,BEANS, SORGHUM, RICE)",Private Informal,Other land / farm.,19,Mole-Dagbani,Bono East,Never married
159108,2022Q1,591,8,7,Female,Spouse (Wife/Husband/Living together),0,"MIXED CROP FARMER (MAIZE,GROUNDNUT,,COWPEA, BAMBARA BEANS,YAM,SORGHUM)",,Own land / farm,42,Mole-Dagbani,,Married (Customary/Traditional)
759112,2023Q3,591,12,1,Male,Head,Postmiddle/secondary certificate,"MIXED CROP FARMER (MAIZE, MILLETS ,BEANS, SORGHUM, RICE)",Private Informal,Own land / farm,69,Mole-Dagbani,Savannah,Married (Customary/Traditional)
259108,2022Q2,591,8,4,Male,Child (Son/Daughter),Primary,"MIXED CROP FARMER ( MAIZE,MILLET,GROUNDNUT, BAMBARA BEANS, BEANS  PEPPER AND OKRO)",Private Informal,Other land / farm.,18,Mole-Dagbani,,Never married
559102,2023Q1,591,2,2,Female,Spouse (Wife/Husband/Living together),0,"MIXED CROP FARMER (GROUNDNUT,  MAIZE,  BEANS,  YAM, MILLET ETC)",Private Informal,Own land / farm,45,Mole-Dagbani,Ashanti.,Married (Customary/Traditional)
559103,2023Q1,591,3,3,Male,Child (Son/Daughter),JSS/JHS,"MIXED CROP FARMER (GROUNDNUT,  MAIZE,  BEANS,  YAM, MILLET ETC)",Private Informal,Own land / farm,23,Mole-Dagbani,,Never married
159111,2022Q1,591,11,1,Male,Head,Primary,"MIXED CROP FARMER (MAIZE,GROUNDNUT,BAMBARA BEANS,COWPEA)",Private Informal,Own land / farm,32,Mole-Dagbani,,Married (Customary/Traditional)
359106,2022Q3,591,6,2,Female,Spouse (Wife/Husband/Living together),Primary,"MIXED CROP FARMER (OKRO, PEPPER, MAIZE, BEANS, SORGHUM)",Private Informal,Own land / farm,37,Mole-Dagbani,Bono,Married (Customary/Traditional)
359112,2022Q3,591,12,6,Female,Other relative,JSS/JHS,"MIXED CROP FARMER (MAIZE, PEPPER, OKRO)",Private Informal,Own land / farm,18,Mole-Dagbani,Bono East,Never married
359110,2022Q3,591,10,2,Female,Spouse (Wife/Husband/Living together),Primary,"MIXED CROP FARMER (PEPPER,OKRO,TOMATOES, MAIZE,BEANS, BAMBARA BEANS,SORGHUM)",Private Informal,Own land / farm,28,Mole-Dagbani,Savannah,Married (Customary/Traditional)
359105,2022Q3,591,5,3,Female,Other relative,0,"MIXED CROP FARMER (BEANS,BAMBARA BEANS, MAIZE,PEPPER,OKRO)",Private Informal,Own land / farm,38,Mole-Dagbani,Upper West,Separated
759108,2023Q3,591,8,11,Female,Spouse (Wife/Husband/Living together),Primary,"MIXED CROP FARMER (MAIZE, MILLET, SORGHUM, YAM, BAMBARA BEANS, BEANS, GROUNDNUT,OKRO, PEPPER)",Private Informal,Other land / farm.,40,Mole-Dagbani,,Married (Customary/Traditional)
159116,2022Q1,591,16,2,Female,Spouse (Wife/Husband/Living together),0,"MIXED CROP FARMER (MAIZE,SORGHUM,COWPEA, BAMBARA BEANS)",Private Informal,Own land / farm,31,Mole-Dagbani,,Married (Customary/Traditional)
659112,2023Q2,591,12,1,Male,Head,Postmiddle/secondary certificate,"MIXED CROP FARMER (MAIZE, BEANS, GROUNDNUTS, OKRO, PEPPER,BAMBARA BEANS)",Private Informal,Own land / farm,69,Mole-Dagbani,Savannah,Married (Customary/Traditional)
659111,2023Q2,591,11,1,Male,Head,JSS/JHS,"MIXED CROP FARMER (MAIZE, GROUNDNUT, RICE, BAMBARA BEANS, MILLET)",Private Informal,Other land / farm.,34,Mole-Dagbani,,Married (Customary/Traditional)
159105,2022Q1,591,5,3,Female,Other relative,0,"MIXED CROP FARMER (MAIZE,COWPEA,BAMBARA BEANS)",,Own land / farm,37,Mole-Dagbani,Upper West,Separated
359114,2022Q3,591,14,2,Female,Spouse (Wife/Husband/Living together),0,"MIXED CROP FARMER (SORGHUM, MAIZE, BEANS, PEPPER, OKRO)",Private Informal,Own land / farm,50,Mole-Dagbani,Upper West,Married (Customary/Traditional)
759103,2023Q3,591,3,1,Male,Head,0,"MIXED CROP FARMER ( MAIZE,  GROUNDNUT,  YAM,  BEANS ETC)",Private Informal,Own land / farm,51,Mole-Dagbani,,Married (Customary/Traditional)
159108,2022Q1,591,8,11,Female,Spouse (Wife/Husband/Living together),0,"MIXED CROP FARMER (MAIZE,GROUNDNUT,,SORGHUM,COWPEA, BAMBARA BEANS)",,Own land / farm,38,Mole-Dagbani,,Married (Customary/Traditional)
659118,2023Q2,591,18,2,Female,Child (Son/Daughter),SSS/SHS,"MIXED CROP FARMER (MAIZE,  MILLET, GROUNDNUT, YAM ETC)",Private Informal,Own land / farm,24,Mole-Dagbani,,Never married
359108,2022Q3,591,8,3,Female,Child (Son/Daughter),JSS/JHS,"MIXED CROP FARMER (OKRO,PEPPER, BAMBARA BEANS,MAIZE, COWPEA)",Private Informal,Own land / farm,21,Mole-Dagbani,,Never married
359103,2022Q3,591,3,2,Female,Spouse (Wife/Husband/Living together),0,"MIXED CROP FARMER (GROUNDNUTS, OKRO, PEPPER, MAIZE, BEANS, BAMBARA BEANS)",Private Informal,Own land / farm,38,Mole-Dagbani,Upper West,Married (Customary/Traditional)
359111,2022Q3,591,11,1,Male,Head,Primary,"MIXED CROP FARMER (RICE, MAIZE,BEANS)",Private Informal,Own land / farm,33,Mole-Dagbani,,Married (Customary/Traditional)
359113,2022Q3,591,13,1,Male,Head,Middle,"MIXED CROP FARMER (MAIZE,SORGHUM)",,,70,Mole-Dagbani,Upper West,Married (Customary/Traditional)
759111,2023Q3,591,11,2,Female,Spouse (Wife/Husband/Living together),Primary,"MIXED CROP FARMER (MILLET, MAIZE, BAMBARA BEANS, BEANS, GROUNDNUT, OKRO, PEPPER,RICE)",Private Informal,Other land / farm.,35,Mole-Dagbani,Upper West,Married (Customary/Traditional)
759102,2023Q3,591,2,1,Male,Head,Primary,"MIXED CROP FARMER ( MAIZE,  GROUNDNUT,  YAM,  BEANS ETC)",Private Informal,Own land / farm,50,Mole-Dagbani,Bono,Married (Customary/Traditional)
159207,2022Q1,592,7,2,Female,Spouse (Wife/Husband/Living together),0,"MIXED CROP FARMER (MAIZE,MILLETS, YAM,GROUNDNUTS, BAMBARA BEANS AND BEANS)",Private Informal,Other land / farm.,42,Mole-Dagbani,,Married (Customary/Traditional)
159201,2022Q1,592,1,3,Male,Child (Son/Daughter),Primary,"MIXED CROP FARMER (MAIZE,MILLETS, YAM,GROUNDNUTS, BAMBARA BEANS AND BEANS)",Private Informal,Other land / farm.,19,Mole-Dagbani,,Never married
559211,2023Q1,592,11,1,Male,Head,0,"MIXED CROP FARMER ( GROUNDNUT,  MAIZE, MILLET , BEANS ETC)",Private Informal,Own land / farm,46,Mole-Dagbani,,Married (Customary/Traditional)
659215,2023Q2,592,15,2,Female,Spouse (Wife/Husband/Living together),0,"MIXED CROP FARMER (MAIZE, MILLETS, BEANS,BAMBARA BEANS AND GROUNDNUTS",Private Informal,Other land / farm.,22,Mole-Dagbani,,Married (Customary/Traditional)
759206,2023Q3,592,6,1,Male,Head,0,"MIXED CROP FARMER (MAIZE, MILLET, BEANS, GROUNDNUT, MILLET)",Private Informal,Own land / farm,69,Mole-Dagbani,,Married (Customary/Traditional)
759217,2023Q3,592,17,4,Male,Child (Son/Daughter),Primary,"MIXED CROP FARMER MAIZE, YAM, BEANS, SOYA BEANS, BAMBARA BEANS, MILLET",Private Informal,Other land / farm.,21,Mole-Dagbani,,Never married
659208,2023Q2,592,8,1,Male,Head,0,"MIXED CROP FARMER (MAIZE, GROUNDNUT, BAMBARA BEANS, MILLET,BEANS)",Private Informal,Own land / farm,36,Mole-Dagbani,,Married (Customary/Traditional)
559205,2023Q1,592,5,1,Male,Head,0,"MIXED CROP FARMER (MILLET, MAIZE, YAM, BAMBARA BEANS, BEANS, GROUNDNUT)",Private Informal,Own land / farm,72,Mole-Dagbani,,Married (Customary/Traditional)
759217,2023Q3,592,17,1,Male,Head,0,"MIXED CROP FARMER MAIZE, YAM, BEANS, SOYA BEANS, BAMBARA BEANS, MILLET",Private Informal,Own land / farm,48,Mole-Dagbani,,Married (Customary/Traditional)
159218,2022Q1,592,18,2,Male,Child (Son/Daughter),0,"MIXED CROP FARMER (MAIZE,MILLETS, YAM,GROUNDNUTS, BAMBARA BEANS AND BEANS)",Private Informal,Other land / farm.,20,Mole-Dagbani,,Never married
559217,2023Q1,592,17,1,Male,Head,0,"MIXED CROP FARMER (MAIZE, MILLETS, BEANS AND GROUNDNUTS)",Private Informal,Own land / farm,48,Mole-Dagbani,,Married (Customary/Traditional)
159212,2022Q1,592,12,1,Male,Head,0,"MIXED CROP FARMER (MAIZE,MILLETS, YAM,GROUNDNUTS, BAMBARA BEANS AND BEANS)",Private Informal,Own land / farm,41,Mole-Dagbani,,Married (Customary/Traditional)
159211,2022Q1,592,11,5,Female,Spouse (Wife/Husband/Living together),0,"MIXED CROP FARMER (MAIZE,MILLETS, YAM,GROUNDNUTS, BAMBARA BEANS AND BEANS)",Private Informal,Other land / farm.,35,Mole-Dagbani,,Married (Customary/Traditional)
159216,2022Q1,592,16,2,Female,Spouse (Wife/Husband/Living together),0,"MIXED CROP FARMER (MAIZE,MILLETS, YAM,GROUNDNUTS, BAMBARA BEANS AND BEANS)",Private Informal,Other land / farm.,20,Mole-Dagbani,,Married (Customary/Traditional)
359213,2022Q3,592,13,1,Male,Head,Primary,A FARMER WHO GROW CEREAL CROPS,Private Informal,Own land / farm,69,Mole-Dagbani,,Married (Customary/Traditional)
159201,2022Q1,592,1,2,Female,Spouse (Wife/Husband/Living together),0,"MIXED CROP FARMER (MAIZE,MILLETS, YAM,GROUNDNUTS, BAMBARA BEANS AND BEANS)",Private Informal,Other land / farm.,41,Mole-Dagbani,,Married (Customary/Traditional)
559211,2023Q1,592,11,2,Female,Spouse (Wife/Husband/Living together),0,"MIXED CROP FARMER (GROUNDNUT,  MAIZE, MILLET , BEANS ETC)",Private Informal,Own land / farm,40,Mole-Dagbani,,Married (Customary/Traditional)
659214,2023Q2,592,14,2,Female,Spouse (Wife/Husband/Living together),Middle,"MIXED CROP FARMER (MAIZE, MILLETS, BEANS,BAMBARA BEANS AND GROUNDNUTS",Private Informal,Other land / farm.,51,Mole-Dagbani,,Married (Customary/Traditional)
659210,2023Q2,592,10,3,Female,Spouse (Wife/Husband/Living together),0,"MIXED CROP FARMER ( MAIZE,  RICE, GROUNDNUT,  MILLET ETC)",Private Informal,Own land / farm,60,Mole-Dagbani,,Married (Customary/Traditional)
659218,2023Q2,592,18,2,Male,Child (Son/Daughter),0,"MIXED CROP FARMER (MAIZE, MILLETS, BEANS,BAMBARA BEANS AND GROUNDNUTS",Private Informal,Other land / farm.,22,Mole-Dagbani,,Never married
659217,2023Q2,592,17,4,Male,Child (Son/Daughter),Primary,"MIXED CROP FARMER (MAIZE, MILLETS, BEANS,BAMBARA BEANS AND GROUNDNUTS",Private Informal,Other land / farm.,21,Mole-Dagbani,,Never married
659217,2023Q2,592,17,3,Male,Child (Son/Daughter),0,"MIXED CROP FARMER (MAIZE, MILLETS, BEANS,BAMBARA BEANS AND GROUNDNUTS",Private Informal,Other land / farm.,22,Mole-Dagbani,,Never married
659214,2023Q2,592,14,1,Male,Head,0,"MIXED CROP FARMER (MAIZE, MILLETS, BEANS,BAMBARA BEANS AND GROUNDNUTS",Private Informal,Own land / farm,60,Mole-Dagbani,,Married (Customary/Traditional)
659208,2023Q2,592,8,6,Female,Parent,0,"MIXED CROP FARMER (GROUNDNUT, MAIZE, MILLET,,BAMBARA  BEANS, OKRO, PEPPER)",Private Informal,Own land / farm,64,Mole-Dagbani,,Widowed
659215,2023Q2,592,15,1,Male,Head,0,"MIXED CROP FARMER (MAIZE, MILLETS, BEANS,BAMBARA BEANS AND GROUNDNUTS",Private Informal,Other land / farm.,29,Mole-Dagbani,,Married (Customary/Traditional)
559208,2023Q1,592,8,6,Female,Parent,0,"MIXED CROP FARMER (GROUNDNUT, BAMBARA BEANS, MAIZE, MILLET)",Private Informal,Own land / farm,63,Mole-Dagbani,,Widowed
159202,2022Q1,592,2,3,Male,Child (Son/Daughter),Primary,"MIXED CROP FARMER (MAIZE,MILLETS, YAM,GROUNDNUTS, BAMBARA BEANS AND BEANS)",Private Informal,Other land / farm.,19,Mole-Dagbani,,Never married
659217,2023Q2,592,17,1,Male,Head,0,"MIXED CROP FARMER (MAIZE, MILLETS, BEANS,BAMBARA BEANS AND GROUNDNUTS",Private Informal,Other land / farm.,48,Mole-Dagbani,,Married (Customary/Traditional)
659209,2023Q2,592,9,3,Male,Child (Son/Daughter),Primary,"MIXED CROP FARMER ( MAIZE,  RICE, GROUNDNUT,  MILLET ETC)",Private Informal,Own land / farm,19,Mole-Dagbani,,Never married
559206,2023Q1,592,6,2,Female,Spouse (Wife/Husband/Living together),0,"MIXED CROP FARMER (GROUNDNUT, MAIZE, BAMBARA BEANS, BEANS, MILLET)",Private Informal,Own land / farm,57,Mole-Dagbani,,Married (Customary/Traditional)
559209,2023Q1,592,9,3,Male,Child (Son/Daughter),Primary,"MIXED CROP FARMER (YAMS, GROUNDNUT, MAIZE,  MILLET ETC)",Private Informal,Own land / farm,18,Mole-Dagbani,,Never married
759209,2023Q3,592,9,1,Male,Head,0,"MIXED CROP FARMER ( MAIZE,  GROUNDNUT,  YAM,  BEANS,  RICE ETC)",Private Informal,Own land / farm,46,Mole-Dagbani,,Married (Customary/Traditional)
759215,2023Q3,592,15,2,Female,Spouse (Wife/Husband/Living together),0,"MIXED CROP FARMER MAIZE, YAM, BEANS, SOYA BEANS, BAMBARA BEANS, MILLET",Private Informal,Other land / farm.,23,Mole-Dagbani,,Married (Customary/Traditional)
159202,2022Q1,592,2,2,Female,Spouse (Wife/Husband/Living together),0,"MIXED CROP FARMER (MAIZE,MILLETS, YAM,GROUNDNUTS, BAMBARA BEANS AND BEANS)",Private Informal,Other land / farm.,36,Mole-Dagbani,,Married (Customary/Traditional)
559217,2023Q1,592,17,3,Male,Child (Son/Daughter),0,"MIXED CROP FARMER (MAIZE, MILLETS, BEANS AND GROUNDNUTS)",Private Informal,Other land / farm.,22,Mole-Dagbani,,Never married
159209,2022Q1,592,9,2,Female,Spouse (Wife/Husband/Living together),0,"MIXED CROP FARMER (MAIZE,MILLETS, YAM,GROUNDNUTS, BAMBARA BEANS AND BEANS)",Private Informal,Other land / farm.,35,Mole-Dagbani,,Married (Customary/Traditional)
559217,2023Q1,592,17,4,Male,Child (Son/Daughter),Primary,"MIXED CROP FARMER (MAIZE, MILLETS, BEANS AND GROUNDNUTS)",Private Informal,Other land / farm.,21,Mole-Dagbani,,Never married
159210,2022Q1,592,10,2,Female,Spouse (Wife/Husband/Living together),0,"MIXED CROP FARMER (MAIZE,MILLETS, YAM,GROUNDNUTS, BAMBARA BEANS AND BEANS)",Private Informal,Other land / farm.,74,Mole-Dagbani,,Married (Customary/Traditional)
159204,2022Q1,592,4,7,Female,Daughter in-law,Primary,"MIXED CROP FARMER (MAIZE,MILLETS, YAM,GROUNDNUTS, BAMBARA BEANS AND BEANS)",Private Informal,Other land / farm.,24,Mole-Dagbani,Upper West,Married (Customary/Traditional)
759214,2023Q3,592,14,1,Male,Head,0,"MIXED CROP FARMER MAIZE, YAM, BEANS, SOYA BEANS, BAMBARA BEANS, MILLET",Private Informal,Own land / farm,60,Mole-Dagbani,,Married (Customary/Traditional)
159206,2022Q1,592,6,2,Female,Spouse (Wife/Husband/Living together),0,"MIXED CROP FARMER (MAIZE,MILLETS, YAM,GROUNDNUTS, BAMBARA BEANS AND BEANS)",Private Informal,Other land / farm.,56,Mole-Dagbani,,Married (Customary/Traditional)
159217,2022Q1,592,17,1,Male,Head,0,"MIXED CROP FARMER (MAIZE,MILLETS, YAM,GROUNDNUTS, BAMBARA BEANS AND BEANS)",Private Informal,Own land / farm,47,Mole-Dagbani,,Married (Customary/Traditional)
559216,2023Q1,592,16,1,Male,Head,Primary,"MIXED CROP FARMER (MAIZE, MILLETS, BEANS AND GROUNDNUTS)",Private Informal,Other land / farm.,28,Mole-Dagbani,,Married (Customary/Traditional)
759218,2023Q3,592,18,2,Male,Child (Son/Daughter),0,"MIXED CROP FARMER MAIZE, YAM, BEANS, SOYA BEANS, BAMBARA BEANS, MILLET",Private Informal,Other land / farm.,22,Mole-Dagbani,,Never married
559216,2023Q1,592,16,2,Female,Spouse (Wife/Husband/Living together),0,"MIXED CROP FARMER (MAIZE, MILLETS, BEANS AND GROUNDNUTS)",Private Informal,Other land / farm.,21,Mole-Dagbani,,Married (Customary/Traditional)
659205,2023Q2,592,5,1,Male,Head,0,"MIXED CROP FARMER (MILLET, MAIZE, BEANS, BAMBARA BEANS, YAM, GROUNDNUT)",Private Informal,Own land / farm,72,Mole-Dagbani,,Married (Customary/Traditional)
659209,2023Q2,592,9,1,Male,Head,0,"MIXED CROP FARMER ( MAIZE,  RICE, GROUNDNUT,  MILLET ETC)",Private Informal,Own land / farm,46,Mole-Dagbani,,Married (Customary/Traditional)
159208,2022Q1,592,8,6,Female,Parent,0,"MIXED CROP FARMER (MAIZE,MILLETS, YAM,GROUNDNUTS, BAMBARA BEANS AND BEANS)",Private Informal,Own land / farm,62,Mole-Dagbani,,Widowed
759208,2023Q3,592,8,2,Female,Spouse (Wife/Husband/Living together),Nursery,"MIXED CROP FARMER (BEANS, MILLET, BEANS, BAMBARA  BEANS,GROUNDNUT)",Private Informal,Own land / farm,29,Mole-Dagbani,,Married (Customary/Traditional)
559208,2023Q1,592,8,1,Male,Head,0,"MIXED CROP FARMER (MAIZE, GROUNDNUT, MILLET, BEANS, BAMBARA BEANS)",Private Informal,Own land / farm,36,Mole-Dagbani,,Married (Customary/Traditional)
559207,2023Q1,592,7,1,Male,Head,0,"MIXED CROP FARMER (GROUNDNUT, MAIZE, MILLET, BEANS, BAMBARA BEANS, YAM)",Private Informal,Own land / farm,51,Mole-Dagbani,,Married (Customary/Traditional)
659213,2023Q2,592,13,2,Female,Spouse (Wife/Husband/Living together),0,"MIXED CROP FARMER (MAIZE, MILLETS, BEANS,BAMBARA BEANS AND GROUNDNUTS",Private Informal,Other land / farm.,50,Mole-Dagbani,,Married (Customary/Traditional)
559208,2023Q1,592,8,2,Female,Spouse (Wife/Husband/Living together),0,"MIXED CROP FARMER (MAIZE, MILLET, BEANS, BAMBARA BEANS, GROUNDNUT)",Private Informal,Own land / farm,28,Mole-Dagbani,,Married (Customary/Traditional)
559215,2023Q1,592,15,1,Male,Head,0,"MIXED CROP FARMER (MAIZE, MILLETS, BEANS,OKRO AND GROUNDNUTS)",Private Informal,Other land / farm.,28,Mole-Dagbani,,Married (Customary/Traditional)
659205,2023Q2,592,5,2,Female,Spouse (Wife/Husband/Living together),0,"MIXED CROP FARMER (GROUNDNUT, MAIZE, MILLET, BEANS, BAMBARA BEANS)",Private Informal,Own land / farm,56,Mole-Dagbani,Upper West,Married (Customary/Traditional)
159203,2022Q1,592,3,2,Female,Spouse (Wife/Husband/Living together),0,"MIXED CROP FARMER (MAIZE,MILLETS, YAM,GROUNDNUTS, BAMBARA BEANS AND BEANS)",Private Informal,Other land / farm.,25,Mole-Dagbani,,Married (Customary/Traditional)
159204,2022Q1,592,4,2,Male,Child (Son/Daughter),Primary,"MIXED CROP FARMER (MAIZE,MILLETS, YAM,GROUNDNUTS, BAMBARA BEANS AND BEANS)",Private Informal,Other land / farm.,30,Mole-Dagbani,,Married (Customary/Traditional)
159210,2022Q1,592,10,3,Female,Spouse (Wife/Husband/Living together),0,"MIXED CROP FARMER (MAIZE,MILLETS, YAM,GROUNDNUTS, BAMBARA BEANS AND BEANS)",Private Informal,Other land / farm.,59,Mole-Dagbani,,Married (Customary/Traditional)
659212,2023Q2,592,12,2,Female,Spouse (Wife/Husband/Living together),Primary,"MIXED CROP FARMER  ( MILLET,  MAIZE,  GROUNDNUT,  YAM ETC)",Private Informal,Own land / farm,37,Mole-Dagbani,,Married (Customary/Traditional)
759205,2023Q3,592,5,1,Male,Head,0,"MIXED CROP FARMER (MAIZE,MILLET,YAM,SORGHUM, GROUNDNUT,BAMBARA BEANS)",Private Informal,Own land / farm,72,Mole-Dagbani,,Married (Customary/Traditional)
759211,2023Q3,592,11,1,Male,Head,0,"MIXED CROP FARMER ( MAIZE,  GROUNDNUT,  YAM,  BEANS,  RICE ETC)",Private Informal,Own land / farm,46,Mole-Dagbani,,Married (Customary/Traditional)
159218,2022Q1,592,18,1,Female,Head,0,"MIXED CROP FARMER (MAIZE,MILLETS, YAM,GROUNDNUTS, BAMBARA BEANS AND BEANS)",Private Informal,Own land / farm,46,Mole-Dagbani,,Widowed
659213,2023Q2,592,13,1,Male,Head,Primary,"MIXED CROP FARMER (MAIZE, MILLETS, BEANS,BAMBARA BEANS AND GROUNDNUTS",Private Informal,Own land / farm,70,Mole-Dagbani,,Married (Customary/Traditional)
659209,2023Q2,592,9,2,Female,Spouse (Wife/Husband/Living together),0,"MIXED CROP FARMER ( MAIZE,  RICE, GROUNDNUT,  MILLET ETC)",Private Informal,Own land / farm,37,Mole-Dagbani,,Married (Customary/Traditional)
659216,2023Q2,592,16,1,Male,Head,Primary,"MIXED CROP FARMER (MAIZE, MILLETS, BEANS,BAMBARA BEANS AND GROUNDNUTS",Private Informal,Other land / farm.,28,Mole-Dagbani,,Married (Customary/Traditional)
159205,2022Q1,592,5,1,Male,Head,0,"MIXED CROP FARMER (MAIZE,MILLETS, YAM,GROUNDNUTS, BAMBARA BEANS AND BEANS)",Private Informal,Own land / farm,71,Mole-Dagbani,,Married (Customary/Traditional)
659217,2023Q2,592,17,2,Female,Spouse (Wife/Husband/Living together),0,"MIXED CROP FARMER (MAIZE, MILLETS, BEANS,BAMBARA BEANS AND GROUNDNUTS",Private Informal,Other land / farm.,40,Mole-Dagbani,,Married (Customary/Traditional)
759217,2023Q3,592,17,2,Female,Spouse (Wife/Husband/Living together),0,"MIXED CROP FARMER MAIZE, YAM, BEANS, SOYA BEANS, BAMBARA BEANS, MILLET",Private Informal,Other land / farm.,40,Mole-Dagbani,,Married (Customary/Traditional)
159216,2022Q1,592,16,1,Male,Head,0,"MIXED CROP FARMER (MAIZE,MILLETS, YAM,GROUNDNUTS, BAMBARA BEANS AND BEANS)",Private Informal,Other land / farm.,27,Mole-Dagbani,,Married (Customary/Traditional)
159214,2022Q1,592,14,2,Female,Spouse (Wife/Husband/Living together),Middle,"MIXED CROP FARMER (MAIZE,MILLETS, YAM,GROUNDNUTS, BAMBARA BEANS AND BEANS)",Private Informal,Other land / farm.,50,Mole-Dagbani,,Married (Customary/Traditional)
659211,2023Q2,592,11,5,Female,Spouse (Wife/Husband/Living together),0,"MIXED CROP FARMER ( MAIZE,  RICE, GROUNDNUT,  MILLET ETC)",Private Informal,Own land / farm,36,Mole-Dagbani,,Married (Customary/Traditional)
159201,2022Q1,592,1,1,Male,Head,0,"MIXED CROP FARMER (MAIZE,MILLETS, YAM,GROUNDNUTS, BAMBARA BEANS AND BEANS)",Private Informal,Own land / farm,51,Mole-Dagbani,,Married (Customary/Traditional)
659208,2023Q2,592,8,2,Female,Spouse (Wife/Husband/Living together),Nursery,"MIXED CROP FARMER (MAIZE, MILLET, BEANS, GROUNDNUT, BAMBARA BEANS, OKRO, PEPPER)",Private Informal,Own land / farm,28,Mole-Dagbani,,Married (Customary/Traditional)
759210,2023Q3,592,10,1,Male,Head,0,"MIXED CROP FARMER ( MAIZE,  GROUNDNUT,  YAM,  BEANS,  RICE ETC)",Private Informal,Own land / farm,86,Mole-Dagbani,,Married (Customary/Traditional)
759218,2023Q3,592,18,1,Female,Head,0,"MIXED CROP FARMER MAIZE, YAM, BEANS, SOYA BEANS, BAMBARA BEANS, MILLET",Private Informal,Other land / farm.,48,Mole-Dagbani,,Widowed
759213,2023Q3,592,13,1,Male,Head,Primary,"MIXED CROP FARMER MAIZE, YAM, BEANS, SOYA BEANS, BAMBARA BEANS, MILLET",Private Informal,Own land / farm,70,Mole-Dagbani,,Married (Customary/Traditional)
159217,2022Q1,592,17,3,Male,Child (Son/Daughter),0,"MIXED CROP FARMER (MAIZE,MILLETS, YAM,GROUNDNUTS, BAMBARA BEANS AND BEANS)",Private Informal,Other land / farm.,21,Mole-Dagbani,,Never married
559215,2023Q1,592,15,2,Female,Spouse (Wife/Husband/Living together),0,"MIXED CROP FARMER (MAIZE, MILLETS, BEANS AND GROUNDNUTS)",Private Informal,Other land / farm.,22,Mole-Dagbani,,Married (Customary/Traditional)
759207,2023Q3,592,7,3,Female,Spouse (Wife/Husband/Living together),JSS/JHS,"MIXED CROP FARMER (MILLET, BEANS, YAM, MAIZE, GROUNDNUT  )",Private Informal,Own land / farm,30,Mole-Dagbani,Upper West,Married (Customary/Traditional)
759208,2023Q3,592,8,1,Male,Head,0,"MIXED CROP FARMER (BEANS, MILLET, BEANS, BAMBARA  BEANS,GROUNDNUT)",Private Informal,Own land / farm,36,Mole-Dagbani,,Married (Customary/Traditional)
759205,2023Q3,592,5,2,Female,Spouse (Wife/Husband/Living together),0,"MIXED CROP FARMER (MAIZE,MILLET,YAM,SORGHUM, GROUNDNUT,BAMBARA BEANS)",Private Informal,Own land / farm,56,Mole-Dagbani,Upper West,Married (Customary/Traditional)
659211,2023Q2,592,11,1,Male,Head,0,"MIXED CROP FARMER ( MAIZE,  RICE, GROUNDNUT,  MILLET ETC)",Private Informal,Own land / farm,46,Mole-Dagbani,,Married (Customary/Traditional)
159212,2022Q1,592,12,2,Female,Spouse (Wife/Husband/Living together),Primary,"MIXED CROP FARMER (MAIZE,MILLETS, YAM,GROUNDNUTS, BAMBARA BEANS AND BEANS)",Private Informal,Other land / farm.,36,Mole-Dagbani,,Married (Customary/Traditional)
559217,2023Q1,592,17,2,Female,Spouse (Wife/Husband/Living together),0,"MIXED CROP FARMER (MAIZE, MILLETS, BEANS AND GROUNDNUTS)",Private Informal,Other land / farm.,39,Mole-Dagbani,,Married (Customary/Traditional)
559207,2023Q1,592,7,2,Female,Spouse (Wife/Husband/Living together),0,"MIXED CROP FARMER (MILLET, MAIZE, BAMBARA BEANS, GROUNDNUT, BEANS)",Private Informal,Own land / farm,43,Mole-Dagbani,,Married (Customary/Traditional)
159204,2022Q1,592,4,1,Female,Head,0,"MIXED CROP FARMER (MAIZE,MILLETS, YAM,GROUNDNUTS, BAMBARA BEANS AND BEANS)",Private Informal,Own land / farm,70,Mole-Dagbani,,Widowed
159203,2022Q1,592,3,1,Male,Head,0,"MIXED CROP FARMER (MAIZE,MILLETS, YAM,GROUNDNUTS, BAMBARA BEANS AND BEANS)",Private Informal,Other land / farm.,30,Mole-Dagbani,,Married (Customary/Traditional)
659210,2023Q2,592,10,1,Male,Head,0,"MIXED CROP FARMER ( MAIZE,  RICE, GROUNDNUT,  MILLET ETC)",Private Informal,Own land / farm,86,Mole-Dagbani,,Married (Customary/Traditional)
759212,2023Q3,592,12,2,Female,Spouse (Wife/Husband/Living together),Primary,"MIXED CROP FARMER ( MAIZE,  GROUNDNUT,  YAM,  BEANS,  RICE ETC)",Private Informal,Own land / farm,38,Mole-Dagbani,,Married (Customary/Traditional)
659206,2023Q2,592,6,1,Male,Head,0,"MIXED CROP FARMER (GROUNDNUT, BAMBARA BEANS, MAIZE,MILLET, YAM)",Private Informal,Own land / farm,69,Mole-Dagbani,,Married (Customary/Traditional)
759209,2023Q3,592,9,2,Female,Spouse (Wife/Husband/Living together),0,"MIXED CROP FARMER ( MAIZE,  GROUNDNUT,  YAM,  BEANS,  RICE ETC)",Private Informal,Own land / farm,37,Mole-Dagbani,,Married (Customary/Traditional)
159203,2022Q1,592,3,3,Female,Parent,0,"MIXED CROP FARMER (MAIZE,MILLETS, YAM,GROUNDNUTS, BAMBARA BEANS AND BEANS)",Private Informal,Other land / farm.,56,Mole-Dagbani,,Widowed
759217,2023Q3,592,17,3,Male,Child (Son/Daughter),0,"MIXED CROP FARMER MAIZE, YAM, BEANS, SOYA BEANS, BAMBARA BEANS, MILLET",Private Informal,Other land / farm.,23,Mole-Dagbani,,Never married
759214,2023Q3,592,14,2,Female,Spouse (Wife/Husband/Living together),Middle,"MIXED CROP FARMER MAIZE, YAM, BEANS, SOYA BEANS, BAMBARA BEANS, MILLET",Private Informal,Other land / farm.,51,Mole-Dagbani,,Married (Customary/Traditional)
559206,2023Q1,592,6,1,Male,Head,0,"MIXED CROP FARMER (GROUNDNUT, BAMBARA BEANS,MAIZE, MILLET, YAM,GROUNDNUT)",Private Informal,Own land / farm,69,Mole-Dagbani,,Married (Customary/Traditional)
159215,2022Q1,592,15,2,Female,Spouse (Wife/Husband/Living together),0,"MIXED CROP FARMER (MAIZE,MILLETS, YAM,GROUNDNUTS, BAMBARA BEANS AND BEANS)",Private Informal,Other land / farm.,21,Mole-Dagbani,,Married (Customary/Traditional)
159217,2022Q1,592,17,2,Female,Spouse (Wife/Husband/Living together),0,"MIXED CROP FARMER (MAIZE,MILLETS, YAM,GROUNDNUTS, BAMBARA BEANS AND BEANS)",Private Informal,Other land / farm.,38,Mole-Dagbani,,Married (Customary/Traditional)
659216,2023Q2,592,16,2,Female,Spouse (Wife/Husband/Living together),0,"MIXED CROP FARMER (MAIZE, MILLETS, BEANS,BAMBARA BEANS AND GROUNDNUTS",Private Informal,Other land / farm.,21,Mole-Dagbani,,Married (Customary/Traditional)
759211,2023Q3,592,11,5,Female,Child (Son/Daughter),0,"MIXED CROP FARMER ( MAIZE,  GROUNDNUT,  YAM,  BEANS,  RICE ETC)",Private Informal,Own land / farm,36,Mole-Dagbani,,Married (Customary/Traditional)
159213,2022Q1,592,13,1,Male,Head,Primary,"MIXED CROP FARMER (MAIZE,MILLETS, YAM,GROUNDNUTS, BAMBARA BEANS AND BEANS)",Private Informal,Own land / farm,69,Mole-Dagbani,,Married (Customary/Traditional)
659211,2023Q2,592,11,2,Female,Spouse (Wife/Husband/Living together),0,"MIXED CROP FARMER ( MAIZE,  RICE, GROUNDNUT,  MILLET ETC)",Private Informal,Own land / farm,40,Mole-Dagbani,,Married (Customary/Traditional)
659207,2023Q2,592,7,1,Male,Head,0,"MIXED CROP FARMER (GROUNDNUT, MAIZE, MILLET, BEANS, YAM)",Private Informal,Own land / farm,51,Mole-Dagbani,,Married (Customary/Traditional)
159207,2022Q1,592,7,1,Male,Head,0,"MIXED CROP FARMER (MAIZE,MILLETS, YAM,GROUNDNUTS, BAMBARA BEANS AND BEANS)",Private Informal,Own land / farm,50,Mole-Dagbani,,Married (Customary/Traditional)
559205,2023Q1,592,5,2,Female,Spouse (Wife/Husband/Living together),0,"MIXED CROP FARMER (MILLET, GROUNDNUT, BAMBARA BEANS, MAIZE, BEANS)",Private Informal,Own land / farm,56,Mole-Dagbani,Upper West,Married (Customary/Traditional)
559210,2023Q1,592,10,3,Female,Spouse (Wife/Husband/Living together),0,"MIXED CROP FARMER (BEANS,  GROUNDNUT,  MAIZE,  MILLET,  YAM ETC)",Private Informal,Own land / farm,60,Mole-Dagbani,,Married (Customary/Traditional)
159213,2022Q1,592,13,2,Female,Spouse (Wife/Husband/Living together),0,"MIXED CROP FARMER (MAIZE,MILLETS, YAM,GROUNDNUTS, BAMBARA BEANS AND BEANS)",Private Informal,Other land / farm.,49,Mole-Dagbani,,Married (Customary/Traditional)
159217,2022Q1,592,17,4,Male,Child (Son/Daughter),0,"MIXED CROP FARMER (MAIZE,MILLETS, YAM,GROUNDNUTS, BAMBARA BEANS AND BEANS)",Private Informal,Other land / farm.,20,Mole-Dagbani,,Never married
159208,2022Q1,592,8,2,Female,Spouse (Wife/Husband/Living together),0,"MIXED CROP FARMER (MAIZE,MILLETS, YAM,GROUNDNUTS, BAMBARA BEANS AND BEANS)",Private Informal,Other land / farm.,27,Mole-Dagbani,,Married (Customary/Traditional)
159215,2022Q1,592,15,1,Male,Head,0,"MIXED CROP FARMER (MAIZE,MILLETS, YAM,GROUNDNUTS, BAMBARA BEANS AND BEANS)",Private Informal,Other land / farm.,27,Mole-Dagbani,,Married (Customary/Traditional)
159206,2022Q1,592,6,1,Male,Head,0,"MIXED CROP FARMER (MAIZE,MILLETS, YAM,GROUNDNUTS, BAMBARA BEANS AND BEANS)",Private Informal,Own land / farm,68,Mole-Dagbani,,Married (Customary/Traditional)
559218,2023Q1,592,18,1,Female,Head,0,"MIXED CROP FARMER (MAIZE, MILLETS, BEANS AND GROUNDNUTS)",Private Informal,Own land / farm,47,Mole-Dagbani,,Widowed
159214,2022Q1,592,14,1,Male,Head,0,"MIXED CROP FARMER (MAIZE,MILLETS, YAM,GROUNDNUTS, BAMBARA BEANS AND BEANS)",Private Informal,Own land / farm,59,Mole-Dagbani,,Married (Customary/Traditional)
159205,2022Q1,592,5,2,Female,Spouse (Wife/Husband/Living together),0,"MIXED CROP FARMER (MAIZE,MILLETS, YAM,GROUNDNUTS, BAMBARA BEANS AND BEANS)",Private Informal,Other land / farm.,55,Mole-Dagbani,Upper West,Married (Customary/Traditional)
159211,2022Q1,592,11,2,Female,Spouse (Wife/Husband/Living together),0,"MIXED CROP FARMER (MAIZE,MILLETS, YAM,GROUNDNUTS, BAMBARA BEANS AND BEANS)",Private Informal,Other land / farm.,39,Mole-Dagbani,,Married (Customary/Traditional)
759209,2023Q3,592,9,3,Male,Child (Son/Daughter),Primary,"MIXED CROP FARMER ( MAIZE,  GROUNDNUT,  YAM,  BEANS,  RICE ETC)",Private Informal,Own land / farm,19,Mole-Dagbani,,Never married
759215,2023Q3,592,15,1,Male,Head,0,"MIXED CROP FARMER MAIZE, YAM, BEANS, SOYA BEANS, BAMBARA BEANS, MILLET",Private Informal,Other land / farm.,29,Mole-Dagbani,,Married (Customary/Traditional)
659206,2023Q2,592,6,2,Female,Spouse (Wife/Husband/Living together),0,"MIXED CROP FARMER (MAIZE, MILLET, GROUNDNUT, BAMBARA BEANS,BEANS)",Private Informal,Own land / farm,57,Mole-Dagbani,,Married (Customary/Traditional)
759216,2023Q3,592,16,1,Male,Head,Primary,"MIXED CROP FARMER MAIZE, YAM, BEANS, SOYA BEANS, BAMBARA BEANS, MILLET",Private Informal,Other land / farm.,29,Mole-Dagbani,,Married (Customary/Traditional)
759212,2023Q3,592,12,1,Male,Head,0,"MIXED CROP FARMER ( MAIZE,  GROUNDNUT,  YAM,  BEANS,  RICE ETC)",Private Informal,Own land / farm,43,Mole-Dagbani,,Married (Customary/Traditional)
359214,2022Q3,592,14,2,Female,Spouse (Wife/Husband/Living together),Middle,A FARMER WHO GROW GROUNDNUT AND RICE,Private Informal,Own land / farm,50,Mole-Dagbani,,Married (Customary/Traditional)
759210,2023Q3,592,10,3,Female,Spouse (Wife/Husband/Living together),0,"MIXED CROP FARMER ( MAIZE,  GROUNDNUT,  YAM,  BEANS,  RICE ETC)",Private Informal,Own land / farm,61,Mole-Dagbani,,Married (Customary/Traditional)
559218,2023Q1,592,18,2,Male,Child (Son/Daughter),0,"MIXED CROP FARMER (MAIZE, MILLETS, BEANS AND GROUNDNUTS)",Private Informal,Other land / farm.,21,Mole-Dagbani,,Never married
759211,2023Q3,592,11,2,Female,Spouse (Wife/Husband/Living together),0,"MIXED CROP FARMER ( MAIZE,  GROUNDNUT,  YAM,  BEANS,  RICE ETC)",Private Informal,Own land / farm,40,Mole-Dagbani,,Married (Customary/Traditional)
659212,2023Q2,592,12,1,Male,Head,0,"MIXED CROP FARMER  ( MILLET,  MAIZE,  GROUNDNUT,  YAM ETC)",Private Informal,Own land / farm,43,Mole-Dagbani,,Married (Customary/Traditional)
759216,2023Q3,592,16,2,Female,Spouse (Wife/Husband/Living together),0,"MIXED CROP FARMER MAIZE, YAM, BEANS, SOYA BEANS, BAMBARA BEANS, MILLET",Private Informal,Other land / farm.,21,Mole-Dagbani,,Married (Customary/Traditional)
659218,2023Q2,592,18,1,Female,Head,0,"MIXED CROP FARMER (MAIZE, MILLETS, BEANS,BAMBARA BEANS AND GROUNDNUTS",Private Informal,Other land / farm.,47,Mole-Dagbani,,Widowed
559209,2023Q1,592,9,2,Female,Spouse (Wife/Husband/Living together),0,"MIXED CROP FARMER (YAMS, GROUNDNUT, MAIZE,  MILLET ETC)",Private Informal,Own land / farm,36,Mole-Dagbani,,Married (Customary/Traditional)
759213,2023Q3,592,13,2,Female,Spouse (Wife/Husband/Living together),0,"MIXED CROP FARMER MAIZE, YAM, BEANS, SOYA BEANS, BAMBARA BEANS, MILLET",Private Informal,Other land / farm.,51,Mole-Dagbani,,Married (Customary/Traditional)
159209,2022Q1,592,9,1,Male,Head,0,"MIXED CROP FARMER (MAIZE,MILLETS, YAM,GROUNDNUTS, BAMBARA BEANS AND BEANS)",Private Informal,Own land / farm,44,Mole-Dagbani,,Married (Customary/Traditional)
159202,2022Q1,592,2,1,Male,Head,0,"MIXED CROP FARMER (MAIZE,MILLETS, YAM,GROUNDNUTS, BAMBARA BEANS AND BEANS)",Private Informal,Own land / farm,41,Mole-Dagbani,,Married (Customary/Traditional)
559209,2023Q1,592,9,1,Male,Head,0,"MIXED CROP FARMER (YAMS, GROUNDNUT, MAIZE,  MILLET ETC)",Private Informal,Own land / farm,45,Mole-Dagbani,,Married (Customary/Traditional)
359213,2022Q3,592,13,2,Female,Spouse (Wife/Husband/Living together),0,A FARMER WHO GROW CEREAL CROPS,Private Informal,Own land / farm,50,Mole-Dagbani,,Married (Customary/Traditional)
359214,2022Q3,592,14,1,Male,Head,0,"A FARMER WHO GROW MILLET, MAIZE AND RICE",Private Informal,Own land / farm,59,Mole-Dagbani,,Married (Customary/Traditional)
759207,2023Q3,592,7,1,Male,Head,0,"MIXED CROP FARMER (MILLET, BEANS, YAM, MAIZE, GROUNDNUT  )",Private Informal,Own land / farm,51,Mole-Dagbani,,Married (Customary/Traditional)
759210,2023Q3,592,10,2,Female,Spouse (Wife/Husband/Living together),0,"MIXED CROP FARMER ( MAIZE,  GROUNDNUT,  YAM,  BEANS,  RICE ETC)",Private Informal,Own land / farm,75,Mole-Dagbani,,Married (Customary/Traditional)
159211,2022Q1,592,11,1,Male,Head,0,"MIXED CROP FARMER (MAIZE,MILLETS, YAM,GROUNDNUTS, BAMBARA BEANS AND BEANS)",Private Informal,Own land / farm,45,Mole-Dagbani,,Married (Customary/Traditional)
559211,2023Q1,592,11,5,Female,Spouse (Wife/Husband/Living together),0,"MIXED CROP FARMER (GROUNDNUT,  MAIZE, MILLET , BEANS ETC)",Private Informal,Own land / farm,36,Mole-Dagbani,,Married (Customary/Traditional)
259310,2022Q2,593,10,1,Male,Head,Primary,"MIXED CROP FARMER (YAM, GROUNDNUT, SOYA,BEANS,MAIZE)",Private Informal,Own land / farm,30,Grusi,,Married (Islamic)
359303,2022Q3,593,3,1,Female,Head,0,"MIXED CROP FARMER (MAIZE, GROUNDNUT, BEANS ETC)",Private Informal,Own land / farm,53,Grusi,Upper West,Widowed
159313,2022Q1,593,13,1,Female,Head,0,A FARMER WHO CULTIVATE CEREAL CROPS,Private Informal,Own land / farm,63,Grusi,Ashanti.,Widowed
259316,2022Q2,593,16,1,Female,Head,JSS/JHS,"MIXED CROP FARMER  (MAIZE, BEANS , GROUNDNUT ETC)",Private Informal,Own land / farm,42,Grusi,,Widowed
159308,2022Q1,593,8,2,Female,Spouse (Wife/Husband/Living together),0,A FARMER WHO CULTIVATE CEREAL CROPS,Private Informal,Own land / farm,46,Grusi,,Married (Islamic)
159307,2022Q1,593,7,4,Female,Spouse (Wife/Husband/Living together),JSS/JHS,A FARMER WHO GROW CEREAL CROPS,Private Informal,Own land / farm,29,Grusi,Greater Accra,Married (Islamic)
159308,2022Q1,593,8,1,Male,Head,0,A FARMER WHO CULTIVATE CEREAL CROPS,Private Informal,Own land / farm,86,Grusi,Bono East,Married (Islamic)
159303,2022Q1,593,3,1,Female,Head,0,A FARMER WHO GROW CEREAL CROPS,Private Informal,Own land / farm,52,Grusi,Upper West,Widowed
359302,2022Q3,593,2,3,Male,Child (Son/Daughter),SSS/SHS,"MIXED CROP FARMER (MAIZE, GROUNDNUT, BEANS ETC)",Private Informal,Own land / farm,24,Grusi,,Never married
159304,2022Q1,593,4,1,Female,Head,0,A FARMER WHO GROW CEREAL CROPS,Private Informal,Own land / farm,51,Grusi,Ashanti.,Married (Islamic)
259302,2022Q2,593,2,5,Male,Child (Son/Daughter),JSS/JHS,"MIXED CROP FARMER (MAIZE, SOYABEANS, COWPEA, YAM)",Private Informal,Own land / farm,18,Grusi,,Never married
159316,2022Q1,593,16,1,Female,Head,JSS/JHS,A FARMER WHO GROW CEREAL CROPS,Private Informal,Own land / farm,42,Grusi,,Widowed
259318,2022Q2,593,18,2,Male,Child (Son/Daughter),Primary,"MIXED CROP FARMER  (MAIZE, YAM , GROUNDNUT ETC)",Private Informal,Own land / farm,19,Grusi,,Never married
259301,2022Q2,593,1,2,Female,Spouse (Wife/Husband/Living together),0,"MIXED CROP FARMER (GROUNDNUTS, MAIZE,OKRO, PEPPER, )",Private Informal,Own land / farm,52,Grusi,,Married (Customary/Traditional)
259314,2022Q2,593,14,1,Male,Head,Primary,"MIXED CROP FARMER  (MAIZE, RICE , GROUNDNUT ETC)",Private Informal,Own land / farm,34,Grusi,,Married (Islamic)
159301,2022Q1,593,1,1,Male,Head,Primary,A FARMER WHO CULTIVATE CEREAL CROPS,Private Informal,Own land / farm,65,Grusi,,Married (Customary/Traditional)
159302,2022Q1,593,2,2,Female,Spouse (Wife/Husband/Living together),0,A FARMER WHO GROW CEREAL CROPS,Private Informal,Own land / farm,46,Grusi,,Married (Islamic)
759303,2023Q3,593,3,2,Female,Daughter in-law,Primary,"A FARMER WHO GROW MILLET, MAIZE, GROUNDNUT AND YAM",Private Informal,Own land / farm,27,Grusi,Upper West,Widowed
359307,2022Q3,593,7,4,Female,Spouse (Wife/Husband/Living together),JSS/JHS,"MIXED CROP FARMER (MAIZE, GROUNDNUT, BEANS ETC)",Private Informal,Own land / farm,30,Grusi,Greater Accra,Married (Islamic)
359312,2022Q3,593,12,1,Male,Head,Primary,"MIXED CROP FARMER (MAIZE, GROUNDNUT, YAM, BEANS ETC)",Private Informal,Own land / farm,34,Grusi,Bono East,Married (Customary/Traditional)
259318,2022Q2,593,18,1,Female,Head,Primary,"MIXED CROP FARMER  (MAIZE, YAM , GROUNDNUT ETC)",Private Informal,Own land / farm,40,Grusi,,Widowed
759301,2023Q3,593,1,1,Male,Head,Primary,"A FARMER WHO GROW BEANS,MAIZE  AND GROUNDNUT",Private Informal,Own land / farm,67,Grusi,,Married (Customary/Traditional)
259317,2022Q2,593,17,2,Female,Spouse (Wife/Husband/Living together),0,"MIXED CROP FARMER  (MAIZE, YAM , GROUNDNUT ETC)",Private Informal,Own land / farm,30,Grusi,Bono East,Married (Customary/Traditional)
359305,2022Q3,593,5,2,Female,Spouse (Wife/Husband/Living together),JSS/JHS,"MIXED CROP FARMER (MAIZE, GROUNDNUT, BEANS ETC)",Private Informal,Own land / farm,29,Grusi,,Married (Islamic)
159306,2022Q1,593,6,2,Female,Spouse (Wife/Husband/Living together),Primary,A FARMER WHO GROW CEREAL CROPS,Private Informal,Own land / farm,36,Grusi,,Married (Islamic)
159305,2022Q1,593,5,1,Male,Head,SSS/SHS,A FARMER WHO GROW CEREAL CROPS,Private Informal,Own land / farm,26,Grusi,Bono East,Married (Islamic)
559303,2023Q1,593,3,2,Female,Daughter in-law,Primary,A FARMER WHO HELP IN GROWING CEREAL CROPS,Private Informal,Own land / farm,26,Grusi,Upper West,Widowed
359308,2022Q3,593,8,2,Female,Spouse (Wife/Husband/Living together),0,"MIXED CROP FARMER (MAIZE, GROUNDNUT, YAM, BEANS ETC)",Private Informal,Own land / farm,47,Grusi,,Married (Islamic)
259308,2022Q2,593,8,3,Male,Child (Son/Daughter),JSS/JHS,"MIXED CROP FARMER ( MAIZE,GROUNDNUT, YAM)",Private Informal,Own land / farm,19,Grusi,,Never married
159314,2022Q1,593,14,1,Male,Head,Primary,A FARMER WHO GROW CEREAL CROPS,Private Informal,Own land / farm,34,Grusi,,Married (Islamic)
159307,2022Q1,593,7,1,Male,Head,0,A FARMER WHO CULTIVATE CEREAL CROPS,Private Informal,Own land / farm,35,Grusi,Bono East,Married (Islamic)
659301,2023Q2,593,1,2,Female,Spouse (Wife/Husband/Living together),0,A FARMER WHO CULTIVATE  GROUNDNUT AND SOYA BEANS,Private Informal,Own land / farm,53,Grusi,,Married (Customary/Traditional)
159310,2022Q1,593,10,1,Male,Head,Primary,A FARMER WHO GROW CEREAL CROPS,Private Informal,Own land / farm,30,Grusi,,Married (Islamic)
359301,2022Q3,593,1,2,Female,Spouse (Wife/Husband/Living together),0,"MIXED CROP FARMER (MAIZE, GROUNDNUT, YAM, BEANS ETC)",Private Informal,Own land / farm,52,Grusi,,Married (Customary/Traditional)
359311,2022Q3,593,11,2,Female,Spouse (Wife/Husband/Living together),0,"MIXED CROP FARMER (MAIZE, GROUNDNUT, BEANS ETC)",Private Informal,Own land / farm,60,Grusi,,Married (Islamic)
359317,2022Q3,593,17,1,Male,Head,Primary,"MIXED CROP FARMER (MAIZE, GROUNDNUT, SOYA BEANS ETC)",Private Informal,Own land / farm,41,Grusi,,Married (Customary/Traditional)
359318,2022Q3,593,18,2,Male,Child (Son/Daughter),Primary,"MIXED CROP FARMER (MAIZE, GROUNDNUT, YAM, BEANS ETC)",Private Informal,Own land / farm,19,Grusi,,Never married
359312,2022Q3,593,12,2,Female,Spouse (Wife/Husband/Living together),0,"MIXED CROP FARMER (MAIZE, GROUNDNUT, YAM, BEANS ETC)",Private Informal,Own land / farm,33,Grusi,Greater Accra,Married (Customary/Traditional)
159311,2022Q1,593,11,2,Female,Spouse (Wife/Husband/Living together),0,A FARMER WHO GROW CEREAL CROPS,Private Informal,Own land / farm,59,Grusi,,Married (Islamic)
359302,2022Q3,593,2,1,Male,Head,0,"MIXED CROP FARMER (MAIZE, GROUNDNUT, BEANS ETC)",Private Informal,Own land / farm,54,Grusi,Bono East,Married (Islamic)
159315,2022Q1,593,15,2,Female,Spouse (Wife/Husband/Living together),JSS/JHS,A FARMER WHO GROW CEREAL CROPS,Private Informal,Own land / farm,32,Grusi,Upper West,Married (Islamic)
359307,2022Q3,593,7,2,Female,Spouse (Wife/Husband/Living together),Primary,"MIXED CROP FARMER (MAIZE, GROUNDNUT, BEANS ETC)",Private Informal,Own land / farm,31,Grusi,Greater Accra,Married (Islamic)
459301,2022Q4,593,1,1,Male,Head,Primary,"MIXED CROP FARMER SUCH AS MAIZE, GROUNDNUT, YAMS, BEANS",Private Informal,Own land / farm,66,Grusi,,Married (Customary/Traditional)
359311,2022Q3,593,11,1,Male,Head,0,"MIXED CROP FARMER (MAIZE, GROUNDNUT, BEANS ETC)",Private Informal,Own land / farm,64,Grusi,Bono East,Married (Islamic)
359306,2022Q3,593,6,2,Female,Spouse (Wife/Husband/Living together),Primary,"MIXED CROP FARMER (MAIZE, GROUNDNUT, BEANS ETC)",Private Informal,Own land / farm,37,Grusi,,Married (Islamic)
359305,2022Q3,593,5,1,Male,Head,SSS/SHS,"MIXED CROP FARMER (MAIZE, GROUNDNUT, BEANS ETC)",Private Informal,Own land / farm,26,Grusi,Bono East,Married (Islamic)
359302,2022Q3,593,2,2,Female,Spouse (Wife/Husband/Living together),0,"MIXED CROP FARMER (MAIZE, GROUNDNUT, BEANS ETC)",Private Informal,Own land / farm,47,Grusi,,Married (Islamic)
659305,2023Q2,593,5,1,Male,Head,SSS/SHS,"A FARMER WHO GROW MAIZE, GROUNDNUT, YAM AND BEANS",Private Informal,Own land / farm,27,Grusi,Bono East,Married (Islamic)
259317,2022Q2,593,17,1,Male,Head,Primary,"MIXED CROP FARMER  (MAIZE, YAM , GROUNDNUT ETC)",Private Informal,Own land / farm,40,Grusi,,Married (Customary/Traditional)
359317,2022Q3,593,17,2,Female,Spouse (Wife/Husband/Living together),0,"MIXED CROP FARMER (MAIZE, GROUNDNUT, SOYA BEANS ETC)",Private Informal,Own land / farm,31,Grusi,Bono East,Married (Customary/Traditional)
159305,2022Q1,593,5,2,Female,Spouse (Wife/Husband/Living together),JSS/JHS,A FARMER WHO GROW CEREAL CROPS,Private Informal,Own land / farm,28,Grusi,,Married (Islamic)
559303,2023Q1,593,3,1,Female,Head,0,A FARMER WHO GROW CEREAL CROPS,Private Informal,Own land / farm,53,Grusi,Upper West,Widowed
159311,2022Q1,593,11,1,Male,Head,0,A FARMER WHO GROW CEREAL CROPS,Private Informal,Own land / farm,63,Grusi,Bono East,Married (Islamic)
259303,2022Q2,593,3,1,Female,Head,0,"MIXED CROP FARMER (MAIZE,GROUNDNUT, SOYABEANS, OKRO,PEPPER)",Private Informal,Own land / farm,53,Grusi,Upper West,Widowed
359308,2022Q3,593,8,3,Male,Child (Son/Daughter),JSS/JHS,"MIXED CROP FARMER (MAIZE, GROUNDNUT, YAM, BEANS ETC)",Private Informal,Own land / farm,19,Grusi,,Never married
559305,2023Q1,593,5,2,Female,Spouse (Wife/Husband/Living together),JSS/JHS,A FARMER WHO GROW MAIZE AND GROUNDNUT,Private Informal,Own land / farm,29,Grusi,,Married (Islamic)
259303,2022Q2,593,3,2,Female,Daughter in-law,Primary,"MIXED CROP FARMER (MAIZE, GROUNDNUT, OKRO, PEPPER)",Private Informal,Own land / farm,25,Grusi,Upper West,Widowed
259318,2022Q2,593,18,3,Male,Child (Son/Daughter),JSS/JHS,"MIXED CROP FARMER  (MAIZE, YAM , GROUNDNUT ETC)",Private Informal,Own land / farm,18,Grusi,,Never married
359315,2022Q3,593,15,1,Male,Head,0,"MIXED CROP FARMER (MAIZE, GROUNDNUT, YAM, BEANS ETC)",Private Informal,Own land / farm,41,Grusi,,Married (Islamic)
159312,2022Q1,593,12,2,Female,Spouse (Wife/Husband/Living together),0,A FARMER WHO GROW CEREAL CROPS,Private Informal,Own land / farm,32,Grusi,Greater Accra,Married (Customary/Traditional)
259301,2022Q2,593,1,1,Male,Head,Primary,"MIXED CROP FARMER (MAIZE,COWPEA,GROUNDNUTS)",Private Informal,Own land / farm,65,Grusi,,Married (Customary/Traditional)
559305,2023Q1,593,5,6,Male,Brother/Sister,Primary,A FARMER WHO GROW CEREAL,Private Informal,Own land / farm,26,Grusi,,Never married
359318,2022Q3,593,18,3,Male,Child (Son/Daughter),JSS/JHS,"MIXED CROP FARMER (MAIZE, GROUNDNUT, YAM, BEANS ETC)",Private Informal,Own land / farm,18,Grusi,,Never married
359306,2022Q3,593,6,3,Male,Child (Son/Daughter),JSS/JHS,"MIXED CROP FARMER (MAIZE, GROUNDNUT, BEANS ETC)",Private Informal,Own land / farm,19,Grusi,,Never married
359311,2022Q3,593,11,3,Male,Child (Son/Daughter),JSS/JHS,"MIXED CROP FARMER (MAIZE, GROUNDNUT, BEANS ETC)",Private Informal,Own land / farm,20,Grusi,,Never married
359310,2022Q3,593,10,1,Male,Head,Primary,"MIXED CROP FARMER (MAIZE, GROUNDNUT, YAM, BEANS ETC)",Private Informal,Own land / farm,31,Grusi,,Married (Islamic)
359316,2022Q3,593,16,1,Female,Head,JSS/JHS,"MIXED CROP FARMER (MAIZE, GROUNDNUT, YAM, BEANS ETC)",Private Informal,Own land / farm,42,Grusi,,Widowed
359314,2022Q3,593,14,1,Male,Head,Primary,"MIXED CROP FARMER (MAIZE, GROUNDNUT, RICE, YAM, BEANS ETC)",Private Informal,Own land / farm,34,Grusi,,Married (Islamic)
159318,2022Q1,593,18,1,Female,Head,Primary,A FARMER WHO CULTIVATE CEREAL CROPS,Private Informal,Own land / farm,40,Grusi,,Widowed
659303,2023Q2,593,3,1,Female,Head,0,"A FARMER WHO GROW MAIZE, GROUNDNUT, BEANS AND YAM",Private Informal,Own land / farm,54,Grusi,Upper West,Widowed
159302,2022Q1,593,2,1,Male,Head,0,A FARMER WHO GROW CEREAL CROPS,Private Informal,Own land / farm,54,Grusi,Bono East,Married (Islamic)
359314,2022Q3,593,14,2,Female,Spouse (Wife/Husband/Living together),JSS/JHS,"MIXED CROP FARMER (MAIZE, GROUNDNUT, RICE, YAM, BEANS ETC)",Private Informal,Own land / farm,26,Grusi,Ashanti.,Married (Islamic)
259310,2022Q2,593,10,2,Female,Spouse (Wife/Husband/Living together),Primary,"MIXED CROP FARMER (GROUNDNUT, MAIZE, SOYA)",Private Informal,Own land / farm,27,Grusi,,Married (Islamic)
159315,2022Q1,593,15,1,Male,Head,0,A FARMER WHO GROW CEREAL CROPS,Private Informal,Own land / farm,40,Grusi,,Married (Islamic)
159301,2022Q1,593,1,2,Female,Spouse (Wife/Husband/Living together),0,A FARMER WHO GROW CEREAL CROPS,Private Informal,Own land / farm,52,Grusi,,Married (Customary/Traditional)
659305,2023Q2,593,5,6,Male,Brother/Sister,Primary,"A FARMER WHO GROW MAIZE, GROUNDNUT AND BEANS",Private Informal,Own land / farm,27,Grusi,,Never married
159303,2022Q1,593,3,2,Female,Daughter in-law,Primary,A FARMER WHO GROW CEREAL CROPS,Private Informal,Own land / farm,25,Grusi,Upper West,Widowed
159317,2022Q1,593,17,2,Female,Spouse (Wife/Husband/Living together),0,A FARMER WHO GROW CEREAL CROPS,Private Informal,Own land / farm,30,Grusi,Bono East,Married (Customary/Traditional)
359305,2022Q3,593,5,7,Female,Spouse (Wife/Husband/Living together),JSS/JHS,"MIXED CROP FARMER (MAIZE, GROUNDNUT, BEANS ETC)",Private Informal,Street at a fixed location,20,Grusi,Upper West,Married (Customary/Traditional)
359303,2022Q3,593,3,2,Female,Daughter in-law,Primary,"MIXED CROP FARMER (MAIZE, GROUNDNUT, BEANS ETC)",Private Informal,Own land / farm,26,Grusi,Upper West,Widowed
359301,2022Q3,593,1,1,Male,Head,Primary,"MIXED CROP FARMER (MAIZE, GROUNDNUT, YAM, BEANS ETC)",Private Informal,Own land / farm,66,Grusi,,Married (Customary/Traditional)
159314,2022Q1,593,14,2,Female,Spouse (Wife/Husband/Living together),JSS/JHS,A FARMER WHO GROW CEREAL CROPS,Private Informal,Own land / farm,26,Grusi,Ashanti.,Married (Islamic)
259302,2022Q2,593,2,4,Female,Child (Son/Daughter),SSS/SHS,"MIXED CROP FARMER (GROUNDNUTS, OKRO PEPPER, BEANS)",Private Informal,Own land / farm,20,Grusi,,Never married
259302,2022Q2,593,2,2,Female,Spouse (Wife/Husband/Living together),0,"MIXED CROP FARMER (MAIZE,GROUNDNUT, OKRO,PEPPER)",Private Informal,Own land / farm,46,Grusi,,Married (Islamic)
359304,2022Q3,593,4,1,Female,Head,0,"MIXED CROP FARMER (MAIZE, GROUNDNUT, BEANS ETC)",Private Informal,Own land / farm,52,Grusi,Ashanti.,Married (Islamic)
359318,2022Q3,593,18,1,Female,Head,Primary,"MIXED CROP FARMER (MAIZE, GROUNDNUT, YAM, BEANS ETC)",Private Informal,Own land / farm,40,Grusi,,Widowed
359306,2022Q3,593,6,1,Male,Head,JSS/JHS,"MIXED CROP FARMER (MAIZE, GROUNDNUT, BEANS ETC)",Private Informal,Own land / farm,44,Grusi,Bono East,Married (Islamic)
159307,2022Q1,593,7,2,Female,Spouse (Wife/Husband/Living together),Primary,A FARMER WHO GROW CEREAL CROPS,Private Informal,Own land / farm,30,Grusi,Greater Accra,Married (Islamic)
459301,2022Q4,593,1,2,Female,Spouse (Wife/Husband/Living together),0,"MIXED CROP FARMER SACH AS MAIZE, YAMS",Private Informal,Own land / farm,53,Grusi,,Married (Customary/Traditional)
359313,2022Q3,593,13,1,Female,Head,0,"MIXED CROP FARMER (MAIZE, GROUNDNUT, YAM, BEANS ETC)",Private Informal,Own land / farm,64,Grusi,Ashanti.,Widowed
359307,2022Q3,593,7,1,Male,Head,0,"MIXED CROP FARMER (MAIZE, YAM, GROUNDNUT, BEANS ETC)",Private Informal,Own land / farm,36,Grusi,Bono East,Married (Islamic)
659301,2023Q2,593,1,1,Male,Head,Primary,"A FARMER WHO GROW MAIZE, GROUNDNUT AND BEANS",Private Informal,Own land / farm,67,Grusi,,Married (Customary/Traditional)
559301,2023Q1,593,1,1,Male,Head,Primary,A FARMER WHO GROW CEREAL CROPS,Private Informal,Own land / farm,66,Grusi,,Married (Customary/Traditional)
559305,2023Q1,593,5,1,Male,Head,SSS/SHS,A FARMER WHO GROW CEREAL CROPS,Private Informal,Own land / farm,27,Grusi,Bono East,Married (Islamic)
159312,2022Q1,593,12,1,Male,Head,Primary,A FARMER WHO GROW CEREAL CROPS,Private Informal,Own land / farm,34,Grusi,Bono East,Married (Customary/Traditional)
159316,2022Q1,593,16,3,Male,Child (Son/Daughter),Primary,A FARMER WHO CULTIVATE CEREAL CROPS,Private Informal,Own land / farm,21,Grusi,,Never married
359308,2022Q3,593,8,1,Male,Head,0,"MIXED CROP FARMER (MAIZE, GROUNDNUT, YAM, BEANS ETC)",Private Informal,Own land / farm,86,Grusi,Bono East,Married (Islamic)
559301,2023Q1,593,1,2,Female,Spouse (Wife/Husband/Living together),0,A FARMER WHO GROW GROUNDNUT AND MAIZE,Private Informal,Own land / farm,53,Grusi,,Married (Customary/Traditional)
259302,2022Q2,593,2,3,Male,Child (Son/Daughter),SSS/SHS,"MIXED CROP FARMER (MAIZE,YAM,SOYABEANS, COWPEA)",Private Informal,Own land / farm,23,Grusi,,Never married
359315,2022Q3,593,15,2,Female,Spouse (Wife/Husband/Living together),JSS/JHS,"MIXED CROP FARMER (MAIZE, GROUNDNUT, YAM, BEANS ETC)",Private Informal,Own land / farm,33,Grusi,Upper West,Married (Islamic)
159317,2022Q1,593,17,1,Male,Head,Primary,A FARMER WHO GROW CEREAL CROPS,Private Informal,Own land / farm,40,Grusi,,Married (Customary/Traditional)
259314,2022Q2,593,14,2,Female,Spouse (Wife/Husband/Living together),JSS/JHS,"MIXED CROP FARMER  (MAIZE, RICE , GROUNDNUT ETC)",Private Informal,Own land / farm,26,Grusi,Ashanti.,Married (Islamic)
759303,2023Q3,593,3,1,Female,Head,0,"A FARMER WHO GROW MAIZE, GROUNDNUT, BEANS AND YAM",Private Informal,Own land / farm,54,Grusi,Upper West,Widowed
559414,2023Q1,594,14,2,Female,Spouse (Wife/Husband/Living together),0,A FARMER WHO GROW CEREAL CROPS,Private Informal,Own land / farm,42,Grusi,,Married (Islamic)
659414,2023Q2,594,14,1,Male,Head,0,"A FARMER WHO GROW, SOYA BEANS, GROUNDNUT AND RICE",Private Informal,Own land / farm,49,Grusi,,Married (Islamic)
259403,2022Q2,594,3,1,Male,Head,0,"MIXED CROP FARMER  (MAIZE, BEANS , GROUNDNUT ETC)",Private Informal,Own land / farm,54,Grusi,,Married (Customary/Traditional)
659412,2023Q2,594,12,1,Male,Head,Primary,"A FARMER WHO GROW MAIZE,MILLET, GROUNDNUT AND BEANS",Private Informal,Own land / farm,26,Grusi,,Married (Customary/Traditional)
259402,2022Q2,594,2,2,Female,Spouse (Wife/Husband/Living together),0,"MIXED CROP FARMER ( MAIZE, BEANS, GROUNDNUT ETC)",Private Informal,Own land / farm,45,Grusi,,Married (Islamic)
259401,2022Q2,594,1,1,Female,Head,Primary,"MIXED CROP FARMER ( MAIZE, BEANS, GROUNDNUT ETC)",Private Informal,Own land / farm,44,Grusi,,Married (Customary/Traditional)
259412,2022Q2,594,12,2,Female,Spouse (Wife/Husband/Living together),JSS/JHS,"MIXED CROP FARMER ( MAIZE, SOYABEANS, YAM)",Private Informal,Own land / farm,20,Grusi,,Married (Customary/Traditional)
359402,2022Q3,594,2,1,Male,Head,SSS/SHS,A FARMER WHO GROW CEREAL CROPS,Private Informal,Own land / farm,32,Grusi,,Married (Islamic)
559413,2023Q1,594,13,1,Male,Head,0,A FARMER WHO GROW CEREAL CROPS,Private Informal,Own land / farm,56,Grusi,,Married (Customary/Traditional)
559413,2023Q1,594,13,2,Female,Spouse (Wife/Husband/Living together),Primary,A FARMER WHO GROW CEREAL CROPS,Private Informal,Own land / farm,27,Grusi,,Married (Customary/Traditional)
559414,2023Q1,594,14,1,Male,Head,0,A FARMER WHO GROW CEREAL CROPS,Private Informal,Own land / farm,49,Grusi,,Married (Islamic)
359404,2022Q3,594,4,1,Male,Head,0,A FARMER WHO GROW CEREAL CROPS,Private Informal,Own land / farm,45,Grusi,,Married (Customary/Traditional)
259404,2022Q2,594,4,1,Male,Head,0,"MIXED CROP FARMER ( MAIZE, BEANS, CASHEW ETC)",Private Informal,Own land / farm,44,Grusi,,Married (Customary/Traditional)
659415,2023Q2,594,15,1,Male,Head,0,"A FARMER WHO GROW MAIZE, MILLET, GROUNDNUT AND RICE",Private Informal,Own land / farm,34,Grusi,,Married (Customary/Traditional)
659413,2023Q2,594,13,2,Female,Spouse (Wife/Husband/Living together),Primary,"A FARMER WHO GROW MAIZE, RICE,GROUNDNUT AND SOYA BEANS",Private Informal,Own land / farm,27,Grusi,,Married (Customary/Traditional)
359402,2022Q3,594,2,2,Female,Spouse (Wife/Husband/Living together),0,A FARMER WHO GROW CEREAL CROPS,Private Informal,Own land / farm,45,Grusi,,Married (Islamic)
259419,2022Q2,594,19,2,Female,Spouse (Wife/Husband/Living together),Primary,"MIXED CROP FARMER (PEPPER, OKRO,MAIZE,SOYABEANS)",Private Informal,Own land / farm,21,Grusi,,Married (Customary/Traditional)
259404,2022Q2,594,4,2,Female,Spouse (Wife/Husband/Living together),0,"MIXED CROP FARMER ( MAIZE, BEANS, CASHEW ETC)",Private Informal,Own land / farm,44,Grusi,,Married (Customary/Traditional)
759414,2023Q3,594,14,2,Female,Spouse (Wife/Husband/Living together),0,"A FARMER WHO GROW MAIZE, SOYA BEANS AND GROUNDNUT",Private Informal,Own land / farm,43,Grusi,,Married (Islamic)
759414,2023Q3,594,14,1,Male,Head,0,"A FARMER WHO GROW MAIZE, SOYA BEANS, YAM AND MILLET",Private Informal,Own land / farm,50,Grusi,,Married (Islamic)
259419,2022Q2,594,19,1,Male,Head,0,"MIXED CROP FARMER (MAIZE,YAM,SOYABEANS)",Private Informal,Own land / farm,21,Grusi,,Married (Customary/Traditional)
559415,2023Q1,594,15,1,Male,Head,0,A FARMER WHO GROW CEREAL CROPS,Private Informal,Own land / farm,34,Grusi,,Married (Customary/Traditional)
359404,2022Q3,594,4,2,Female,Spouse (Wife/Husband/Living together),0,A FARMER WHO GROW CEREAL CROPS,Private Informal,Own land / farm,45,Grusi,,Married (Customary/Traditional)
259404,2022Q2,594,4,3,Male,Child (Son/Daughter),SSS/SHS,"MIXED CROP FARMER ( MAIZE, BEANS, CASHEW ETC)",Private Informal,Own land / farm,24,Grusi,,Never married
259402,2022Q2,594,2,3,Male,Other relative,Primary,"MIXED CROP FARMER ( MAIZE, BEANS, GROUNDNUT ETC)",Private Informal,Own land / farm,18,Grusi,,Never married
659413,2023Q2,594,13,1,Male,Head,0,"A FARMER WHO GROW MAIZE, SOYA BEANS AND GROUNDNUT",Private Informal,Own land / farm,56,Grusi,,Married (Customary/Traditional)
559412,2023Q1,594,12,1,Male,Head,Primary,A FARMER WHO GROW MAIZE AND BEANS,Private Informal,Own land / farm,26,Grusi,,Married (Customary/Traditional)
259410,2022Q2,594,10,1,Female,Head,0,"MIXED CROP FARMER ( MAIZE,SOYA BEANS, RICE, BAMBARA BEANS)",Private Informal,Own land / farm,40,Grusi,,Widowed
659415,2023Q2,594,15,2,Female,Spouse (Wife/Husband/Living together),Primary,"A FARMER WHO GROW MAIZE, MILLET, BEANS AND GROUNDNUT",Private Informal,Own land / farm,37,Grusi,,Married (Customary/Traditional)
659414,2023Q2,594,14,2,Female,Spouse (Wife/Husband/Living together),0,"A FARMER WHO GROW SOYA BEANS ,RICE AND GROUNDNUT",Private Informal,Own land / farm,42,Grusi,,Married (Islamic)
559415,2023Q1,594,15,2,Female,Spouse (Wife/Husband/Living together),Primary,A FARMER WHO GROW CEREAL CROPS,Private Informal,Own land / farm,37,Grusi,,Married (Customary/Traditional)
259418,2022Q2,594,18,1,Female,Head,0,"MIXED CROP FARMER (MAIZE,SOYABEANS, RICE,BEANS)",Private Informal,Own land / farm,50,Grusi,,Divorced
359401,2022Q3,594,1,1,Female,Head,Primary,"A FARMER WHO GROW SOYA BEANS, GROUNDNUT AND MAIZE",Private Informal,Own land / farm,45,Grusi,,Married (Customary/Traditional)
259401,2022Q2,594,1,2,Male,Step child,Primary,"MIXED CROP FARMER ( MAIZE, BEANS, GROUNDNUT ETC)",Private Informal,Own land / farm,20,Grusi,,Never married
259410,2022Q2,594,10,2,Female,Child (Son/Daughter),JSS/JHS,"MIXED CROP FARMER (RICE,MAIZE,SOYA BEAMS, BAMBARA BEANS)",Private Informal,Own land / farm,20,Grusi,,Never married
259418,2022Q2,594,18,2,Male,Child (Son/Daughter),Primary,"MIXED CROP FARMER (MAIZE, SOYABEANS, COWPEA, RICE,OKRO,PEPPER)",Private Informal,Own land / farm,21,Grusi,,Married (Customary/Traditional)
359403,2022Q3,594,3,1,Male,Head,0,A FARMER WHO GROW CEREAL CROPS,Private Informal,Own land / farm,54,Grusi,,Married (Customary/Traditional)
759412,2023Q3,594,12,1,Male,Head,Primary,"A FARMER WHO GROW MAIZE,GROUNDNUT AND BEANS",Private Informal,Own land / farm,27,Grusi,,Married (Customary/Traditional)
759415,2023Q3,594,15,1,Male,Head,0,"A FARMER WHO GROW MAIZE, GROUNDNUT, MILLET, YAM AND SOYA BEANS",Private Informal,Own land / farm,35,Grusi,,Married (Customary/Traditional)
759415,2023Q3,594,15,2,Female,Spouse (Wife/Husband/Living together),Primary,"A FARMER WHO GROW RICE,MAIZE, GROUNDNUT AND SOYA BEANS",Private Informal,Own land / farm,37,Grusi,,Married (Customary/Traditional)
359403,2022Q3,594,3,2,Female,Spouse (Wife/Husband/Living together),Primary,A FARMER WHO GROW CEREAL CROPS,Private Informal,Own land / farm,47,Grusi,,Married (Customary/Traditional)
759504,2023Q3,595,4,1,Female,Head,Primary,"MIXED CROP FARMER ( MAIZE,  GROUNDNUT,  YAM,  BEANS,  RICE ETC)",Private Informal,Own land / farm,52,"All Other Tribes (Hausa, Baribari, Zabrama)",Outside Ghana (specify country),Widowed
559503,2023Q1,595,3,1,Male,Head,Nursery,"MIXED CROP FARMER (GROUNDNUT, MAIZE, MILLET, BEANS, BAMBARA BEANS, SORGHUM,PEPPER,TOMATOES)",Private Informal,Own land / farm,51,Mole-Dagbani,,Married (Customary/Traditional)
659510,2023Q2,595,10,7,Female,Other relative,Primary,"MIXED CROP FARMER (MAIZE, MILLET, OKRO, PEPPER, BAMBARA BEANS, RICE, MILLET)",Private Informal,Own land / farm,31,Mole-Dagbani,Upper West,Married (Customary/Traditional)
259509,2022Q2,595,9,3,Male,Child (Son/Daughter),0,"MIXED CROP FARMER (GROUNDNUTS, YAM,BAMBARA BEANS, COWPEA)",Private Informal,Own land / farm,32,Mole-Dagbani,,Separated
259509,2022Q2,595,9,5,Female,Spouse (Wife/Husband/Living together),0,"MIXED CROP FARMER (GROUNDNUTS, YAM,BAMBARA BEANS, COWPEA, OKRO,PEPPER)",Private Informal,Own land / farm,52,Mole-Dagbani,Upper West,Married (Customary/Traditional)
259510,2022Q2,595,10,2,Male,Brother/Sister,0,"MIXED CROP FARMER (GROUNDNUTS, YAM,BAMBARA BEANS,COWPEA.",Private Informal,Own land / farm,31,Mole-Dagbani,,Married (Customary/Traditional)
659501,2023Q2,595,1,2,Female,Spouse (Wife/Husband/Living together),Primary,"MIXED CROP FARMER  ( BEANS,  BAMBARA BEANS,  GROUNDNUT,  MAIZE ETC)",Private Informal,Own land / farm,47,Mole-Dagbani,Bono,Married (Customary/Traditional)
259508,2022Q2,595,8,7,Female,Daughter in-law,Primary,"MIXED CROP FARMER (""YAM,MAIZE,SORGHUM, GROUNDNUT)",Private Informal,Own land / farm,26,Mole-Dagbani,Upper West,Married (Customary/Traditional)
559510,2023Q1,595,10,1,Male,Head,0,"MIXED CROP FARMER (MILLET,MAIZE, BEANS, GROUNDNUT, BAMBARA BEANS)",Private Informal,Own land / farm,35,Mole-Dagbani,,Married (Customary/Traditional)
759512,2023Q3,595,12,1,Female,Head,0,"MIXED CROP FARMER MAIZE, YAM, BEANS, SOYA BEANS, BAMBARA BEANS, MILLET",Private Informal,Other land / farm.,45,Mole-Dagbani,Ahafo,Married (Customary/Traditional)
559503,2023Q1,595,3,2,Female,Spouse (Wife/Husband/Living together),0,"MIXED CROP FARMER (MAIZE, GROUNDNUT, MILLET, BEANS, BAMBARA BEANS,PEPPER,TOMATOES)",Private Informal,Own land / farm,50,Mole-Dagbani,Upper West,Married (Customary/Traditional)
659511,2023Q2,595,11,4,Female,Other relative,Primary,"MIXED CROP FARMER (GROUNDNUT, MAIZE, BEANS, YAM, OKRO, PEPPER,MILLET)",Private Informal,Own land / farm,36,Mole-Dagbani,,Widowed
659511,2023Q2,595,11,2,Female,Spouse (Wife/Husband/Living together),Primary,"MIXED CROP FARMER (MAIZE, GROUNDNUT, RICE, OKRO, PEPPER)",Private Informal,Own land / farm,21,Mole-Dagbani,Upper West,Married (Customary/Traditional)
559502,2023Q1,595,2,2,Female,Spouse (Wife/Husband/Living together),0,"MIXED CROP FARMER (GROUNDNUT, BAMBARA BEANS, BEANS, MILLET, MAIZE,OKRO,PEPPER)",Private Informal,Own land / farm,44,Mole-Dagbani,Upper West,Married (Customary/Traditional)
759510,2023Q3,595,10,6,Female,Other relative,0,"MIXED CROP FARMER (MAIZE, MILLET, GROUNDNUT, BAMBARA BEANS, BEANS, SORGHUM, YAM,PEPPER)",Private Informal,Other land / farm.,56,Mole-Dagbani,Upper West,Widowed
659510,2023Q2,595,10,1,Male,Head,Primary,"MIXED CROP FARMER (GROUNDNUT, MAIZE, BEANS, MILLET, SORGHUM, BAMBARA BEANS, RICE)",Private Informal,Own land / farm,36,Mole-Dagbani,,Married (Customary/Traditional)
659503,2023Q2,595,3,5,Male,Brother/Sister,SSS/SHS,"MIXED CROP FARMER (GROUNDNUT, MAIZE, MILLET, SORGHUM, BAMBARA BEANS, RICE, YAM)",Private Informal,Own land / farm,26,Mole-Dagbani,,Never married
759518,2023Q3,595,18,1,Male,Head,0,"MIXED CROP FARMER MAIZE, YAM, BEANS, SOYA BEANS, BAMBARA BEANS, MILLET",Private Informal,Other land / farm.,49,Mole-Dagbani,Bono,Married (Customary/Traditional)
259510,2022Q2,595,10,3,Male,Brother/Sister,0,"MIXED CROP FARMER (GROUNDNUTS, YAM,BAMBARA  BEANS,COWPEA)",Private Informal,Own land / farm,29,Mole-Dagbani,,Married (Customary/Traditional)
559505,2023Q1,595,5,1,Female,Head,0,"MIXED CROP FARMER (MAIZE, MILLET,  GROUNDNUT ETC)",Private Informal,Own land / farm,35,Mole-Dagbani,Bono,Married (Customary/Traditional)
259508,2022Q2,595,8,2,Female,Spouse (Wife/Husband/Living together),0,"MIXED CROP FARMER (""YAM,MAIZE,SORGHUM, GROUNDNUT)",Private Informal,Own land / farm,77,Mole-Dagbani,Upper West,Married (Customary/Traditional)
659502,2023Q2,595,2,5,Female,Parent,0,"MIXED CROP FARMER (GROUNDNUT, MAIZE, BAMBARA BEANS, BEANS, MILLET,OKRO,PEPPER)",Private Informal,Own land / farm,86,Mole-Dagbani,Ahafo,Widowed
759503,2023Q3,595,3,2,Female,Spouse (Wife/Husband/Living together),0,"MIXED CROP FARMER (SORGHUM, BEANS,BAMBARA  BEANS, GROUNDNUT, RICE,MAIZE)",Private Informal,Own land / farm,50,Mole-Dagbani,Upper West,Married (Customary/Traditional)
659515,2023Q2,595,15,4,Female,Parent,0,"MIXED CROP FARMER  ( BEANS,  BAMBARA BEANS,  GROUNDNUT,  MAIZE ETC)",Private Informal,Own land / farm,44,Mole-Dagbani,Upper West,Married (Customary/Traditional)
259518,2022Q2,595,18,9,Female,Other relative,0,"MIXED CROP FARMER ( MAIZE, MILLET, BEANS, BAMBARA BEANS, GROUNDNUT)",Private Informal,Own land / farm,49,Mole-Dagbani,Upper West,Widowed
659505,2023Q2,595,5,1,Female,Head,0,"MIXED CROP FARMER  ( BEANS,  BAMBARA BEANS,  GROUNDNUT,  MAIZE ETC)",Private Informal,Own land / farm,35,Mole-Dagbani,Bono,Married (Customary/Traditional)
259510,2022Q2,595,10,1,Male,Head,0,"MIXED CROP FARMER (GROUNDNUTS, YAM,BAMBARA BEANS, COWPEA,SORGHUM)",Private Informal,Own land / farm,34,Mole-Dagbani,,Married (Customary/Traditional)
759516,2023Q3,595,16,2,Female,Parent,SSS/SHS,"MIXED CROP FARMER MAIZE, YAM, BEANS, SOYA BEANS, BAMBARA BEANS, MILLET",Private Informal,Other land / farm.,58,Mole-Dagbani,Upper West,Widowed
659503,2023Q2,595,3,2,Female,Spouse (Wife/Husband/Living together),0,"MIXED CROP FARMER (TOMATOES,PEPPER, OKRO,BAMBARA BEANS, BEANS, GROUNDNUT, MILLET, MAIZE, SORGHUM)",Private Informal,Own land / farm,50,Mole-Dagbani,Upper West,Married (Customary/Traditional)
759512,2023Q3,595,12,2,Male,Child (Son/Daughter),JSS/JHS,"MIXED CROP FARMER MAIZE, YAM, BEANS, SOYA BEANS, BAMBARA BEANS, MILLET",Private Informal,Other land / farm.,18,Mole-Dagbani,,Never married
659510,2023Q2,595,10,6,Female,Other relative,0,"MIXED CROP FARMER (OKRO, PEPPER, BAMBARA BEANS, MAIZE, GROUNDNUT,BEANS, MILLET)",Private Informal,Own land / farm,55,Mole-Dagbani,Upper West,Widowed
659510,2023Q2,595,10,9,Female,Other relative,0,"MIXED CROP FARMER (MAIZE, OKRO, PEPPER, BAMBARA BEANS, MILLET, RICE)",Private Informal,Own land / farm,25,Mole-Dagbani,Upper West,Married (Customary/Traditional)
259509,2022Q2,595,9,6,Male,Child (Son/Daughter),Primary,"MIXED CROP FARMER (GROUNDNUTS, YAM,BAMBARA BEANS, COWPEA)",Private Informal,Own land / farm,20,Mole-Dagbani,,Never married
759512,2023Q3,595,12,7,Female,Parent-in-law,Primary,"MIXED CROP FARMER MAIZE, YAM, BEANS, SOYA BEANS, BAMBARA BEANS, MILLET",Private Informal,Own land / farm,76,Mole-Dagbani,Upper West,Married (Customary/Traditional)
659511,2023Q2,595,11,1,Male,Head,Primary,"MIXED CROP FARMER (YAM,GROUNDNUT, BEANS, MAIZE RICE)",Private Informal,Own land / farm,24,Mole-Dagbani,,Married (Customary/Traditional)
559501,2023Q1,595,1,1,Male,Head,Kindergarten,"MIXED CROP FARMER (GROUNDNUT,  BEANS,  MAIZE ETC)",Private Informal,Own land / farm,49,Mole-Dagbani,Bono,Married (Customary/Traditional)
759515,2023Q3,595,15,4,Female,Parent,0,"MIXED CROP FARMER ( MAIZE,  GROUNDNUT,  YAM,  BEANS,  RICE ETC)",Private Informal,Own land / farm,44,Mole-Dagbani,Upper West,Married (Customary/Traditional)
159517,2022Q1,595,17,2,Female,Spouse (Wife/Husband/Living together),0,MIXED CROP FARMER AND LIVESTOCK REARER,,Own land / farm,44,Mole-Dagbani,Upper West,Married (Customary/Traditional)
559502,2023Q1,595,2,1,Male,Head,0,"MIXED CROP FARMER (MAIZE, GROUNDNUT, MILLET, BEANS, BAMBARABEANS)",Private Informal,Own land / farm,43,Mole-Dagbani,Ahafo,Married (Customary/Traditional)
759503,2023Q3,595,3,5,Male,Brother/Sister,SSS/SHS,"MIXED CROP FARMER (SORGHUM, BEANS,BAMBARA  BEANS, GROUNDNUT, RICE,MAIZE)",Private Informal,Own land / farm,26,Mole-Dagbani,,Never married
659504,2023Q2,595,4,1,Female,Head,Primary,"MIXED CROP FARMER  ( BEANS,  BAMBARA BEANS,  GROUNDNUT,  YAM ETC)",Private Informal,Own land / farm,52,"All Other Tribes (Hausa, Baribari, Zabrama)",Outside Ghana (specify country),Widowed
659502,2023Q2,595,2,1,Male,Head,Primary,"MIXED CROP FARMER (RICE, MAIZE, MILLET, BEANS, GROUNDNUT, BAMBARA BEANS,YAM)",Private Informal,Own land / farm,43,Mole-Dagbani,Ahafo,Married (Customary/Traditional)
659515,2023Q2,595,15,1,Male,Head,Primary,"MIXED CROP FARMER  ( BEANS,  BAMBARA BEANS,  GROUNDNUT,  MAIZE ETC)",Private Informal,Own land / farm,22,Mole-Dagbani,Bono,Married (Customary/Traditional)
659513,2023Q2,595,13,1,Male,Head,0,"MIXED CROP FARMER (GROUNDNUT, MAIZE, YAM,BEANS, )",Private Informal,Own land / farm,41,Mole-Dagbani,,Married (Customary/Traditional)
759502,2023Q3,595,2,2,Female,Spouse (Wife/Husband/Living together),0,"MIXED CROP FARMER (YAM, BAMBARA  BEANS, GROUNDNUT, BEANS, RICE,MAIZE)",Private Informal,Own land / farm,44,Mole-Dagbani,Upper West,Married (Customary/Traditional)
259518,2022Q2,595,18,1,Male,Head,0,"MIXED CROP FARMER ( MAIZE, MILLET, BEANS, BAMBARA BEANS, RICE, GROUNDNUT)",Private Informal,Own land / farm,48,Mole-Dagbani,Bono,Married (Customary/Traditional)
759510,2023Q3,595,10,9,Female,Other relative,0,"MIXED CROP FARMER (YAM, BAMBARA  BEANS, GROUNDNUT, BEANS, RICE,MAIZE)",Private Informal,Own land / farm,25,Mole-Dagbani,Upper West,Married (Customary/Traditional)
659501,2023Q2,595,1,1,Male,Head,Kindergarten,"MIXED CROP FARMER  ( BEANS,  BAMBARA BEANS,  GROUNDNUT,  MAIZE ETC)",Private Informal,Own land / farm,49,Mole-Dagbani,Bono,Married (Customary/Traditional)
659517,2023Q2,595,17,2,Female,Spouse (Wife/Husband/Living together),0,"MIXED CROP FARMER (MAIZE, MILLETS, BEANS,BAMBARA BEANS AND GROUNDNUTS",Private Informal,Other land / farm.,45,Mole-Dagbani,Upper West,Married (Customary/Traditional)
559511,2023Q1,595,11,2,Female,Spouse (Wife/Husband/Living together),Primary,"MIXED CROP FARMER (MAIZE, MILLET, BEANS, BAMBARA BEANS, OKRO, PEPPER)",Private Informal,Own land / farm,20,Mole-Dagbani,Upper West,Married (Customary/Traditional)
559511,2023Q1,595,11,1,Male,Head,Primary,"MIXED CROP FARMER (MAIZE,MILLET, GROUNDNUT, BAMBARA BEANS, BEANS, )",Private Informal,Own land / farm,24,Mole-Dagbani,,Married (Customary/Traditional)
259511,2022Q2,595,11,1,Male,Head,Primary,"MIXED CROP FARMER (GROUNDNUTS, MAIZE,COWPEA,BAMBARA BEANS)",Private Informal,Own land / farm,24,Mole-Dagbani,,Married (Customary/Traditional)
259510,2022Q2,595,10,7,Female,Other relative,0,"MIXED CROP FARMER (GROUNDNUTS, YAM,BAMBARA BEANS,COWPEA)",Private Informal,Own land / farm,29,Mole-Dagbani,Upper West,Married (Customary/Traditional)
759517,2023Q3,595,17,1,Male,Head,0,"MIXED CROP FARMER MAIZE, YAM, BEANS, SOYA BEANS, BAMBARA BEANS, MILLET",Private Informal,Own land / farm,47,Mole-Dagbani,,Married (Customary/Traditional)
759510,2023Q3,595,10,2,Male,Brother/Sister,Primary,"MIXED CROP FARMER (MAIZE, MILLET, GROUNDNUT, BAMBARA BEANS, BEANS, SORGHUM, YAM,PEPPER)",Private Informal,Other land / farm.,33,Mole-Dagbani,,Married (Customary/Traditional)
559510,2023Q1,595,10,9,Female,Other relative,0,"MIXED CROP FARMER (MAIZE, MILLET, BEANS, GROUNDNUT)",Private Informal,Own land / farm,25,Mole-Dagbani,Upper West,Married (Customary/Traditional)
759503,2023Q3,595,3,1,Male,Head,Nursery,"MIXED CROP FARMER (SORGHUM, BEANS,BAMBARA  BEANS, GROUNDNUT, RICE,MAIZE)",Private Informal,Own land / farm,51,Mole-Dagbani,,Married (Customary/Traditional)
259508,2022Q2,595,8,8,Female,Daughter in-law,JSS/JHS,"MIXED CROP FARMER (""YAM,MAIZE,SORGHUM, GROUNDNUT)",Private Informal,Own land / farm,22,Mole-Dagbani,Bono,Married (Customary/Traditional)
559504,2023Q1,595,4,1,Female,Head,Primary,"MIXED CROP FARMER (GROUNDNUT,  BEANS,  MILLET ETC)",Private Informal,Own land / farm,52,"All Other Tribes (Hausa, Baribari, Zabrama)",Outside Ghana (specify country),Widowed
259517,2022Q2,595,17,2,Female,Spouse (Wife/Husband/Living together),0,"MIXED CROP FARMER ( MAIZE, MILLET, BEANS, BAMBARA BEANS, GROUNDNUT)",Private Informal,Own land / farm,44,Mole-Dagbani,Upper West,Married (Customary/Traditional)
659502,2023Q2,595,2,2,Female,Spouse (Wife/Husband/Living together),0,"MIXED CROP FARMER (GROUNDNUT,MAIZE, BAMBARA BEANS,,BEANS, OKRO, PEPPER)",Private Informal,Own land / farm,44,Mole-Dagbani,Upper West,Married (Customary/Traditional)
259507,2022Q2,595,7,1,Female,Head,0,"MIXED CROP FARMER (MAIZE,BEAN,MILLET, GROUNDNUT, YAM, PEPPER )",Private Informal,Own land / farm,66,Mole-Dagbani,Upper West,Widowed
759503,2023Q3,595,3,6,Male,Child (Son/Daughter),Primary,"MIXED CROP FARMER  (MAIZE, MILLET, GROUNDNUT, BAMBARA BEANS, BEANS, SORGHUM, YAM,PEPPER)",Private Informal,Other land / farm.,19,Mole-Dagbani,Bono,Never married
659518,2023Q2,595,18,1,Male,Head,0,"MIXED CROP FARMER (MAIZE, MILLETS, BEANS,BAMBARA BEANS AND GROUNDNUTS",Private Informal,Own land / farm,49,Mole-Dagbani,Bono,Married (Customary/Traditional)
259518,2022Q2,595,18,2,Female,Spouse (Wife/Husband/Living together),0,"MIXED CROP FARMER ( MAIZE, MILLET, BEANS, BAMBARA BEANS, GROUNDNUT)",Private Informal,Own land / farm,39,Mole-Dagbani,Upper West,Married (Customary/Traditional)
759511,2023Q3,595,11,2,Female,Spouse (Wife/Husband/Living together),Primary,"MIXED CROP FARMER (YAM, BAMBARA  BEANS, GROUNDNUT, BEANS, RICE,MAIZE)",Private Informal,Own land / farm,21,Mole-Dagbani,Upper West,Married (Customary/Traditional)
659510,2023Q2,595,10,2,Male,Brother/Sister,0,"MIXED CROP FARMER (GROUNDNUT, MAIZE, MILLET, SORGHUM, BAMBARA BEANS, RICE, YAM,BEANS)",Private Informal,Own land / farm,32,Mole-Dagbani,,Married (Customary/Traditional)
759512,2023Q3,595,12,6,Female,Parent-in-law,Primary,"MIXED CROP FARMER MAIZE, YAM, BEANS, SOYA BEANS, BAMBARA BEANS, MILLET",Private Informal,Own land / farm,76,Mole-Dagbani,Upper West,Married (Customary/Traditional)
259505,2022Q2,595,5,1,Female,Head,0,"MIXED CROP FARMER (MAIZE, GROUNDNUT, PEPPER, OKRO)",Private Informal,Other land / farm.,34,Mole-Dagbani,Bono,Married (Customary/Traditional)
759510,2023Q3,595,10,7,Female,Other relative,Primary,"MIXED CROP FARMER (MAIZE, MILLET, GROUNDNUT, BAMBARA BEANS, BEANS, SORGHUM, YAM,PEPPER)",Private Informal,Other land / farm.,31,Mole-Dagbani,Upper West,Married (Customary/Traditional)
559518,2023Q1,595,18,1,Male,Head,0,"MIXED CROP FARMER ( MAIZE GROUNDNUTS,OKRO AND BAMBARA BEANS)",Private Informal,Other land / farm.,49,Mole-Dagbani,Bono,Married (Customary/Traditional)
559517,2023Q1,595,17,1,Male,Head,0,"MIXED CROP FARMER ( MAIZE ,OKRO AND GROUNDNUTS",Private Informal,Other land / farm.,46,Mole-Dagbani,,Married (Customary/Traditional)
259516,2022Q2,595,16,2,Female,Parent,SSS/SHS,"MIXED CROP FARMER (YAM, MAIZE, GROUNDNUT,  RICE ETC)",Private Informal,Own land / farm,56,Mole-Dagbani,Upper West,Widowed
759510,2023Q3,595,10,1,Male,Head,Primary,"MIXED CROP FARMER (MAIZE, MILLET, GROUNDNUT, BAMBARA BEANS, BEANS, SORGHUM, YAM,PEPPER)",Private Informal,Own land / farm,36,Mole-Dagbani,,Married (Customary/Traditional)
559502,2023Q1,595,2,5,Female,Parent,0,"MIXED CROP FARMER (GROUNDNUT, BAMBARABEANS, BEANS, MILLET, MAIZE)",Private Informal,Own land / farm,86,Mole-Dagbani,Ahafo,Widowed
659518,2023Q2,595,18,2,Female,Spouse (Wife/Husband/Living together),0,"MIXED CROP FARMER (MAIZE, MILLETS, BEANS,BAMBARA BEANS AND GROUNDNUTS",Private Informal,Other land / farm.,40,Mole-Dagbani,Upper West,Married (Customary/Traditional)
659517,2023Q2,595,17,1,Male,Head,0,"MIXED CROP FARMER (MAIZE, MILLETS, BEANS,BAMBARA BEANS AND GROUNDNUTS",Private Informal,Own land / farm,46,Mole-Dagbani,,Married (Customary/Traditional)
759501,2023Q3,595,1,2,Female,Spouse (Wife/Husband/Living together),Primary,"MIXED CROP FARMER ( MAIZE,  GROUNDNUT,  YAM,  BEANS,  RICE ETC)",Private Informal,Own land / farm,48,Mole-Dagbani,Bono,Married (Customary/Traditional)
559517,2023Q1,595,17,2,Female,Spouse (Wife/Husband/Living together),0,"MIXED CROP FARMER ( MAIZE GROUNDNUTS,OKRO AND BAMBARA BEANS)",Private Informal,Other land / farm.,45,Mole-Dagbani,Upper West,Married (Customary/Traditional)
559501,2023Q1,595,1,2,Female,Spouse (Wife/Husband/Living together),Primary,"MIXED CROP FARMER (GROUNDNUT,  BEANS,  MAIZE ETC)",Private Informal,Own land / farm,47,Mole-Dagbani,Bono,Married (Customary/Traditional)
259509,2022Q2,595,9,2,Female,Spouse (Wife/Husband/Living together),0,"MIXED CROP FARMER (GROUNDNUTS, YAM,BAMBARA BEANS COWPEA,OKRO,PEPPER)",Private Informal,Own land / farm,61,Mole-Dagbani,Upper West,Married (Customary/Traditional)
759502,2023Q3,595,2,13,Male,Child (Son/Daughter),Primary,"MIXED CROP FARMER (YAM, BAMBARA  BEANS, GROUNDNUT, BEANS, RICE,MAIZE)",Private Informal,Own land / farm,18,Mole-Dagbani,Ahafo,Never married
759502,2023Q3,595,2,5,Female,Parent,0,"MIXED CROP FARMER (YAM, BAMBARA  BEANS, GROUNDNUT, BEANS, RICE,MAIZE)",Private Informal,Own land / farm,87,Mole-Dagbani,Ahafo,Widowed
559510,2023Q1,595,10,2,Male,Brother/Sister,0,"MIXED CROP FARMER (GROUNDNUT, BAMBARA BEANS, MAIZE, MILLET)",Private Informal,Own land / farm,32,Mole-Dagbani,,Married (Customary/Traditional)
259506,2022Q2,595,6,1,Male,Head,Primary,"MIXED CROP FARMER (BEAN, MAIZE,GROUNDNUT, MILLET)",Private Informal,Own land / farm,65,Mole-Dagbani,,Married (Customary/Traditional)
559510,2023Q1,595,10,7,Female,Other relative,0,"MIXED CROP FARMER (MAIZE, MILLET, BEANS, BAMBARA BEANS, )",Private Informal,Own land / farm,30,Mole-Dagbani,Upper West,Married (Customary/Traditional)
559518,2023Q1,595,18,9,Female,Other relative,0,"MIXED CROP FARMER ( MAIZE GROUNDNUTS,OKRO AND BAMBARA BEANS)",Private Informal,Other land / farm.,50,Mole-Dagbani,Upper West,Widowed
659510,2023Q2,595,10,3,Male,Brother/Sister,0,"MIXED CROP FARMER (MAIZE, GROUNDNUT, BAMBARA BEANS, YAM,OKRO, BEANS, MILLET)",Private Informal,Own land / farm,29,Mole-Dagbani,,Married (Customary/Traditional)
759501,2023Q3,595,1,1,Male,Head,Kindergarten,"MIXED CROP FARMER ( MAIZE,  GROUNDNUT,  YAM,  BEANS,  RICE ETC)",Private Informal,Own land / farm,49,Mole-Dagbani,Bono,Married (Customary/Traditional)
259510,2022Q2,595,10,9,Female,Other relative,0,"MIXED CROP FARMER ( GROUNDNUTS, YAM,BAMBARA BEANS,COWPEA)",Private Informal,Own land / farm,25,Mole-Dagbani,Upper West,Married (Customary/Traditional)
659516,2023Q2,595,16,2,Female,Parent,SSS/SHS,"MIXED CROP FARMER (MAIZE, MILLETS, BEANS,BAMBARA BEANS AND GROUNDNUTS",Private Informal,Other land / farm.,57,Mole-Dagbani,Upper West,Widowed
559511,2023Q1,595,11,4,Female,Other relative,Primary,"MIXED CROP FARMER (MAIZE, GROUNDNUT, MILLET, BEANS, BAMBARA BEANS, PEPPER, OKRO)",Private Informal,Own land / farm,36,Mole-Dagbani,,Widowed
259509,2022Q2,595,9,4,Male,Child (Son/Daughter),0,"MIXED CROP FARMER (GROUNDNUTS, YAM,BAMBARA BEANS, COWPEA)",Private Informal,Own land / farm,29,Mole-Dagbani,,Never married
759502,2023Q3,595,2,1,Male,Head,Primary,"MIXED CROP FARMER (YAM, BAMBARA  BEANS, GROUNDNUT, BEANS, RICE,MAIZE)",Private Informal,Own land / farm,43,Mole-Dagbani,Ahafo,Married (Customary/Traditional)
759518,2023Q3,595,18,9,Female,Other relative,0,"MIXED CROP FARMER MAIZE, YAM, BEANS, SOYA BEANS, BAMBARA BEANS, MILLET",Private Informal,Own land / farm,51,Mole-Dagbani,Upper West,Widowed
759505,2023Q3,595,5,1,Female,Head,0,"MIXED CROP FARMER ( MAIZE,  GROUNDNUT,  YAM,  BEANS,  RICE ETC)",Private Informal,Own land / farm,36,Mole-Dagbani,Bono,Married (Customary/Traditional)
259508,2022Q2,595,8,6,Male,Child (Son/Daughter),0,"MIXED CROP FARMER (""YAM,MAIZE,SORGHUM, GROUNDNUT)",Private Informal,Own land / farm,19,Mole-Dagbani,,Never married
259512,2022Q2,595,12,1,Female,Head,0,"MIXED CROP FARMER (GROUNDNUTS, MAIZE,COWPEA,MILLET,BAMBARA BEANS)",Private Informal,Own land / farm,43,Mole-Dagbani,Ahafo,Married (Customary/Traditional)
259517,2022Q2,595,17,1,Male,Head,0,"MIXED CROP FARMER ( MAIZE, MILLET, BEANS, BAMBARA BEANS, GROUNDNUT)",Private Informal,Own land / farm,45,Mole-Dagbani,,Married (Customary/Traditional)
659518,2023Q2,595,18,9,Female,Other relative,0,"MIXED CROP FARMER (MAIZE, MILLETS, BEANS,BAMBARA BEANS AND GROUNDNUTS",Private Informal,Other land / farm.,50,Mole-Dagbani,Upper West,Widowed
759513,2023Q3,595,13,1,Male,Head,0,"MIXED CROP FARMER (BEANS, YAM, MAIZE, GROUNDNUT, BAMBARA BEANS)",Private Informal,Own land / farm,41,Mole-Dagbani,,Married (Customary/Traditional)
659503,2023Q2,595,3,1,Male,Head,Nursery,"MIXED CROP FARMER ( RICE,MAIZE,MILLET, BEANS, GROUNDNUT, BAMBARA  BEANS,SORGHUM )",Private Informal,Own land / farm,51,Mole-Dagbani,,Married (Customary/Traditional)
259506,2022Q2,595,6,2,Female,Spouse (Wife/Husband/Living together),0,"MIXED CROP FARMER (MAIZE,YAM,MILLET, GROUNDNUT)",Private Informal,Own land / farm,59,Mole-Dagbani,Upper West,Married (Customary/Traditional)
759511,2023Q3,595,11,4,Female,Other relative,Primary,"MIXED CROP FARMER (YAM, BAMBARA  BEANS, GROUNDNUT, BEANS, RICE,MAIZE)",Private Informal,Own land / farm,37,Mole-Dagbani,,Widowed
559516,2023Q1,595,16,2,Female,Parent,SSS/SHS,"MIXED CROP FARMER ( MAIZE GROUNDNUTS,OKRO AND BAMBARA BEANS)",Private Informal,Other land / farm.,57,Mole-Dagbani,Upper West,Widowed
559503,2023Q1,595,3,5,Male,Brother/Sister,SSS/SHS,"MIXED CROP FARMER (MAIZE, GROUNDNUT, BAMBARA BEANS, BEANS)",Private Informal,Own land / farm,26,Mole-Dagbani,,Never married
259508,2022Q2,595,8,4,Male,Child (Son/Daughter),JSS/JHS,"MIXED CROP FARMER (""YAM,MAIZE,SORGHUM, GROUNDNUT)",Private Informal,Own land / farm,26,Mole-Dagbani,,Married (Customary/Traditional)
759511,2023Q3,595,11,1,Male,Head,Primary,"MIXED CROP FARMER (YAM, BAMBARA  BEANS, GROUNDNUT, BEANS, RICE,MAIZE)",Private Informal,Own land / farm,24,Mole-Dagbani,,Married (Customary/Traditional)
259507,2022Q2,595,7,3,Male,Grandchild,SSS/SHS,"MIXED CROP FARMER (MAIZE,BEAN,MILLET, GROUNDNUT, YAM, PEPPER )",Private Informal,Own land / farm,18,Mole-Dagbani,Bono,Never married
259509,2022Q2,595,9,1,Male,Head,0,"MIXED CROP FARMER (GROUNDNUTS, YAM,BAMBARA BEANS, COWPEA)",Private Informal,Own land / farm,69,Mole-Dagbani,,Married (Customary/Traditional)
259508,2022Q2,595,8,3,Male,Child (Son/Daughter),Primary,"MIXED CROP FARMER (""YAM,MAIZE,SORGHUM, GROUNDNUT)",Private Informal,Own land / farm,35,Mole-Dagbani,,Married (Customary/Traditional)
259511,2022Q2,595,11,4,Female,Other relative,Primary,"MIXED CROP FARMER (GROUNDNUTS, MAIZE,COWPEA,BAMBARA BEANS, OKRO)",Private Informal,Own land / farm,35,Mole-Dagbani,,Widowed
259512,2022Q2,595,12,7,Female,Parent-in-law,0,"MIXED CROP FARMER (GROUNDNUTS, MAIZE,COWPEA,MILLET,BAMBARA BEANS)",Private Informal,Own land / farm,74,Mole-Dagbani,Upper West,Married (Customary/Traditional)
259506,2022Q2,595,6,4,Female,Spouse (Wife/Husband/Living together),0,"MIXED CROP FARMER (MAIZE,BEAN,MILLET, GROUNDNUT  )",Private Informal,Own land / farm,52,Mole-Dagbani,Upper West,Married (Customary/Traditional)
259516,2022Q2,595,16,1,Male,Head,SSS/SHS,"MIXED CROP FARMER ( MAIZE, GROUNDNUT, OKRO, YAM, RICE)",Private Informal,Own land / farm,24,Mole-Dagbani,,Never married
559518,2023Q1,595,18,2,Female,Spouse (Wife/Husband/Living together),0,"MIXED CROP FARMER ( MAIZE GROUNDNUTS,OKRO AND BAMBARA BEANS)",Private Informal,Other land / farm.,40,Mole-Dagbani,Upper West,Married (Customary/Traditional)
559510,2023Q1,595,10,6,Female,Other relative,0,"MIXED CROP FARMER (MAIZE, MILLET, BEANS, GROUNDNUT, BAMBARA BEANS)",Private Informal,Own land / farm,55,Mole-Dagbani,Upper West,Widowed
759517,2023Q3,595,17,2,Female,Spouse (Wife/Husband/Living together),0,"MIXED CROP FARMER MAIZE, YAM, BEANS, SOYA BEANS, BAMBARA BEANS, MILLET",Private Informal,Other land / farm.,45,Mole-Dagbani,Upper West,Married (Customary/Traditional)
759518,2023Q3,595,18,2,Female,Spouse (Wife/Husband/Living together),0,"MIXED CROP FARMER MAIZE, YAM, BEANS, SOYA BEANS, BAMBARA BEANS, MILLET",Private Informal,Other land / farm.,41,Mole-Dagbani,Upper West,Married (Customary/Traditional)
759515,2023Q3,595,15,1,Male,Head,Primary,"MIXED CROP FARMER ( MAIZE,  GROUNDNUT,  YAM,  BEANS,  RICE ETC)",Private Informal,Own land / farm,22,Mole-Dagbani,Bono,Married (Customary/Traditional)
759606,2023Q3,596,6,1,Male,Head,Primary,"MIXED CROP FARMER (MAIZE, MILLET, GROUNDNUT,BAMBARA BEANS, BEANS, OKRO, PEPPER, RICE)",Private Informal,Own land / farm,51,Mole-Dagbani,,Married (Customary/Traditional)
659605,2023Q2,596,5,3,Female,Child (Son/Daughter),SSS/SHS,"MIXED CROP FARMER (MAIZE, GROUNDNUT, BEANS, BAMBARA BEANS)",Private Informal,Own land / farm,19,Mole-Dagbani,,Never married
559604,2023Q1,596,4,1,Male,Head,0,"MIXED CROP FARMER (GROUNDNUT,  MAIZE,  BEANS,  YAM, MILLET ETC)",Private Informal,Own land / farm,61,Mole-Dagbani,,Married (Customary/Traditional)
559618,2023Q1,596,18,2,Female,Spouse (Wife/Husband/Living together),0,"MIXED CROP FARMER (MAIZE,MILLETS, BEANS AND GROUNDNUTS)",Private Informal,Other land / farm.,46,Mole-Dagbani,,Married (Customary/Traditional)
559607,2023Q1,596,7,2,Female,Spouse (Wife/Husband/Living together),0,"MIXED CROP FARMER (MAIZE,MILLETS, BEANS AND GROUNDNUTS)",Private Informal,Other land / farm.,50,Mole-Dagbani,,Married (Customary/Traditional)
559605,2023Q1,596,5,1,Male,Head,0,"MIXED CROP FARMER (MAIZE,GROUNDNUT ,BAMBARA BEANS,BEANS)",Private Informal,Own land / farm,39,Mole-Dagbani,,Married (Civil/Ordinance)
659614,2023Q2,596,14,1,Female,Head,Primary,"MIXED CROP FARMER  ( YAM, BEANS,  BAMBARA BEANS,  GROUNDNUT,  MAIZE ETC)",Private Informal,Own land / farm,51,Mole-Dagbani,,Widowed
659607,2023Q2,596,7,1,Male,Head,Secondary,"MIXED CROP FARMER (MAIZE, MILLETS, BEANS,BAMBARA BEANS AND GROUNDNUTS",Private Informal,Own land / farm,58,Mole-Dagbani,,Married (Customary/Traditional)
659609,2023Q2,596,9,1,Female,Head,Primary,"MIXED CROP FARMER (GROUNDNUT, MAIZE, MILLET, BAMBARA BEANS, OKRO,PEPPER)",Private Informal,Own land / farm,29,Mole-Dagbani,,Informal/living together
759606,2023Q3,596,6,2,Female,Spouse (Wife/Husband/Living together),Primary,"MIXED CROP FARMER (MAIZE, MILLET, GROUNDNUT,BAMBARA BEANS, BEANS, OKRO, PEPPER, RICE)",Private Informal,Other land / farm.,31,Mole-Dagbani,Ashanti.,Married (Customary/Traditional)
759609,2023Q3,596,9,1,Female,Spouse (Wife/Husband/Living together),Primary,"MIXED CROP FARMER (MAIZE,MILLET,BAMBARA BEANS, GROUNDNUT, BEANS,OKRO,PEPPER)",Private Informal,Other land / farm.,29,Mole-Dagbani,,Informal/living together
759607,2023Q3,596,7,2,Female,Spouse (Wife/Husband/Living together),0,"MIXED CROP FARMER MAIZE, YAM, BEANS, SOYA BEANS, BAMBARA BEANS, MILLET",Private Informal,Other land / farm.,51,Mole-Dagbani,,Married (Customary/Traditional)
659605,2023Q2,596,5,2,Female,Spouse (Wife/Husband/Living together),JSS/JHS,"MIXED CROP FARMER (MAIZE, OKRO, PEPPER, BEANS, BAMBARA BEANS)",Private Informal,Own land / farm,36,Mole-Dagbani,,Married (Civil/Ordinance)
759612,2023Q3,596,12,1,Male,Head,Primary,"MIXED CROP FARMER MAIZE, YAM, BEANS, SOYA BEANS, BAMBARA BEANS, MILLET",Private Informal,Own land / farm,64,Mole-Dagbani,,Married (Customary/Traditional)
659606,2023Q2,596,6,7,Female,Parent,Kindergarten,"MIXED CROP FARMER (GROUNDNUT, MAIZE, MILLET, BEANS, OKRO, PEPPER)",Private Informal,Own land / farm,68,Mole-Dagbani,,Widowed
759608,2023Q3,596,8,1,Male,Head,SSS/SHS,"MIXED CROP FARMER MAIZE, YAM, BEANS, SOYA BEANS, BAMBARA BEANS, MILLET",Private Informal,Other land / farm.,25,Mole-Dagbani,,Informal/living together
659613,2023Q2,596,13,1,Male,Head,Primary,"MIXED CROP FARMER  ( BAMBARABEANS, BEANS, MAIZE ETC)",Private Informal,Own land / farm,28,Mole-Dagbani,,Married (Customary/Traditional)
759604,2023Q3,596,4,2,Female,Spouse (Wife/Husband/Living together),0,"MIXED CROP FARMER ( MAIZE,  MILLET,  GROUNDNUT,  YAM,  BEANS ETC)",Private Informal,Own land / farm,54,Mole-Dagbani,,Married (Customary/Traditional)
559606,2023Q1,596,6,1,Male,Head,Primary,"MIXED CROP FARMER ( MAIZE, GROUNDNUT, MILLET)",Private Informal,Own land / farm,50,Mole-Dagbani,,Married (Customary/Traditional)
759605,2023Q3,596,5,3,Female,Child (Son/Daughter),SSS/SHS,"MIXED CROP FARMER (MAIZE, MILLET, GROUNDNUT,BAMBARA BEANS, BEANS, OKRO, PEPPER, RICE)",Private Informal,Other land / farm.,19,Mole-Dagbani,,Never married
659618,2023Q2,596,18,2,Female,Spouse (Wife/Husband/Living together),0,"MIXED CROP FARMER (MAIZE, MILLETS, BEANS,BAMBARA BEANS AND GROUNDNUTS",Private Informal,Other land / farm.,47,Mole-Dagbani,,Married (Customary/Traditional)
659612,2023Q2,596,12,2,Female,Spouse (Wife/Husband/Living together),Primary,"MIXED CROP FARMER (MAIZE, MILLETS, BEANS,BAMBARA BEANS AND GROUNDNUTS",Private Informal,Other land / farm.,58,Mole-Dagbani,,Married (Customary/Traditional)
659614,2023Q2,596,14,4,Female,Daughter in-law,JSS/JHS,"MIXED CROP FARMER  ( YAM, BEANS,  BAMBARA BEANS,  GROUNDNUT,  MAIZE ETC)",Private Informal,Own land / farm,22,Mole-Dagbani,,Informal/living together
759614,2023Q3,596,14,1,Female,Head,Primary,"MIXED CROP FARMER ( MAIZE,  MILLET,  GROUNDNUT,  YAM,  BEANS ETC)",Private Informal,Own land / farm,51,Mole-Dagbani,,Widowed
759617,2023Q3,596,17,3,Female,Head,Kindergarten,"MIXED CROP FARMER ( MAIZE,  MILLET,  GROUNDNUT,  YAM,  BEANS ETC)",Private Informal,Own land / farm,46,Mole-Dagbani,Bono East,Widowed
659612,2023Q2,596,12,4,Male,Child (Son/Daughter),Primary,"MIXED CROP FARMER (MAIZE, MILLETS, BEANS,BAMBARA BEANS AND GROUNDNUTS",Private Informal,Other land / farm.,22,Mole-Dagbani,,Never married
759615,2023Q3,596,15,1,Male,Head,Primary,"MIXED CROP FARMER (MAIZE, MILLET, GROUNDNUT,BAMBARA BEANS, BEANS, OKRO, PEPPER, RICE)",Private Informal,Own land / farm,46,Mole-Dagbani,,Married (Customary/Traditional)
759607,2023Q3,596,7,3,Female,Child (Son/Daughter),SSS/SHS,"MIXED CROP FARMER MAIZE, YAM, BEANS, SOYA BEANS, BAMBARA BEANS, MILLET",Private Informal,Other land / farm.,20,Mole-Dagbani,,Never married
559609,2023Q1,596,9,5,Male,Spouse (Wife/Husband/Living together),Primary,"MIXED CROP FARMER (GROUNDNUT, MAIZE, BAMBARA BEANS, BEANS, )",Private Informal,Own land / farm,29,Mole-Dagbani,,Married (Customary/Traditional)
559605,2023Q1,596,5,3,Female,Child (Son/Daughter),SSS/SHS,"MIXED CROP FARMER (GROUNDNUT, MAIZE,BAMBARA BEANS, BEANS)",Private Informal,Own land / farm,18,Mole-Dagbani,,Never married
559607,2023Q1,596,7,3,Female,Child (Son/Daughter),SSS/SHS,"MIXED CROP FARMER (MAIZE,MILLETS, BEANS AND GROUNDNUTS)",Private Informal,Other land / farm.,20,Mole-Dagbani,,Never married
659608,2023Q2,596,8,1,Male,Head,SSS/SHS,"MIXED CROP FARMER (MAIZE, MILLETS, BEANS,BAMBARA BEANS AND GROUNDNUTS",Private Informal,Other land / farm.,24,Mole-Dagbani,,Informal/living together
559606,2023Q1,596,6,8,Male,Child (Son/Daughter),Primary,"MIXED CROP FARMER (GROUNDNUT, MAIZE, MILLET)",Private Informal,Own land / farm,23,Mole-Dagbani,,Never married
759607,2023Q3,596,7,1,Male,Head,Secondary,"MIXED CROP FARMER MAIZE, YAM, BEANS, SOYA BEANS, BAMBARA BEANS, MILLET",Private Informal,Other land / farm.,58,Mole-Dagbani,,Married (Customary/Traditional)
559615,2023Q1,596,15,1,Male,Head,Primary,"MIXED CROP FARMER ( MAIZE, GROUNDNUT, MILLET,RICE,BEANS)",Private Informal,Own land / farm,45,Mole-Dagbani,,Married (Customary/Traditional)
759616,2023Q3,596,16,1,Male,Head,Middle,"MIXED CROP FARMER ( MAIZE,  MILLET,  GROUNDNUT,  YAM,  BEANS ETC)",Private Informal,Own land / farm,56,Mole-Dagbani,,Married (Customary/Traditional)
759606,2023Q3,596,6,7,Female,Parent,Kindergarten,"MIXED CROP FARMER (MAIZE, MILLET, GROUNDNUT,BAMBARA BEANS, BEANS, OKRO, PEPPER, RICE)",Private Informal,Own land / farm,68,Mole-Dagbani,,Widowed
559618,2023Q1,596,18,1,Male,Head,0,"MIXED CROP FARMER (MAIZE,MILLETS, BEANS AND GROUNDNUTS)",Private Informal,Other land / farm.,60,Mole-Dagbani,,Married (Customary/Traditional)
559607,2023Q1,596,7,1,Male,Head,Secondary,"MIXED CROP FARMER (MAIZE,MILLETS, BEANS AND GROUNDNUTS)",Private Informal,Own land / farm,58,Mole-Dagbani,,Married (Customary/Traditional)
559617,2023Q1,596,17,3,Female,Parent,Kindergarten,"MIXED CROP FARMER (GROUNDNUT,  MAIZE,  BEANS,  YAM, MILLET ETC)",Private Informal,Own land / farm,45,Mole-Dagbani,Bono East,Widowed
759605,2023Q3,596,5,1,Male,Head,0,"MIXED CROP FARMER (MAIZE, MILLET, GROUNDNUT,BAMBARA BEANS, BEANS, OKRO, PEPPER, RICE)",Private Informal,Own land / farm,40,Mole-Dagbani,,Married (Civil/Ordinance)
559614,2023Q1,596,14,1,Female,Head,Primary,"MIXED CROP FARMER ( BAMBARA BEANS,  RICE,  GROUNDNUT ETC)",Private Informal,Own land / farm,50,Mole-Dagbani,,Widowed
559608,2023Q1,596,8,2,Female,Spouse (Wife/Husband/Living together),SSS/SHS,"MIXED CROP FARMER (MAIZE,MILLETS, BEANS,BAMBARA BEANS AND GROUNDNUTS)",Private Informal,Other land / farm.,26,Mole-Dagbani,,Informal/living together
659606,2023Q2,596,6,2,Female,Spouse (Wife/Husband/Living together),Primary,"MIXED CROP FARMER ( MAIZE, GROUNDNUT, BAMBARABEANS, BEANS, OKRO,PEPPER)",Private Informal,Own land / farm,31,Mole-Dagbani,Ashanti.,Married (Customary/Traditional)
659608,2023Q2,596,8,2,Female,Spouse (Wife/Husband/Living together),SSS/SHS,"MIXED CROP FARMER (MAIZE, MILLETS, BEANS,BAMBARA BEANS AND GROUNDNUTS",Private Informal,Other land / farm.,26,Mole-Dagbani,,Informal/living together
659607,2023Q2,596,7,4,Female,Child (Son/Daughter),JSS/JHS,"MIXED CROP FARMER (MAIZE, MILLETS, BEANS,BAMBARA BEANS AND GROUNDNUTS",Private Informal,Other land / farm.,19,Mole-Dagbani,,Never married
559616,2023Q1,596,16,2,Female,Spouse (Wife/Husband/Living together),0,"MIXED CROP FARMER ( BAMBARA BEANS,  RICE,  GROUNDNUT ETC)",Private Informal,Own land / farm,54,Mole-Dagbani,,Married (Customary/Traditional)
759605,2023Q3,596,5,2,Female,Spouse (Wife/Husband/Living together),JSS/JHS,"MIXED CROP FARMER (MAIZE, MILLET, GROUNDNUT,BAMBARA BEANS, BEANS, OKRO, PEPPER, RICE)",Private Informal,Other land / farm.,37,Mole-Dagbani,,Married (Civil/Ordinance)
559606,2023Q1,596,6,7,Female,Parent,Kindergarten,"MIXED CROP FARMER (GROUNDNUT, MAIZE, MILLET)",Private Informal,Own land / farm,67,Mole-Dagbani,,Widowed
759618,2023Q3,596,18,2,Female,Spouse (Wife/Husband/Living together),0,"MIXED CROP FARMER MAIZE, YAM, BEANS, SOYA BEANS, BAMBARA BEANS, MILLET",Private Informal,Other land / farm.,47,Mole-Dagbani,,Married (Customary/Traditional)
659607,2023Q2,596,7,2,Female,Spouse (Wife/Husband/Living together),0,"MIXED CROP FARMER (MAIZE, MILLETS, BEANS,BAMBARA BEANS AND GROUNDNUTS",Private Informal,Other land / farm.,51,Mole-Dagbani,,Married (Customary/Traditional)
659606,2023Q2,596,6,1,Male,Head,Primary,"MIXED CROP FARMER (MAIZE, GROUNDNUT, MILLET, BAMBARA BEANS, BEANS)",Private Informal,Own land / farm,51,Mole-Dagbani,,Married (Customary/Traditional)
659607,2023Q2,596,7,3,Female,Child (Son/Daughter),SSS/SHS,"MIXED CROP FARMER (MAIZE, MILLETS, BEANS,BAMBARA BEANS AND GROUNDNUTS",Private Informal,Other land / farm.,20,Mole-Dagbani,,Never married
659618,2023Q2,596,18,1,Male,Head,0,"MIXED CROP FARMER (MAIZE, MILLETS, BEANS,BAMBARA BEANS AND GROUNDNUTS",Private Informal,Own land / farm,60,Mole-Dagbani,,Married (Customary/Traditional)
759612,2023Q3,596,12,4,Male,Child (Son/Daughter),Primary,"MIXED CROP FARMER MAIZE, YAM, BEANS, SOYA BEANS, BAMBARA BEANS, MILLET",Private Informal,Other land / farm.,22,Mole-Dagbani,,Never married
759613,2023Q3,596,13,1,Male,Head,Primary,"MIXED CROP FARMER ( MAIZE,  MILLET,  GROUNDNUT,  YAM,  BEANS ETC)",Private Informal,Own land / farm,28,Mole-Dagbani,,Married (Customary/Traditional)
759608,2023Q3,596,8,2,Female,Spouse (Wife/Husband/Living together),SSS/SHS,"MIXED CROP FARMER MAIZE, YAM, BEANS, SOYA BEANS, BAMBARA BEANS, MILLET",Private Informal,Other land / farm.,26,Mole-Dagbani,,Informal/living together
759618,2023Q3,596,18,1,Male,Head,0,"MIXED CROP FARMER MAIZE, YAM, BEANS, SOYA BEANS, BAMBARA BEANS, MILLET",Private Informal,Other land / farm.,61,Mole-Dagbani,,Married (Customary/Traditional)
759609,2023Q3,596,9,5,Male,Head,Primary,"MIXED CROP FARMER (MAIZE,MILLET,BAMBARA BEANS, GROUNDNUT, BEANS,OKRO,PEPPER)",Private Informal,Own land / farm,29,Mole-Dagbani,,Married (Customary/Traditional)
659616,2023Q2,596,16,2,Female,Spouse (Wife/Husband/Living together),0,"MIXED CROP FARMER  ( YAM, BEANS, MAIZE ETC)",Private Informal,Own land / farm,55,Mole-Dagbani,,Married (Customary/Traditional)
659604,2023Q2,596,4,1,Male,Head,0,"MIXED CROP FARMER  ( YAM, BEANS, MAIZE ETC)",Private Informal,Own land / farm,62,Mole-Dagbani,,Married (Customary/Traditional)
659616,2023Q2,596,16,1,Male,Head,Middle,"MIXED CROP FARMER  ( YAM, BEANS, MAIZE ETC)",Private Informal,Own land / farm,56,Mole-Dagbani,,Married (Customary/Traditional)
559605,2023Q1,596,5,2,Female,Spouse (Wife/Husband/Living together),JSS/JHS,"MIXED CROP FARMER (MAIZE, GROUNDNUT, BAMBARA BEANS, BEANS)",Private Informal,Own land / farm,36,Mole-Dagbani,,Married (Civil/Ordinance)
659605,2023Q2,596,5,1,Male,Head,0,"MIXED CROP FARMER (GROUNDNUT, MAIZE, BAMBARA BEANS, BEANS)",Private Informal,Own land / farm,40,Mole-Dagbani,,Married (Civil/Ordinance)
659615,2023Q2,596,15,1,Male,Head,Primary,"MIXED CROP FARMER (RICE, BEANS, MILLET, RICE, BAMBARA BEANS)",Private Informal,Own land / farm,46,Mole-Dagbani,,Married (Customary/Traditional)
659617,2023Q2,596,17,3,Female,Parent,Kindergarten,"MIXED CROP FARMER  ( YAM, BEANS, MAIZE ETC)",Private Informal,Own land / farm,45,Mole-Dagbani,Bono East,Widowed
659606,2023Q2,596,6,8,Male,Child (Son/Daughter),Primary,"MIXED CROP FARMER (MAIZE, GROUNDNUT, MILLET, OKRO, BAMBARA BEANS)",Private Informal,Own land / farm,23,Mole-Dagbani,,Never married
759616,2023Q3,596,16,2,Female,Spouse (Wife/Husband/Living together),0,"MIXED CROP FARMER ( MAIZE,  MILLET,  GROUNDNUT,  YAM,  BEANS ETC)",Private Informal,Own land / farm,55,Mole-Dagbani,,Married (Customary/Traditional)
559604,2023Q1,596,4,2,Female,Spouse (Wife/Husband/Living together),0,"MIXED CROP FARMER (GROUNDNUT,  MAIZE,  BEANS,  YAM, MILLET ETC)",Private Informal,Own land / farm,53,Mole-Dagbani,,Married (Customary/Traditional)
659604,2023Q2,596,4,2,Female,Spouse (Wife/Husband/Living together),0,"MIXED CROP FARMER  ( YAM, BEANS, MAIZE ETC)",Private Informal,Own land / farm,54,Mole-Dagbani,,Married (Customary/Traditional)
559616,2023Q1,596,16,1,Male,Head,Middle,"MIXED CROP FARMER ( BAMBARA BEANS,  RICE,  GROUNDNUT ETC)",Private Informal,Own land / farm,55,Mole-Dagbani,,Married (Customary/Traditional)
659612,2023Q2,596,12,1,Male,Head,Primary,"MIXED CROP FARMER (MAIZE, MILLETS, BEANS,BAMBARA BEANS AND GROUNDNUTS",Private Informal,Own land / farm,64,Mole-Dagbani,,Married (Customary/Traditional)
759612,2023Q3,596,12,2,Female,Spouse (Wife/Husband/Living together),Primary,"MIXED CROP FARMER MAIZE, YAM, BEANS, SOYA BEANS, BAMBARA BEANS, MILLET",Private Informal,Other land / farm.,58,Mole-Dagbani,,Married (Customary/Traditional)
759614,2023Q3,596,14,4,Female,Daughter in-law,JSS/JHS,"MIXED CROP FARMER ( MAIZE,  MILLET,  GROUNDNUT,  YAM,  BEANS ETC)",Private Informal,Own land / farm,22,Mole-Dagbani,,Informal/living together
759604,2023Q3,596,4,1,Male,Head,0,"MIXED CROP FARMER ( MAIZE,  MILLET,  GROUNDNUT,  YAM,  BEANS ETC)",Private Informal,Own land / farm,62,Mole-Dagbani,,Married (Customary/Traditional)
559614,2023Q1,596,14,4,Female,Daughter in-law,JSS/JHS,"MIXED CROP FARMER ( BAMBARA BEANS,  RICE,  GROUNDNUT ETC)",Private Informal,Own land / farm,22,Mole-Dagbani,,Informal/living together
659615,2023Q2,596,15,2,Female,Spouse (Wife/Husband/Living together),0,"MIXED CROP FARMER (RICE, BEANS, GROUNDNUT, MILLET, BAMBARA BEANS)",Private Informal,Own land / farm,34,Mole-Dagbani,,Married (Customary/Traditional)
659609,2023Q2,596,9,5,Male,Spouse (Wife/Husband/Living together),Primary,"MIXED CROP FARMER (GROUNDNUT, BAMBARA BEANS, BEANS,MILLET, MAIZE)",Private Informal,Own land / farm,29,Mole-Dagbani,,Married (Customary/Traditional)
559608,2023Q1,596,8,1,Male,Head,SSS/SHS,"MIXED CROP FARMER (MAIZE,MILLETS, BEANS,BAMBARA BEANS ,YAM AND GROUNDNUTS)",Private Informal,Other land / farm.,24,Mole-Dagbani,,Informal/living together
759615,2023Q3,596,15,2,Female,Spouse (Wife/Husband/Living together),0,"MIXED CROP FARMER (MAIZE, MILLET, GROUNDNUT,BAMBARA BEANS, BEANS, OKRO, PEPPER, RICE)",Private Informal,Other land / farm.,34,Mole-Dagbani,,Married (Customary/Traditional)
559701,2023Q1,597,1,1,Male,Head,Primary,"MIXED CROP FARMER (MAIZE,  BAMBARA BEANS,  BEANS, RICE ETC)",Private Informal,Own land / farm,21,Mole-Dagbani,,Married (Customary/Traditional)
659714,2023Q2,597,14,3,Male,Brother/Sister,SSS/SHS,"MIXED CROP FARMER (GROUNDNUT, MAIZE, MILLET, BEANS, BAMBARABEANS, RICE)",Private Informal,Own land / farm,23,Mole-Dagbani,,Never married
659701,2023Q2,597,1,1,Male,Head,Primary,"MIXED CROP FARMER ( MAIZE,  GROUNDNUT, BEANS,  RICE ETC)",Private Informal,Own land / farm,21,Mole-Dagbani,,Never married
759714,2023Q3,597,14,4,Female,Brother/Sister,JSS/JHS,"MIXED CROP FARMER MIXED CROP FARMER (BEANS, RICE, GROUNDNUT,BAMBARA BEANS)",Private Informal,Own land / farm,21,Mole-Dagbani,,Never married
759716,2023Q3,597,16,1,Male,Head,0,"MIXED CROP FARMER MAIZE, YAM, BEANS, SOYA BEANS, BAMBARA BEANS, MILLET",Private Informal,Own land / farm,56,Mole-Dagbani,,Married (Islamic)
559718,2023Q1,597,18,4,Female,Grandchild,JSS/JHS,"MIXED CROP FARMER (GROUNDNUTS, MAIZE, OKRO AND BAMBARA BEANS)",Private Informal,Other land / farm.,18,Mole-Dagbani,,Never married
759719,2023Q3,597,19,2,Female,Child (Son/Daughter),Primary,"MIXED CROP FARMER MAIZE, YAM, BEANS, SOYA BEANS, BAMBARA BEANS, MILLET",Private Informal,Other land / farm.,52,Mole-Dagbani,,Married (Customary/Traditional)
759702,2023Q3,597,2,3,Male,Child (Son/Daughter),SSS/SHS,"MIXED CROP FARMER ( BEANS,  MAIZE,  GUINEA CORN, GROUNDNUT, RICE ETC)",Private Informal,Own land / farm,27,Mole-Dagbani,,Never married
659711,2023Q2,597,11,1,Male,Head,JSS/JHS,"MIXED CROP FARMER (GROUNDNUT, MAIZE, MILLET, BEANS, RICE)",Private Informal,Own land / farm,43,Mole-Dagbani,,Married (Customary/Traditional)
559718,2023Q1,597,18,6,Female,Non relative,0,"MIXED CROP FARMER (GROUNDNUTS, MAIZE, OKRO AND BAMBARA BEANS)",Private Informal,Other land / farm.,47,Mole-Dagbani,Western,Widowed
659702,2023Q2,597,2,1,Male,Head,0,"MIXED CROP FARMER ( MAIZE,  RICE, GROUNDNUT,  MILLET ETC)",Private Informal,Own land / farm,61,Mole-Dagbani,,Married (Customary/Traditional)
659704,2023Q2,597,4,4,Male,Child (Son/Daughter),Primary,"MIXED CROP FARMER (MAIZE,  MILLET,  GROUNDNUT,  YAM ETC)",Private Informal,Own land / farm,23,Mole-Dagbani,,Never married
659716,2023Q2,597,16,2,Female,Spouse (Wife/Husband/Living together),0,"MIXED CROP FARMER (MAIZE, MILLETS, BEANS,BAMBARA BEANS AND GROUNDNUTS",Private Informal,Other land / farm.,52,Mole-Dagbani,Upper West,Married (Islamic)
559714,2023Q1,597,14,4,Female,Brother/Sister,JSS/JHS,"MIXED CROP FARMER (GROUNDNUT,MAIZE, BAMBARA BEANS, RICE)",Private Informal,Own land / farm,21,Mole-Dagbani,,Never married
759716,2023Q3,597,16,2,Female,Spouse (Wife/Husband/Living together),0,"MIXED CROP FARMER MAIZE, YAM, BEANS, SOYA BEANS, BAMBARA BEANS, MILLET",Private Informal,Other land / farm.,53,Mole-Dagbani,Upper West,Married (Islamic)
559711,2023Q1,597,11,1,Male,Head,JSS/JHS,"MIXED CROP FARMER ( GROUNDNUT, MAIZE,MILLET,BEANS  )",Private Informal,Own land / farm,43,Mole-Dagbani,,Married (Customary/Traditional)
659713,2023Q2,597,13,1,Male,Head,0,"MIXED CROP FARMER (MILLET ,MAIZE, BEANS, RICE,GROUNDNUT)",Private Informal,Own land / farm,53,Mole-Dagbani,,Married (Customary/Traditional)
759719,2023Q3,597,19,1,Female,Head,0,"MIXED CROP FARMER MAIZE, YAM, BEANS, SOYA BEANS, BAMBARA BEANS, MILLET",Private Informal,Own land / farm,73,Mole-Dagbani,Upper West,Widowed
759714,2023Q3,597,14,1,Male,Head,Primary,"MIXED CROP FARMER (BEANS, RICE, GROUNDNUT,BAMBARA BEANS)",Private Informal,Own land / farm,31,Mole-Dagbani,,Never married
559719,2023Q1,597,19,4,Male,Child (Son/Daughter),JSS/JHS,"MIXED CROP FARMER (GROUNDNUTS, MAIZE, OKRO AND BAMBARA BEANS)",Private Informal,Other land / farm.,25,Mole-Dagbani,,Never married
559718,2023Q1,597,18,2,Male,Child (Son/Daughter),Primary,"MIXED CROP FARMER (GROUNDNUTS, MAIZE, OKRO AND BAMBARA BEANS)",Private Informal,Other land / farm.,31,Mole-Dagbani,,Married (Customary/Traditional)
759715,2023Q3,597,15,1,Female,Head,0,"MIXED CROP FARMER MAIZE, YAM, BEANS, SOYA BEANS, BAMBARA BEANS, MILLET",Private Informal,Other land / farm.,30,Mole-Dagbani,,Widowed
659709,2023Q2,597,9,1,Female,Head,0,"MIXED CROP FARMER (GROUNDNUT, MAIZE, BEANS, MILLET,OKRO)",Private Informal,Own land / farm,62,Mole-Dagbani,Upper West,Widowed
759718,2023Q3,597,18,6,Female,Non relative,0,"MIXED CROP FARMER MAIZE, YAM, BEANS, SOYA BEANS, BAMBARA BEANS, MILLET",Private Informal,Other land / farm.,48,Mole-Dagbani,Western,Widowed
659719,2023Q2,597,19,1,Female,Head,0,"MIXED CROP FARMER (MAIZE, MILLETS, BEANS,BAMBARA BEANS OKRO AND GROUNDNUTS",Private Informal,Own land / farm,73,Mole-Dagbani,Upper West,Widowed
759701,2023Q3,597,1,1,Male,Head,Primary,"MIXED CROP FARMER ( BEANS,  MAIZE,  GUINEA CORN, GROUNDNUT, RICE ETC)",Private Informal,Own land / farm,21,Mole-Dagbani,,Never married
659714,2023Q2,597,14,1,Male,Head,Primary,"MIXED CROP FARMER (MAIZE,GROUNDNUT,BAMBARA BEANS, RICE)",Private Informal,Own land / farm,31,Mole-Dagbani,,Never married
559714,2023Q1,597,14,1,Male,Head,Primary,"MIXED CROP FARMER (MAIZE, GROUNDNUT, BEANS,BAMBARA BEANS,RICE)",Private Informal,Own land / farm,31,Mole-Dagbani,,Never married
659714,2023Q2,597,14,5,Male,Brother/Sister,Primary,"MIXED CROP FARMER (MAIZE, GROUNDNUT, BEANS, BAMBARA BEANS,RICE)",Private Informal,Own land / farm,20,Mole-Dagbani,,Never married
559714,2023Q1,597,14,2,Female,Parent,0,"MIXED CROP FARMER (RICE, MAIZE, GROUNDNUT, BAMBARA BEANS)",Private Informal,Own land / farm,46,Mole-Dagbani,,Married (Customary/Traditional)
759711,2023Q3,597,11,1,Male,Head,JSS/JHS,"MIXED CROP FARMER (BEANS GROUNDNUT, RICE,MAIZE)",Private Informal,Own land / farm,44,Mole-Dagbani,,Married (Customary/Traditional)
659709,2023Q2,597,9,2,Female,Child (Son/Daughter),Primary,"MIXED CROP FARMER (MAIZE, BEANS, MILLET, GROUNDNUT  )",Private Informal,Own land / farm,24,Mole-Dagbani,,Never married
759716,2023Q3,597,16,3,Male,Child (Son/Daughter),SSS/SHS,"MIXED CROP FARMER MAIZE, YAM, BEANS, SOYA BEANS, BAMBARA BEANS, MILLET",Private Informal,Other land / farm.,27,Mole-Dagbani,,Married (Islamic)
759709,2023Q3,597,9,2,Female,Child (Son/Daughter),Primary,"MIXED CROP FARMER (GROUNDNUT, MAIZE, BEANSMILLET, OKRO, PEPPER)",Private Informal,Own land / farm,25,Mole-Dagbani,,Never married
759720,2023Q3,597,20,1,Male,Head,JSS/JHS,"MIXED CROP FARMER MAIZE, YAM, BEANS, SOYA BEANS, BAMBARA BEANS, MILLET",Private Informal,Own land / farm,48,Mole-Dagbani,,Married (Islamic)
759718,2023Q3,597,18,4,Female,Grandchild,JSS/JHS,"MIXED CROP FARMER MAIZE, YAM, BEANS, SOYA BEANS, BAMBARA BEANS, MILLET",Private Informal,Other land / farm.,18,Mole-Dagbani,,Never married
659719,2023Q2,597,19,2,Female,Child (Son/Daughter),Primary,"MIXED CROP FARMER (MAIZE, MILLETS, BEANS,BAMBARA BEANS AND GROUNDNUTS",Private Informal,Other land / farm.,51,Mole-Dagbani,,Married (Customary/Traditional)
559718,2023Q1,597,18,1,Female,Head,0,"MIXED CROP FARMER (GROUNDNUTS, MAIZE, OKRO AND BAMBARA BEANS)",Private Informal,Own land / farm,63,Mole-Dagbani,,Widowed
559711,2023Q1,597,11,2,Female,Spouse (Wife/Husband/Living together),0,"MIXED CROP FARMER (MAIZE, GROUNDNUT, MILLET, RICE)",Private Informal,Own land / farm,44,Mole-Dagbani,,Married (Customary/Traditional)
759717,2023Q3,597,17,1,Male,Head,Primary,"MIXED CROP FARMER ( BEANS,  MAIZE,  GUINEA CORN, GROUNDNUT, RICE ETC)",Private Informal,Own land / farm,36,Mole-Dagbani,,Married (Customary/Traditional)
759714,2023Q3,597,14,9,Female,Spouse (Wife/Husband/Living together),JSS/JHS,"MIXED CROP FARMERMIXED CROP FARMER (BEANS, RICE, GROUNDNUT,BAMBARA BEANS)",Private Informal,Own land / farm,20,Mole-Dagbani,,Married (Customary/Traditional)
759702,2023Q3,597,2,2,Female,Spouse (Wife/Husband/Living together),0,"MIXED CROP FARMER ( BEANS,  MAIZE,  GUINEA CORN, GROUNDNUT, RICE ETC)",Private Informal,Own land / farm,55,Mole-Dagbani,,Married (Customary/Traditional)
759714,2023Q3,597,14,5,Male,Brother/Sister,Primary,"MIXED CROP FARMER MIXED CROP FARMER (BEANS, RICE, GROUNDNUT,BAMBARA BEANS)",Private Informal,Own land / farm,20,Mole-Dagbani,,Never married
759713,2023Q3,597,13,2,Female,Spouse (Wife/Husband/Living together),0,"MIXED CROP FARMER (MILLET, GROUNDNUT,BAMBARA BEANS,MAIZE)",Private Informal,Own land / farm,61,Mole-Dagbani,,Married (Customary/Traditional)
659720,2023Q2,597,20,1,Male,Head,JSS/JHS,"MIXED CROP FARMER (MAIZE, MILLETS, BEANS,BAMBARA BEANS AND GROUNDNUTS)",Private Informal,Own land / farm,48,Mole-Dagbani,,Married (Islamic)
659711,2023Q2,597,11,2,Female,Spouse (Wife/Husband/Living together),0,"MIXED CROP FARMER (GROUNDNUT, MAIZE, MILLET,BEANS, RICE)",Private Informal,Own land / farm,44,Mole-Dagbani,,Married (Customary/Traditional)
759702,2023Q3,597,2,1,Male,Head,0,"MIXED CROP FARMER ( BEANS,  MAIZE,  GUINEA CORN, GROUNDNUT, RICE ETC)",Private Informal,Own land / farm,61,Mole-Dagbani,,Married (Customary/Traditional)
659716,2023Q2,597,16,4,Female,Child (Son/Daughter),SSS/SHS,"MIXED CROP FARMER (MAIZE, MILLETS, BEANS,BAMBARA BEANS AND GROUNDNUTS",Private Informal,Other land / farm.,22,Mole-Dagbani,,Never married
659718,2023Q2,597,18,6,Female,Non relative,0,"MIXED CROP FARMER (MAIZE, MILLETS, BEANS,BAMBARA BEANS AND GROUNDNUTS",Private Informal,Other land / farm.,47,Mole-Dagbani,Western,Widowed
659704,2023Q2,597,4,1,Male,Head,0,"MIXED CROP FARMER (MAIZE,  MILLET,  GROUNDNUT,  YAM ETC)",Private Informal,Own land / farm,81,Mole-Dagbani,,Married (Islamic)
659714,2023Q2,597,14,9,Female,Other relative,JSS/JHS,"MIXED CROP FARMER (GROUNDNUT, MAIZE, BAMBARA  ,BEANS, RICE,OKRO,PEPPER)",Private Informal,Own land / farm,20,Mole-Dagbani,,Married (Customary/Traditional)
659714,2023Q2,597,14,4,Female,Brother/Sister,JSS/JHS,"MIXED CROP FARMER (MAIZE, GROUNDNUT, BEANS, BAMBARABEANS, RICE)",Private Informal,Own land / farm,21,Mole-Dagbani,,Never married
759714,2023Q3,597,14,3,Male,Brother/Sister,SSS/SHS,"MIXED CROP FARMER MIXED CROP FARMER (BEANS, RICE, GROUNDNUT,BAMBARA BEANS)",Private Informal,Own land / farm,23,Mole-Dagbani,,Never married
659713,2023Q2,597,13,2,Female,Spouse (Wife/Husband/Living together),0,"MIXED CROP FARMER (OKRO,PEPPER, MAIZE, MILLET, BEANS,RICE)",Private Informal,Own land / farm,61,Mole-Dagbani,,Married (Customary/Traditional)
559713,2023Q1,597,13,2,Female,Spouse (Wife/Husband/Living together),0,"MIXED CROP FARMER (RICE, MAIZE, MILLET, GROUNDNUT)",Private Informal,Own land / farm,61,Mole-Dagbani,,Married (Customary/Traditional)
759704,2023Q3,597,4,3,Male,Child (Son/Daughter),0,"MIXED CROP FARMER (MAIZE,  MILLET,  YAM,  BEANS,  RICE ETC)",Private Informal,Other land / farm.,27,Mole-Dagbani,,Married (Islamic)
759711,2023Q3,597,11,2,Female,Spouse (Wife/Husband/Living together),0,"MIXED CROP FARMER (),BEANS, GROUNDNUT, MAIZE, OKRO, PEPPER",Private Informal,Own land / farm,45,Mole-Dagbani,,Married (Customary/Traditional)
659703,2023Q2,597,3,3,Female,Spouse (Wife/Husband/Living together),0,"MIXED CROP FARMER (MAIZE,  MILLET,  GROUNDNUT,  YAM ETC)",Private Informal,Own land / farm,48,Mole-Dagbani,Upper West,Married (Customary/Traditional)
659718,2023Q2,597,18,3,Female,Child (Son/Daughter),JSS/JHS,"MIXED CROP FARMER (MAIZE, MILLETS, BEANS,BAMBARA BEANS AND GROUNDNUTS",Private Informal,Other land / farm.,27,Mole-Dagbani,,Never married
559701,2023Q1,597,1,11,Female,Spouse (Wife/Husband/Living together),SSS/SHS,"MIXED CROP FARMER (MAIZE,  BAMBARA BEANS,  BEANS, RICE ETC)",Private Informal,Own land / farm,27,Mole-Dagbani,Upper West,Married (Customary/Traditional)
759719,2023Q3,597,19,3,Male,Child (Son/Daughter),Primary,"MIXED CROP FARMER MAIZE, YAM, BEANS, SOYA BEANS, BAMBARA BEANS, MILLET",Private Informal,Other land / farm.,29,Mole-Dagbani,,Divorced
759704,2023Q3,597,4,5,Female,Daughter in-law,JSS/JHS,"MIXED CROP FARMER (MAIZE,  MILLET,  YAM,  BEANS,  RICE ETC)",Private Informal,Own land / farm,23,Mole-Dagbani,,Married (Islamic)
759701,2023Q3,597,1,11,Female,Spouse (Wife/Husband/Living together),JSS/JHS,"MIXED CROP FARMER ( BEANS,  MAIZE,  GUINEA CORN, GROUNDNUT, RICE ETC)",Private Informal,Own land / farm,28,Mole-Dagbani,Upper West,Married (Customary/Traditional)
659717,2023Q2,597,17,1,Male,Head,Primary,"MIXED CROP FARMER ( MAIZE,  RICE, GROUNDNUT,  MILLET ETC)",Private Informal,Own land / farm,36,Mole-Dagbani,,Married (Customary/Traditional)
759719,2023Q3,597,19,4,Male,Child (Son/Daughter),JSS/JHS,"MIXED CROP FARMER MAIZE, YAM, BEANS, SOYA BEANS, BAMBARA BEANS, MILLET",Private Informal,Other land / farm.,26,Mole-Dagbani,,Never married
759709,2023Q3,597,9,1,Female,Head,0,"MIXED CROP FARMER (GROUNDNUT, MAIZE, BEANS, OKRO,PEPPER)",Private Informal,Own land / farm,62,Mole-Dagbani,Upper West,Widowed
559714,2023Q1,597,14,5,Male,Brother/Sister,Primary,"MIXED CROP FARMER (MAIZE, GROUNDNUT, RICE, BAMBARA BEANS)",Private Informal,Own land / farm,19,Mole-Dagbani,,Never married
659702,2023Q2,597,2,3,Male,Child (Son/Daughter),SSS/SHS,"MIXED CROP FARMER ( MAIZE,  RICE, GROUNDNUT,  MILLET ETC)",Private Informal,Own land / farm,26,Mole-Dagbani,,Never married
659719,2023Q2,597,19,4,Male,Child (Son/Daughter),JSS/JHS,"MIXED CROP FARMER (MAIZE, MILLETS, BEANS,BAMBARA BEANS AND GROUNDNUTS",Private Informal,Other land / farm.,25,Mole-Dagbani,,Never married
659714,2023Q2,597,14,2,Female,Parent,0,"MIXED CROP FARMER (MAIZE, GROUNDNUT, BEANS, BAMBARABEANS, RICE)",Private Informal,Own land / farm,46,Mole-Dagbani,,Married (Customary/Traditional)
759718,2023Q3,597,18,3,Female,Child (Son/Daughter),JSS/JHS,"MIXED CROP FARMER MAIZE, YAM, BEANS, SOYA BEANS, BAMBARA BEANS, MILLET",Private Informal,Other land / farm.,27,Mole-Dagbani,,Never married
659704,2023Q2,597,4,5,Female,Daughter in-law,JSS/JHS,"MIXED CROP FARMER (MAIZE,  MILLET,  GROUNDNUT,  YAM ETC)",Private Informal,Own land / farm,23,Mole-Dagbani,,Married (Islamic)
559713,2023Q1,597,13,1,Male,Head,0,"MIXED CROP FARMER (MILLET,MAIZE,BEANS, RICE,GROUNDNUT)",Private Informal,Own land / farm,53,Mole-Dagbani,,Married (Customary/Traditional)
559714,2023Q1,597,14,3,Male,Brother/Sister,SSS/SHS,"MIXED CROP FARMER (RICE, MAIZE, BAMBARA BEANS, GROUNDNUT)",Private Informal,Own land / farm,23,Mole-Dagbani,,Never married
759716,2023Q3,597,16,4,Female,Child (Son/Daughter),SSS/SHS,"MIXED CROP FARMER MAIZE, YAM, BEANS, SOYA BEANS, BAMBARA BEANS, MILLET",Private Informal,Other land / farm.,22,Mole-Dagbani,,Never married
659718,2023Q2,597,18,4,Female,Grandchild,JSS/JHS,"MIXED CROP FARMER (MAIZE, MILLETS, BEANS,BAMBARA BEANS,OKRO  AND GROUNDNUTS",Private Informal,Other land / farm.,18,Mole-Dagbani,,Never married
659716,2023Q2,597,16,3,Male,Child (Son/Daughter),SSS/SHS,"MIXED CROP FARMER (MAIZE, MILLETS, BEANS,BAMBARA BEANS AND GROUNDNUTS",Private Informal,Other land / farm.,27,Mole-Dagbani,,Married (Islamic)
559718,2023Q1,597,18,3,Female,Child (Son/Daughter),JSS/JHS,"MIXED CROP FARMER (GROUNDNUTS, MAIZE, OKRO AND BAMBARA BEANS)",Private Informal,Other land / farm.,26,Mole-Dagbani,,Never married
659718,2023Q2,597,18,1,Female,Head,0,"MIXED CROP FARMER (MAIZE, MILLETS, BEANS,BAMBARA BEANS,OKRO AND GROUNDNUTS",Private Informal,Own land / farm,63,Mole-Dagbani,,Widowed
659718,2023Q2,597,18,2,Male,Child (Son/Daughter),Primary,"MIXED CROP FARMER (MAIZE, MILLETS, BEANS,BAMBARA BEANS,OKRO AND GROUNDNUTS",Private Informal,Other land / farm.,31,Mole-Dagbani,,Married (Customary/Traditional)
759718,2023Q3,597,18,1,Female,Head,0,"MIXED CROP FARMER MAIZE, YAM, BEANS, SOYA BEANS, BAMBARA BEANS, MILLET",Private Informal,Own land / farm,63,Mole-Dagbani,,Widowed
759714,2023Q3,597,14,2,Female,Parent,0,"MIXED CROP FARMER MIXED CROP FARMER (BEANS, RICE, GROUNDNUT,BAMBARA BEANS)",Private Informal,Own land / farm,46,Mole-Dagbani,,Married (Customary/Traditional)
659704,2023Q2,597,4,3,Male,Child (Son/Daughter),0,"MIXED CROP FARMER (MAIZE,  MILLET,  GROUNDNUT,  YAM ETC)",Private Informal,Own land / farm,27,Mole-Dagbani,,Married (Islamic)
659702,2023Q2,597,2,2,Female,Spouse (Wife/Husband/Living together),0,"MIXED CROP FARMER ( MAIZE,  RICE, GROUNDNUT,  MILLET ETC)",Private Informal,Own land / farm,55,Mole-Dagbani,,Married (Customary/Traditional)
759717,2023Q3,597,17,2,Female,Spouse (Wife/Husband/Living together),Primary,"MIXED CROP FARMER ( BEANS,  MAIZE,  GUINEA CORN, GROUNDNUT, RICE ETC)",Private Informal,Own land / farm,31,Mole-Dagbani,,Married (Customary/Traditional)
759718,2023Q3,597,18,2,Male,Child (Son/Daughter),Primary,"MIXED CROP FARMER MAIZE, YAM, BEANS, SOYA BEANS, BAMBARA BEANS, MILLET",Private Informal,Other land / farm.,31,Mole-Dagbani,,Married (Customary/Traditional)
659719,2023Q2,597,19,3,Male,Child (Son/Daughter),Primary,"MIXED CROP FARMER (MAIZE, MILLETS, BEANS,BAMBARA BEANS AND GROUNDNUTS",Private Informal,Other land / farm.,29,Mole-Dagbani,,Divorced
659702,2023Q2,597,2,4,Male,Child (Son/Daughter),JSS/JHS,"MIXED CROP FARMER ( MAIZE,  RICE, GROUNDNUT,  MILLET ETC)",Private Informal,Own land / farm,19,Mole-Dagbani,,Never married
759713,2023Q3,597,13,1,Male,Head,0,"MIXED CROP FARMER MIXED CROP FARMER (MILLET, GROUNDNUT,BAMBARA BEANS,MAIZE)",Private Informal,Own land / farm,53,Mole-Dagbani,,Married (Customary/Traditional)
559714,2023Q1,597,14,9,Female,Other relative,JSS/JHS,"MIXED CROP FARMER (RICE, MAIZE, BAMBARA BEANS, GROUNDNUT)",Private Informal,Own land / farm,20,Mole-Dagbani,,Married (Customary/Traditional)
659808,2023Q2,598,8,7,Male,Adopted child,JSS/JHS,"MIXED CROP FARMER (MAIZE, GROUNDNUT, BEANS, BAMBARA BEANS))",Private Informal,Own land / farm,22,Mole-Dagbani,,Never married
759814,2023Q3,598,14,1,Male,Head,JSS/JHS,"MIXED CROP FARMER ( MAIZE,  MILLET,  GROUNDNUT,  YAM,  BEANS ETC)",Private Informal,Own land / farm,61,Mole-Dagbani,,Married (Customary/Traditional)
659808,2023Q2,598,8,1,Male,Head,0,"MIXED CROP FARMER (MAIZE, GROUNDNUT, BAMBARA BEANS, BEANS, YAM)",Private Informal,Own land / farm,47,Mole-Dagbani,,Married (Customary/Traditional)
759805,2023Q3,598,5,2,Male,Child (Son/Daughter),SSS/SHS,"MIXED CROP FARMER (GROUNDNUT, MAIZE, BEANS, BAMBARA BEANS, OKRO, PEPPER  )",Private Informal,Other land / farm.,21,Mole-Dagbani,,Never married
659817,2023Q2,598,17,1,Female,Head,Primary,"MIXED CROP FARMER (MAIZE, MILLETS, BEANS,BAMBARA BEANS AND GROUNDNUTS",Private Informal,Other land / farm.,63,Mole-Dagbani,,Widowed
659808,2023Q2,598,8,3,Male,Child (Son/Daughter),SSS/SHS,"MIXED CROP FARMER (MAIZE,BAMBARA BEANS, YAM)",Private Informal,Own land / farm,23,Mole-Dagbani,,Never married
559808,2023Q1,598,8,7,Male,Adopted child,JSS/JHS,"MIXED CROP FARMER (GROUNDNUT, BAMBARA BEANS, MAIZE, BEANS)",Private Informal,Own land / farm,22,Mole-Dagbani,,Never married
659813,2023Q2,598,13,7,Female,Parent,0,"MIXED CROP FARMER (MAIZE, MILLETS, BEANS,BAMBARA BEANS AND GROUNDNUTS",Private Informal,Other land / farm.,65,Mole-Dagbani,,Widowed
659816,2023Q2,598,16,2,Female,Spouse (Wife/Husband/Living together),0,"MIXED CROP FARMER (MAIZE, MILLETS, BEANS,BAMBARA BEANS AND GROUNDNUTS",Private Informal,Other land / farm.,42,Mole-Dagbani,,Married (Customary/Traditional)
659814,2023Q2,598,14,1,Male,Head,JSS/JHS,"MIXED CROP FARMER ( GROUNDNUT,  BAMBARABEANS, MAIZE ETC)",Private Informal,Own land / farm,61,Mole-Dagbani,,Married (Customary/Traditional)
559808,2023Q1,598,8,1,Male,Head,0,"MIXED CROP FARMER (MAIZE,GROUNDNUT, BAMBARA BEANS,BEANS)",Private Informal,Own land / farm,46,Mole-Dagbani,,Married (Customary/Traditional)
559810,2023Q1,598,10,1,Female,Head,JSS/JHS,"MIXED CROP FARMER (BEANS,  MAIZE,  GROUNDNUT ETC)",Private Informal,Own land / farm,27,Mole-Dagbani,,Married (Customary/Traditional)
559808,2023Q1,598,8,2,Female,Spouse (Wife/Husband/Living together),0,"MIXED CROP FARMER (GROUNDNUT, MAIZE, BAMBARA BEANS, BEANS)",Private Informal,Own land / farm,40,Mole-Dagbani,,Married (Customary/Traditional)
559809,2023Q1,598,9,1,Female,Head,0,"MIXED CROP FARMER (BEANS,  MAIZE,  GROUNDNUT ETC)",Private Informal,Own land / farm,44,Mole-Dagbani,,Divorced
559805,2023Q1,598,5,2,Male,Child (Son/Daughter),SSS/SHS,"MIXED CROP FARMER (GROUNDNUT, MAIZE,BAMBARA BEANS MILLET, BEANS)",Private Informal,Own land / farm,20,Mole-Dagbani,,Never married
759815,2023Q3,598,15,7,Female,Parent,0,"MIXED CROP FARMER MAIZE, YAM, BEANS, SOYA BEANS, BAMBARA BEANS, MILLET",Private Informal,Other land / farm.,58,Mole-Dagbani,,Widowed
659805,2023Q2,598,5,2,Male,Child (Son/Daughter),SSS/SHS,"MIXED CROP FARMER  (GROUNDNUT, MAIZE, BAMBARA BEANS, BEANS, MILLET)",Private Informal,Own land / farm,21,Mole-Dagbani,,Never married
759808,2023Q3,598,8,7,Male,Other relative,JSS/JHS,"MIXED CROP FARMER (BEANS, YAM, BAMBARA BEANS, GROUNDNUT, MAIZE, OKRO, PEPPER, MILLET)",Private Informal,Other land / farm.,23,Mole-Dagbani,,Never married
659811,2023Q2,598,11,1,Male,Head,Middle,"MIXED CROP FARMER ( GROUNDNUT,  BAMBARABEANS, MAIZE ETC)",Private Informal,Own land / farm,66,Mole-Dagbani,,Married (Customary/Traditional)
259804,2022Q2,598,4,2,Female,Spouse (Wife/Husband/Living together),0,"MIXED CROP FARMER (MAIZE,RICE,GROUNDNUTS,BAMBARA BEANS)",Private Informal,Own land / farm,50,Mole-Dagbani,,Married (Customary/Traditional)
259813,2022Q2,598,13,1,Male,Head,0,"MIXED CROP FARMER ( MAIZE, YAM, BEANS ETC)",Private Informal,Own land / farm,43,Mole-Dagbani,,Widowed
559817,2023Q1,598,17,1,Female,Head,Primary,"MIXED CROP FARMER (MAIZE,MILLET,BEANS AND BAMBARA BEANS)",Private Informal,Other land / farm.,63,Mole-Dagbani,,Widowed
759816,2023Q3,598,16,2,Female,Spouse (Wife/Husband/Living together),0,"MIXED CROP FARMER MAIZE, YAM, BEANS, SOYA BEANS, BAMBARA BEANS, MILLET",Private Informal,Other land / farm.,43,Mole-Dagbani,,Married (Customary/Traditional)
659814,2023Q2,598,14,2,Female,Spouse (Wife/Husband/Living together),0,"MIXED CROP FARMER ( GROUNDNUT,  BAMBARABEANS, MAIZE ETC)",Private Informal,Own land / farm,59,Mole-Dagbani,,Married (Customary/Traditional)
659816,2023Q2,598,16,1,Male,Head,Primary,"MIXED CROP FARMER (MAIZE, MILLETS, BEANS,BAMBARA BEANS AND GROUNDNUTS",Private Informal,Own land / farm,45,Mole-Dagbani,,Married (Customary/Traditional)
659805,2023Q2,598,5,3,Female,Child (Son/Daughter),JSS/JHS,"MIXED CROP FARMER (MAIZE, GROUNDNUT ,MILLET, BEANS, PEPPER, OKRO)",Private Informal,Own land / farm,18,Mole-Dagbani,,Never married
759814,2023Q3,598,14,2,Female,Spouse (Wife/Husband/Living together),0,"MIXED CROP FARMER ( MAIZE,  MILLET,  GROUNDNUT,  YAM,  BEANS ETC)",Private Informal,Own land / farm,60,Mole-Dagbani,,Married (Customary/Traditional)
659805,2023Q2,598,5,1,Female,Head,0,"MIXED CROP FARMER (BEANS,MILLET,GROUNDNUT, MAIZE, PEPPER, OKRO, BAMBARA BEANS)",Private Informal,Own land / farm,41,Mole-Dagbani,,Divorced
659815,2023Q2,598,15,7,Female,Parent,0,"MIXED CROP FARMER (MAIZE, MILLETS, BEANS,BAMBARA BEANS AND GROUNDNUTS",Private Informal,Other land / farm.,58,Mole-Dagbani,,Widowed
559810,2023Q1,598,10,2,Male,Spouse (Wife/Husband/Living together),JSS/JHS,"MIXED CROP FARMER (BEANS,  MAIZE,  GROUNDNUT ETC)",Private Informal,Own land / farm,30,Mole-Dagbani,,Married (Customary/Traditional)
759811,2023Q3,598,11,1,Male,Head,Middle,"MIXED CROP FARMER ( MAIZE,  MILLET,  GROUNDNUT,  YAM,  BEANS ETC)",Private Informal,Own land / farm,66,Mole-Dagbani,,Married (Customary/Traditional)
759816,2023Q3,598,16,1,Male,Head,Primary,"MIXED CROP FARMER MAIZE, YAM, BEANS, SOYA BEANS, BAMBARA BEANS, MILLET",Private Informal,Own land / farm,45,Mole-Dagbani,,Married (Customary/Traditional)
759809,2023Q3,598,9,1,Female,Head,0,"MIXED CROP FARMER ( MAIZE,  MILLET,  GROUNDNUT,  YAM,  BEANS ETC)",Private Informal,Own land / farm,45,Mole-Dagbani,,Divorced
759813,2023Q3,598,13,1,Male,Head,0,"MIXED CROP FARMER MAIZE, YAM, BEANS, SOYA BEANS, BAMBARA BEANS, MILLET",Private Informal,Other land / farm.,44,Mole-Dagbani,,Widowed
759813,2023Q3,598,13,7,Female,Parent,0,"MIXED CROP FARMER MAIZE, YAM, BEANS, SOYA BEANS, BAMBARA BEANS, MILLET",Private Informal,Other land / farm.,65,Mole-Dagbani,,Widowed
759805,2023Q3,598,5,1,Female,Head,0,"MIXED CROP FARMER (GROUNDNUT, MAIZE, BEANS, BAMBARA BEANS, OKRO, PEPPER )",Private Informal,Own land / farm,41,Mole-Dagbani,,Divorced
759810,2023Q3,598,10,2,Male,Spouse (Wife/Husband/Living together),JSS/JHS,"MIXED CROP FARMER ( MAIZE,  MILLET,  GROUNDNUT,  YAM,  BEANS ETC)",Private Informal,Own land / farm,31,Mole-Dagbani,,Married (Customary/Traditional)
659810,2023Q2,598,10,2,Male,Spouse (Wife/Husband/Living together),JSS/JHS,"MIXED CROP FARMER ( GROUNDNUT,  BAMBARABEANS, MAIZE ETC)",Private Informal,Own land / farm,31,Mole-Dagbani,,Married (Customary/Traditional)
259814,2022Q2,598,14,2,Female,Spouse (Wife/Husband/Living together),0,"MIXED CROP FARMER ( MAIZE, YAM, BEANS ETC)",Private Informal,Own land / farm,58,Mole-Dagbani,,Married (Customary/Traditional)
659808,2023Q2,598,8,2,Female,Spouse (Wife/Husband/Living together),0,"MIXED CROP FARMER (BEANS, GROUNDNUT, BAMBARA BEANS, OKRO, PEPPER, GROUNDNUT)",Private Informal,Own land / farm,40,Mole-Dagbani,,Married (Customary/Traditional)
559805,2023Q1,598,5,1,Female,Head,0,"MIXED CROP FARMER (GROUNDNUT, BAMBARA BEANS, MAIZE,MILLET)",Private Informal,Own land / farm,40,Mole-Dagbani,,Divorced
259814,2022Q2,598,14,1,Male,Head,JSS/JHS,"MIXED CROP FARMER ( MAIZE, YAM, BEANS ETC)",Private Informal,Own land / farm,60,Mole-Dagbani,,Married (Customary/Traditional)
259810,2022Q2,598,10,1,Female,Head,JSS/JHS,"MIXED CROP FARMER (MAIZE,MILLET, BAMBARA BEANS, OKRO,PEPPER)",Private Informal,Other land / farm.,26,Mole-Dagbani,,Married (Customary/Traditional)
559816,2023Q1,598,16,1,Male,Head,Primary,"MIXED CROP FARMER (MAIZE,MILLET,BEANS AND BAMBARA BEANS)",Private Informal,Own land / farm,45,Mole-Dagbani,,Married (Customary/Traditional)
559808,2023Q1,598,8,3,Male,Child (Son/Daughter),SSS/SHS,"MIXED CROP FARMER (GROUNDNUT, MAIZE, BAMBARA BEANS,,BEANS)",Private Informal,Own land / farm,22,Mole-Dagbani,,Never married
759808,2023Q3,598,8,9,Male,Child (Son/Daughter),Primary,"MIXED CROP FARMER (BEANS, YAM, BAMBARA BEANS, GROUNDNUT, MAIZE, OKRO, PEPPER, MILLET)",Private Informal,Other land / farm.,18,Mole-Dagbani,,Never married
659810,2023Q2,598,10,1,Female,Head,JSS/JHS,"MIXED CROP FARMER ( GROUNDNUT,  BAMBARABEANS, MAIZE ETC)",Private Informal,Own land / farm,27,Mole-Dagbani,,Married (Customary/Traditional)
259808,2022Q2,598,8,7,Male,Adopted child,JSS/JHS,"MIXED CROP FARMER ( MAIZE, YAM, BEANS ETC)",Private Informal,Own land / farm,21,Mole-Dagbani,,Never married
259813,2022Q2,598,13,7,Female,Parent,0,"MIXED CROP FARMER ( MAIZE, YAM, BEANS ETC)",Private Informal,Own land / farm,63,Mole-Dagbani,,Widowed
259805,2022Q2,598,5,1,Female,Head,0,"MIXED CROP FARMER ( MILLET,GROUNDNUT, BAMBARA BEANS, COWPEA, OKRO PEPPER)",Private Informal,Own land / farm,40,Mole-Dagbani,,Divorced
259808,2022Q2,598,8,2,Female,Spouse (Wife/Husband/Living together),0,"MIXED CROP FARMER ( MAIZE, YAM, BEANS ETC)",Private Informal,Own land / farm,39,Mole-Dagbani,,Married (Customary/Traditional)
759810,2023Q3,598,10,1,Female,Head,JSS/JHS,"MIXED CROP FARMER ( MAIZE,  MILLET,  GROUNDNUT,  YAM,  BEANS ETC)",Private Informal,Own land / farm,28,Mole-Dagbani,,Married (Customary/Traditional)
659809,2023Q2,598,9,1,Female,Head,0,"MIXED CROP FARMER ( GROUNDNUT,  BAMBARABEANS,  BEANS, MAIZE  ETC )",Private Informal,Own land / farm,44,Mole-Dagbani,,Divorced
559811,2023Q1,598,11,1,Male,Head,Middle,"MIXED CROP FARMER (BEANS,  MAIZE,  MILLET ETC)",Private Informal,Own land / farm,66,Mole-Dagbani,,Married (Customary/Traditional)
259810,2022Q2,598,10,2,Male,Spouse (Wife/Husband/Living together),JSS/JHS,"MIXED CROP FARMER (MAIZE,MILLET, BAMBARA BEANS, OKRO,PEPPER)",Private Informal,Other land / farm.,29,Mole-Dagbani,,Married (Customary/Traditional)
759818,2023Q3,598,18,1,Male,Head,0,"MIXED CROP FARMER MAIZE, YAM, BEANS, SOYA BEANS, BAMBARA BEANS, MILLET",Private Informal,Own land / farm,48,Mole-Dagbani,,Married (Customary/Traditional)
659813,2023Q2,598,13,1,Male,Head,0,"MIXED CROP FARMER (MAIZE, MILLETS, BEANS,BAMBARA BEANS AND GROUNDNUTS",Private Informal,Other land / farm.,44,Mole-Dagbani,,Widowed
259805,2022Q2,598,5,2,Male,Child (Son/Daughter),SSS/SHS,"MIXED CROP FARMER (MILLET,MAIZE,BAMBARA BAMBARA BEANS, COWPEA, OKRO PEPPER)",Private Informal,Own land / farm,20,Mole-Dagbani,,Never married
759805,2023Q3,598,5,3,Female,Child (Son/Daughter),JSS/JHS,"MIXED CROP FARMER (GROUNDNUT, MAIZE, BEANS, BAMBARA BEANS, OKRO, PEPPER  )",Private Informal,Other land / farm.,18,Mole-Dagbani,,Never married
559818,2023Q1,598,18,2,Female,Spouse (Wife/Husband/Living together),0,"MIXED CROP FARMER (MAIZE,MILLET,BEANS AND BAMBARA BEANS)",Private Informal,Other land / farm.,37,Mole-Dagbani,,Married (Customary/Traditional)
759817,2023Q3,598,17,1,Female,Head,Primary,"MIXED CROP FARMER MAIZE, YAM, BEANS, SOYA BEANS, BAMBARA BEANS, MILLET",Private Informal,Other land / farm.,64,Mole-Dagbani,,Widowed
759808,2023Q3,598,8,2,Female,Spouse (Wife/Husband/Living together),0,"MIXED CROP FARMER (BEANS, YAM, BAMBARA BEANS, GROUNDNUT, MAIZE, OKRO, PEPPER, MILLET)",Private Informal,Other land / farm.,40,Mole-Dagbani,,Married (Customary/Traditional)
259809,2022Q2,598,9,1,Female,Head,0,"MIXED CROP FARMER ( MAIZE, YAM, BEANS ETC)",Private Informal,Own land / farm,43,Mole-Dagbani,,Divorced
659818,2023Q2,598,18,1,Male,Head,0,"MIXED CROP FARMER (MAIZE, MILLETS, BEANS,BAMBARA BEANS AND GROUNDNUTS",Private Informal,Own land / farm,48,Mole-Dagbani,,Married (Customary/Traditional)
559816,2023Q1,598,16,2,Female,Spouse (Wife/Husband/Living together),0,"MIXED CROP FARMER (MAIZE,MILLET,BEANS AND BAMBARA BEANS)",Private Informal,Other land / farm.,42,Mole-Dagbani,,Married (Customary/Traditional)
759815,2023Q3,598,15,5,Female,Spouse (Wife/Husband/Living together),SSS/SHS,"MIXED CROP FARMER MAIZE, YAM, BEANS, SOYA BEANS, BAMBARA BEANS, MILLET",Private Informal,Other land / farm.,23,Mole-Dagbani,,Married (Customary/Traditional)
259808,2022Q2,598,8,1,Male,Head,0,"MIXED CROP FARMER ( MAIZE, YAM, BEANS ETC)",Private Informal,Own land / farm,45,Mole-Dagbani,,Married (Customary/Traditional)
759818,2023Q3,598,18,2,Female,Spouse (Wife/Husband/Living together),0,"MIXED CROP FARMER MAIZE, YAM, BEANS, SOYA BEANS, BAMBARA BEANS, MILLET",Private Informal,Other land / farm.,38,Mole-Dagbani,,Married (Customary/Traditional)
559818,2023Q1,598,18,1,Male,Head,0,"MIXED CROP FARMER (MAIZE,MILLET,BEANS AND BAMBARA BEANS)",Private Informal,Own land / farm,48,Mole-Dagbani,,Married (Customary/Traditional)
559811,2023Q1,598,11,4,Male,Child (Son/Daughter),JSS/JHS,"MIXED CROP FARMER (BEANS,  MAIZE,  MILLET ETC)",Private Informal,Own land / farm,20,Mole-Dagbani,,Never married
259812,2022Q2,598,12,1,Male,Head,JSS/JHS,"MIXED CROP FARMER (MAIZE,MILLET, BAMBARA BEANS, MILLET)",Private Informal,Own land / farm,24,Mole-Dagbani,,Married (Customary/Traditional)
659818,2023Q2,598,18,2,Female,Spouse (Wife/Husband/Living together),0,"MIXED CROP FARMER (MAIZE, MILLETS, BEANS,BAMBARA BEANS AND GROUNDNUTS",Private Informal,Other land / farm.,38,Mole-Dagbani,,Married (Customary/Traditional)
759808,2023Q3,598,8,1,Male,Head,0,"MIXED CROP FARMER (BEANS, YAM, BAMBARA BEANS, GROUNDNUT, MAIZE, OKRO, PEPPER, MILLET)",Private Informal,Own land / farm,47,Mole-Dagbani,,Married (Customary/Traditional)
759908,2023Q3,599,8,2,Female,Spouse (Wife/Husband/Living together),SSS/SHS,"MIXED CROP FARMER MAIZE, YAM, BEANS, SOYA BEANS, BAMBARA BEANS, MILLET",Private Informal,Other land / farm.,23,Mole-Dagbani,,Married (Customary/Traditional)
259912,2022Q2,599,12,3,Male,Child (Son/Daughter),JSS/JHS,"MIXED CROP FARMER ( MAIZE, YAM, RICE, SORGHUM ETC)",Private Informal,Own land / farm,18,Mole-Dagbani,,Never married
659917,2023Q2,599,17,2,Female,Spouse (Wife/Husband/Living together),JSS/JHS,"MIXED CROP FARMER (MAIZE, MILLETS, BEANS AND GROUNDNUTS)",Private Informal,Other land / farm.,31,Mole-Dagbani,,Married (Customary/Traditional)
759905,2023Q3,599,5,6,Female,Other relative,0,"MIXED CROP FARMER (MAIZE,BEANS,SORGHUM, BAMBARA  BEANS, YAM,RICE)",Private Informal,Own land / farm,26,Mole-Dagbani,Ashanti.,Married (Customary/Traditional)
259906,2022Q2,599,6,1,Male,Head,Primary,"MIXED CROP FARMER ( MAIZE,MILLET,GROUNDNUT, BAMBARA BEANS, BEANS  PEPPER AND OKRO)",Private Informal,Own land / farm,40,Mole-Dagbani,,Married (Customary/Traditional)
259905,2022Q2,599,5,1,Male,Head,JSS/JHS,"MIXED CROP FARMER ( MAIZE,MILLET,GROUNDNUT, BAMBARA BEANS, BEANS  PEPPER AND OKRO)",Private Informal,Own land / farm,39,Mole-Dagbani,,Married (Customary/Traditional)
759907,2023Q3,599,7,7,Female,Parent,JSS/JHS,"MIXED CROP FARMER (GROUNDNUT, MAIZE, GUINEA CORN, BEANS, OKRO, PEPPER)",Private Informal,Own land / farm,66,Mole-Dagbani,Ashanti.,Widowed
259904,2022Q2,599,4,1,Female,Head,0,"MIXED CROP FARMER (MAIZE,GROUNDNUT, COWPEA, BAMBARA BEANS, OKRO,PEPPER)",Private Informal,Own land / farm,49,Mole-Dagbani,,Widowed
659917,2023Q2,599,17,1,Male,Head,0,"MIXED CROP FARMER (MAIZE, MILLETS, BEANS AND GROUNDNUTS)",Private Informal,Other land / farm.,33,Mole-Dagbani,,Married (Customary/Traditional)
259901,2022Q2,599,1,4,Female,Child (Son/Daughter),SSS/SHS,"MIXED CROP FARMER (MAIZE, GROUNDNUT, COWPEA, OKRO)",Private Informal,Own land / farm,20,Mole-Dagbani,,Never married
259912,2022Q2,599,12,2,Female,Spouse (Wife/Husband/Living together),Primary,"MIXED CROP FARMER ( MAIZE, YAM, RICE, SORGHUM ETC)",Private Informal,Own land / farm,57,Mole-Dagbani,,Married (Customary/Traditional)
559916,2023Q1,599,16,2,Female,Spouse (Wife/Husband/Living together),0,"MIXED CROP FARMER (MAIZE GROUNDNUTS, BEANS, BAMBARA BEANS)",Private Informal,Other land / farm.,44,Mole-Dagbani,Upper West,Married (Customary/Traditional)
659914,2023Q2,599,14,2,Female,Spouse (Wife/Husband/Living together),0,"MIXEDCROP FARMER (MAIZE,  GROUNDNUT,  BEANS , MILLET ETC)",Private Informal,Own land / farm,43,Mole-Dagbani,,Married (Customary/Traditional)
259914,2022Q2,599,14,2,Female,Spouse (Wife/Husband/Living together),0,"MIXED CROP FARMER ( MAIZE, YAM, RICE, GROUNDNUT ETC)",Private Informal,Own land / farm,42,Mole-Dagbani,,Married (Customary/Traditional)
559916,2023Q1,599,16,3,Male,Child (Son/Daughter),Voc/Tech/Commercial,"MIXED CROP FARMER (MAIZE GROUNDNUTS, BEANS, BAMBARA BEANS)",Private Informal,Other land / farm.,20,Mole-Dagbani,,Never married
759911,2023Q3,599,11,1,Male,Head,Primary,"MIXED CROP FARMER ( BEANS,  MAIZE,  GUINEA CORN, GROUNDNUT, RICE ETC)",Private Informal,Own land / farm,37,Mole-Dagbani,,Married (Customary/Traditional)
259903,2022Q2,599,3,1,Male,Head,Middle,"MIXED CROP FARMER (MAIZE,GROUNDNUT, COWPEA,YAM,OKRO,PEPPER)",Private Informal,Own land / farm,68,Mole-Dagbani,,Married (Customary/Traditional)
659918,2023Q2,599,18,2,Female,Spouse (Wife/Husband/Living together),Primary,"MIXED CROP FARMER (MAIZE, MILLETS, BEANS AND GROUNDNUTS)",Private Informal,Other land / farm.,27,Mole-Dagbani,Upper West,Married (Customary/Traditional)
259913,2022Q2,599,13,2,Female,Spouse (Wife/Husband/Living together),Primary,"MIXED CROP FARMER ( MAIZE, YAM, RICE, GROUNDNUT ETC)",Private Informal,Own land / farm,31,Mole-Dagbani,Upper West,Married (Customary/Traditional)
759905,2023Q3,599,5,5,Male,Brother/Sister,JSS/JHS,"MIXED CROP FARMER (MAIZE,BEANS,SORGHUM, BAMBARA  BEANS, YAM,RICE)",Private Informal,Own land / farm,27,Mole-Dagbani,,Never married
559913,2023Q1,599,13,2,Female,Spouse (Wife/Husband/Living together),Primary,"MIXED CROP FARMER (GROUNDNUT,  MAIZE  MILLET,  BEANS ETC)",Private Informal,Own land / farm,32,Mole-Dagbani,Upper West,Married (Customary/Traditional)
659916,2023Q2,599,16,3,Male,Child (Son/Daughter),Voc/Tech/Commercial,"MIXED CROP FARMER (MAIZE, MILLETS, BEANS AND GROUNDNUTS)",Private Informal,Other land / farm.,20,Mole-Dagbani,,Never married
759914,2023Q3,599,14,2,Female,Spouse (Wife/Husband/Living together),0,"MIXED CROP FARMER ( BEANS,  MAIZE,  GUINEA CORN, GROUNDNUT, RICE ETC)",Private Informal,Own land / farm,44,Mole-Dagbani,,Married (Customary/Traditional)
759913,2023Q3,599,13,1,Male,Head,Primary,"MIXED CROP FARMER ( BEANS,  MAIZE,  GUINEA CORN, GROUNDNUT, RICE ETC)",Private Informal,Own land / farm,34,Mole-Dagbani,,Married (Customary/Traditional)
559914,2023Q1,599,14,1,Male,Head,Primary,"MIXED CROP FARMER (RICE, MILLET, BEANS,  GROUNDNUT,  YAM ETC )",Private Informal,Own land / farm,59,Mole-Dagbani,,Married (Customary/Traditional)
559915,2023Q1,599,15,2,Female,Spouse (Wife/Husband/Living together),Primary,"MIXED CROP FARMER (MAIZE,MILLETS, BEANS AND GROUNDNUTS)",Private Informal,Other land / farm.,43,Mole-Dagbani,,Married (Customary/Traditional)
559905,2023Q1,599,5,1,Male,Head,JSS/JHS,"MIXED CROP FARMER (MAIZE, GROUNDNUT, RICE,MILLET,SORGUM,BEANS)",Private Informal,Own land / farm,40,Mole-Dagbani,,Married (Customary/Traditional)
759916,2023Q3,599,16,3,Male,Child (Son/Daughter),Voc/Tech/Commercial,"MIXED CROP FARMER MAIZE, YAM, BEANS, SOYA BEANS, BAMBARA BEANS, MILLET",Private Informal,Other land / farm.,20,Mole-Dagbani,,Never married
559906,2023Q1,599,6,2,Female,Spouse (Wife/Husband/Living together),Primary,"MIXED CROP FARMER ( GROUNDNUT, BAMBARABEANS, BEANS, MILLET, MAIZE)",Private Informal,Other land / farm.,41,Mole-Dagbani,,Married (Customary/Traditional)
759918,2023Q3,599,18,2,Female,Spouse (Wife/Husband/Living together),Primary,"MIXED CROP FARMER MAIZE, YAM, BEANS, SOYA BEANS, BAMBARA BEANS, MILLET",Private Informal,Other land / farm.,27,Mole-Dagbani,Upper West,Married (Customary/Traditional)
759916,2023Q3,599,16,4,Male,Child (Son/Daughter),Primary,"MIXED CROP FARMER MAIZE, YAM, BEANS, SOYA BEANS, BAMBARA BEANS, MILLET",Private Informal,Other land / farm.,18,Mole-Dagbani,,Never married
759915,2023Q3,599,15,1,Male,Head,0,"MIXED CROP FARMER MAIZE, YAM, BEANS, SOYA BEANS, BAMBARA BEANS, MILLET",Private Informal,Own land / farm,46,Mole-Dagbani,,Married (Customary/Traditional)
759907,2023Q3,599,7,1,Male,Head,Primary,"MIXED CROP FARMER (GUINEA CORN, GROUNDNUT, BEANS, MILLET, MAIZE)",Private Informal,Own land / farm,44,Mole-Dagbani,,Married (Customary/Traditional)
659908,2023Q2,599,8,2,Female,Spouse (Wife/Husband/Living together),SSS/SHS,"MIXED CROP FARMER (MAIZE, MILLETS, BEANS,BAMBARA BEANS AND GROUNDNUTS",Private Informal,Other land / farm.,23,Mole-Dagbani,,Married (Customary/Traditional)
759909,2023Q3,599,9,5,Female,Spouse (Wife/Husband/Living together),JSS/JHS,"MIXED CROP FARMER (MAIZE, BEANS, MILLET, OKRO, PEPPER, GROUNDNUT)",Private Informal,Own land / farm,23,Mole-Dagbani,Upper West,Married (Customary/Traditional)
659918,2023Q2,599,18,1,Male,Head,JSS/JHS,"MIXED CROP FARMER (MAIZE, MILLETS, BEANS AND GROUNDNUTS)",Private Informal,Other land / farm.,33,Mole-Dagbani,,Married (Customary/Traditional)
659914,2023Q2,599,14,1,Male,Head,Primary,"MIXEDCROP FARMER (MAIZE,  GROUNDNUT,  BEANS , MILLET ETC)",Private Informal,Own land / farm,59,Mole-Dagbani,,Married (Customary/Traditional)
759912,2023Q3,599,12,2,Female,Head,Primary,"MIXED CROP FARMER ( BEANS,  MAIZE,  GUINEA CORN, GROUNDNUT, RICE ETC)",Private Informal,Own land / farm,58,Mole-Dagbani,,Married (Customary/Traditional)
659906,2023Q2,599,6,2,Female,Spouse (Wife/Husband/Living together),Primary,"MIXED CROP FARMER (MAIZE, GROUNDNUT, MILLET, OKRO, BAMBARA BEANS)",Private Informal,Own land / farm,41,Mole-Dagbani,,Married (Customary/Traditional)
559907,2023Q1,599,7,7,Female,Parent,Middle,"MIXED CROP FARMER (MILLET, GROUNDNUT, BEANS,GUINEACORN)",Private Informal,Own land / farm,65,Mole-Dagbani,Ashanti.,Widowed
559917,2023Q1,599,17,1,Male,Head,0,"MIXED CROP FARMER (MAIZE ,MILLETS, BEANS, GROUNDNUTS,OKRO AND BAMBARA BEANS)",Private Informal,Other land / farm.,33,Mole-Dagbani,,Married (Customary/Traditional)
259911,2022Q2,599,11,2,Female,Spouse (Wife/Husband/Living together),0,"MIXED CROP FARMER ( MAIZE, MILLET ETC)",Private Informal,Own land / farm,31,Mole-Dagbani,Upper West,Married (Customary/Traditional)
259905,2022Q2,599,5,2,Female,Spouse (Wife/Husband/Living together),Voc/Tech/Commercial,"MIXED CROP FARMER ( MAIZE,MILLET,GROUNDNUT, BAMBARA BEANS, BEANS  PEPPER AND OKRO)",Private Informal,Other land / farm.,40,Mole-Dagbani,Upper West,Married (Customary/Traditional)
259904,2022Q2,599,4,3,Male,Child (Son/Daughter),Primary,"MIXED CROP FARMER (MAIZE, GROUNDNUT,BAMBARA BEANS ,COWPEA, OKRO, PEPPER)",Private Informal,Own land / farm,22,Mole-Dagbani,,Never married
659909,2023Q2,599,9,2,Female,Spouse (Wife/Husband/Living together),JSS/JHS,"MIXED CROP FARMER (MILLET, BEANS, MAIZE,RICE)",Private Informal,Own land / farm,20,Mole-Dagbani,,Married (Customary/Traditional)
659909,2023Q2,599,9,1,Male,Head,SSS/SHS,"MIXED CROP FARMER (MILLET, MAIZE,BEANS,YAM,RICE)",Private Informal,Own land / farm,27,Mole-Dagbani,,Married (Customary/Traditional)
759905,2023Q3,599,5,1,Male,Head,JSS/JHS,"MIXED CROP FARMER (MAIZE,BEANS,SORGHUM, BAMBARA  BEANS, YAM,RICE,MILLET)",Private Informal,Own land / farm,40,Mole-Dagbani,,Married (Customary/Traditional)
259902,2022Q2,599,2,1,Male,Head,Primary,"MIXED CROP FARMER (MAIZE, GROUNDNUT, COWPEA, OKRO,PEPPER,YAM)",Private Informal,Own land / farm,30,Mole-Dagbani,,Married (Customary/Traditional)
759906,2023Q3,599,6,1,Male,Head,Primary,"MIXED CROP FARMER (MAIZE, MILLET, BEANS, BAMBARA BEANS, GROUNDNUT)",Private Informal,Own land / farm,42,Mole-Dagbani,,Married (Customary/Traditional)
759916,2023Q3,599,16,2,Female,Spouse (Wife/Husband/Living together),0,"MIXED CROP FARMER MAIZE, YAM, BEANS, SOYA BEANS, BAMBARA BEANS, MILLET",Private Informal,Other land / farm.,44,Mole-Dagbani,Upper West,Married (Customary/Traditional)
759911,2023Q3,599,11,2,Female,Spouse (Wife/Husband/Living together),0,"MIXED CROP FARMER ( BEANS,  MAIZE,  GUINEA CORN, GROUNDNUT, RICE ETC)",Private Informal,Own land / farm,32,Mole-Dagbani,Upper West,Married (Customary/Traditional)
559918,2023Q1,599,18,2,Female,Spouse (Wife/Husband/Living together),Primary,"MIXED CROP FARMER (MAIZE ,MILLETS, BEANS, GROUNDNUTS AND BAMBARA BEANS)",Private Informal,Other land / farm.,27,Mole-Dagbani,Upper West,Married (Customary/Traditional)
759913,2023Q3,599,13,2,Female,Spouse (Wife/Husband/Living together),Primary,"MIXED CROP FARMER ( BEANS,  MAIZE,  GUINEA CORN, GROUNDNUT, RICE ETC)",Private Informal,Own land / farm,32,Mole-Dagbani,Upper West,Married (Customary/Traditional)
659907,2023Q2,599,7,2,Female,Spouse (Wife/Husband/Living together),Primary,"MIXED CROP FARMER (GROUNDNUT, MILLET, BEANS, GUINEA CORN)",Private Informal,Own land / farm,40,Mole-Dagbani,,Married (Customary/Traditional)
559907,2023Q1,599,7,1,Male,Head,Primary,"MIXED CROP FARMER (MILLET,GROUNDNUT, BEANS,GUINEA CORN)",Private Informal,Own land / farm,44,Mole-Dagbani,,Married (Customary/Traditional)
559914,2023Q1,599,14,2,Female,Spouse (Wife/Husband/Living together),0,"MIXED CROP FARMER (RICE, MILLET, BEANS,  GROUNDNUT,  YAM ETC )",Private Informal,Own land / farm,43,Mole-Dagbani,,Married (Customary/Traditional)
659911,2023Q2,599,11,8,Female,Child (Son/Daughter),SSS/SHS,"MIXED CROP FARMER (MAIZE,  MILLET,  YAM,  GROUNDNUT ETC)",Private Informal,Own land / farm,19,Mole-Dagbani,,Never married
759907,2023Q3,599,7,2,Female,Spouse (Wife/Husband/Living together),Primary,"MIXED CROP FARMER (GROUNDNUT, MAIZE, MILLET, OKRO, PEPPER, GUINEA CORN)",Private Informal,Own land / farm,40,Mole-Dagbani,,Married (Customary/Traditional)
759905,2023Q3,599,5,2,Female,Spouse (Wife/Husband/Living together),Voc/Tech/Commercial,"MIXED CROP FARMER ( MAIZE,BEANS,SORGHUM, BAMBARA  BEANS, YAM,RICE,OKRO, PEPPER)",Private Informal,Own land / farm,42,Mole-Dagbani,,Married (Customary/Traditional)
759917,2023Q3,599,17,1,Male,Head,0,"MIXED CROP FARMER MAIZE, YAM, BEANS, SOYA BEANS, BAMBARA BEANS, MILLET",Private Informal,Other land / farm.,33,Mole-Dagbani,,Married (Customary/Traditional)
259907,2022Q2,599,7,2,Female,Spouse (Wife/Husband/Living together),Primary,"MIXED CROP FARMER ( MAIZE,MILLET,GROUNDNUT, BAMBARA BEANS, BEANS  PEPPER AND OKRO)",Private Informal,Own land / farm,39,Mole-Dagbani,,Married (Customary/Traditional)
259907,2022Q2,599,7,1,Male,Head,Primary,"MIXED CROP FARMER ( MAIZE,MILLET,GROUNDNUT, BAMBARA BEANS, BEANS  PEPPER AND OKRO)",Private Informal,Own land / farm,43,Mole-Dagbani,,Married (Customary/Traditional)
659911,2023Q2,599,11,1,Male,Head,Primary,"MIXED CROP FARMER (MAIZE,  MILLET,  YAM,  GROUNDNUT ETC)",Private Informal,Own land / farm,37,Mole-Dagbani,,Married (Customary/Traditional)
559917,2023Q1,599,17,2,Female,Spouse (Wife/Husband/Living together),JSS/JHS,"MIXED CROP FARMER (MAIZE ,MILLETS, BEANS, GROUNDNUTS AND BAMBARA BEANS)",Private Informal,Other land / farm.,31,Mole-Dagbani,,Married (Customary/Traditional)
559912,2023Q1,599,12,2,Female,Spouse (Wife/Husband/Living together),Primary,"MIXED CROP FARMER (GROUNDNUT,  MAIZE  MILLET,  BEANS ETC)",Private Informal,Own land / farm,58,Mole-Dagbani,,Married (Customary/Traditional)
759915,2023Q3,599,15,2,Female,Spouse (Wife/Husband/Living together),Primary,"MIXED CROP FARMER MAIZE, YAM, BEANS, SOYA BEANS, BAMBARA BEANS, MILLET",Private Informal,Other land / farm.,43,Mole-Dagbani,,Married (Customary/Traditional)
659913,2023Q2,599,13,1,Male,Head,Primary,"MIXEDCROP FARMER (MAIZE,  GROUNDNUT,  BEANS , MILLET ETC)",Private Informal,Own land / farm,34,Mole-Dagbani,,Married (Customary/Traditional)
659905,2023Q2,599,5,2,Female,Spouse (Wife/Husband/Living together),Voc/Tech/Commercial,"MIXED CROP FARMER (GROUNDNUT, MAIZE, RICE, MILLET, SORGHUM, BEANS)",Private Informal,Own land / farm,41,Mole-Dagbani,,Married (Customary/Traditional)
259912,2022Q2,599,12,1,Male,Head,0,"MIXED CROP FARMER ( MAIZE, YAM, RICE, SORGHUM ETC)",Private Informal,Own land / farm,56,Mole-Dagbani,,Married (Customary/Traditional)
259903,2022Q2,599,3,2,Female,Spouse (Wife/Husband/Living together),0,"MIXED CROP FARMER (MAIZE,GROUNDNUT, COWPEA,YAM,OKRO,PEPPER)",Private Informal,Own land / farm,43,Mole-Dagbani,,Married (Customary/Traditional)
259904,2022Q2,599,4,2,Female,Child (Son/Daughter),JSS/JHS,"MIXED CROP FARMER (MAIZE, GROUNDNUT, COWPEA, OKRO,PEPPER)",Private Informal,Own land / farm,25,Mole-Dagbani,,Never married
759918,2023Q3,599,18,1,Male,Head,JSS/JHS,"MIXED CROP FARMER MAIZE, YAM, BEANS, SOYA BEANS, BAMBARA BEANS, MILLET",Private Informal,Other land / farm.,33,Mole-Dagbani,,Married (Customary/Traditional)
659905,2023Q2,599,5,1,Male,Head,JSS/JHS,"MIXED CROP FARMER (MAIZE,GROUNDNUT, RICE,MILLET,SORGHUM, BEANS,)",Private Informal,Own land / farm,40,Mole-Dagbani,,Married (Customary/Traditional)
259901,2022Q2,599,1,1,Female,Head,JSS/JHS,"MIXED CROP FARMER (MAIZE, GROUNDNUT, COWPEA,OKRO, PEPPER)",Private Informal,Own land / farm,51,Mole-Dagbani,,Widowed
559907,2023Q1,599,7,2,Female,Spouse (Wife/Husband/Living together),Primary,"MIXED CROP FARMER (MAIZE, MILLET,OKRO, BEANS,BAMBARA BEANS)",Private Informal,Own land / farm,40,Mole-Dagbani,,Married (Customary/Traditional)
759914,2023Q3,599,14,1,Male,Head,Primary,"MIXED CROP FARMER ( BEANS,  MAIZE,  GUINEA CORN, GROUNDNUT, RICE ETC)",Private Informal,Own land / farm,59,Mole-Dagbani,,Married (Customary/Traditional)
659912,2023Q2,599,12,2,Female,Spouse (Wife/Husband/Living together),Primary,"MIXED CROP FARMER ( MAIZE,  GROUNDNUT,  BEANS , MILLET ETC)",Private Informal,Own land / farm,58,Mole-Dagbani,,Married (Customary/Traditional)
659915,2023Q2,599,15,1,Male,Head,0,"MIXED CROP FARMER (MAIZE, MILLETS, BEANS AND GROUNDNUTS)",Private Informal,Own land / farm,46,Mole-Dagbani,,Married (Customary/Traditional)
759909,2023Q3,599,9,1,Male,Head,SSS/SHS,"MIXED CROP FARMER (MAIZE, YAM, RICE, BEANS, MILLET, MAIZE,RICE)",Private Informal,Own land / farm,28,Mole-Dagbani,,Married (Customary/Traditional)
659916,2023Q2,599,16,2,Female,Spouse (Wife/Husband/Living together),0,"MIXED CROP FARMER (MAIZE, MILLETS, BEANS AND GROUNDNUTS)",Private Informal,Own land / farm,44,Mole-Dagbani,Upper West,Married (Customary/Traditional)
559913,2023Q1,599,13,1,Male,Head,Primary,"MIXED CROP FARMER (GROUNDNUT,  MAIZE  MILLET,  BEANS ETC)",Private Informal,Own land / farm,34,Mole-Dagbani,,Married (Customary/Traditional)
659907,2023Q2,599,7,1,Male,Head,Primary,"MIXED CROP FARMER (MILLET, GROUNDNUT, BEANS, GUINEA CORN)",Private Informal,Own land / farm,44,Mole-Dagbani,,Married (Customary/Traditional)
759917,2023Q3,599,17,2,Female,Spouse (Wife/Husband/Living together),JSS/JHS,"MIXED CROP FARMER MAIZE, YAM, BEANS, SOYA BEANS, BAMBARA BEANS, MILLET",Private Informal,Other land / farm.,32,Mole-Dagbani,,Married (Customary/Traditional)
559918,2023Q1,599,18,1,Male,Head,JSS/JHS,"MIXED CROP FARMER (MAIZE ,MILLETS, BEANS, GROUNDNUTS AND BAMBARA BEANS)",Private Informal,Own land / farm,33,Mole-Dagbani,,Married (Customary/Traditional)
259906,2022Q2,599,6,2,Female,Spouse (Wife/Husband/Living together),Primary,"MIXED CROP FARMER ( MAIZE,MILLET,GROUNDNUT, BAMBARA BEANS, BEANS  PEPPER AND OKRO)",Private Informal,Other land / farm.,40,Mole-Dagbani,,Married (Customary/Traditional)
259902,2022Q2,599,2,2,Female,Spouse (Wife/Husband/Living together),JSS/JHS,"MIXED CROP FARMER (MAIZE, GROUNDNUT, COWPEA,YAM,OKRO,PEPPER)",Private Informal,Own land / farm,32,Mole-Dagbani,,Married (Customary/Traditional)
659906,2023Q2,599,6,1,Male,Head,Primary,"MIXED CROP FARMER (MAIZE,BEANS,GROUNDNUT, MILLET,OKRO,BAMBARA BEANS)",Private Informal,Own land / farm,41,Mole-Dagbani,,Married (Customary/Traditional)
259903,2022Q2,599,3,3,Female,Daughter in-law,SSS/SHS,"MIXED CROP FARMER (MAIZE, GROUNDNUT, COWPEA,YAM,OKRO,PEPPER)",Private Informal,Own land / farm,33,Mole-Dagbani,,Married (Customary/Traditional)
659905,2023Q2,599,5,5,Male,Brother/Sister,JSS/JHS,"MIXED CROP FARMER (MILLET, MAIZE, BEANS, GROUNDNUT, SORGHUM)",Private Informal,Own land / farm,27,Mole-Dagbani,,Never married
559906,2023Q1,599,6,1,Male,Head,Primary,"MIXED CROP FARMER (MAIZE,BEANS ,GROUNDNUT, MILLET, OKRO, BAMBARA BEANS)",Private Informal,Other land / farm.,41,Mole-Dagbani,,Married (Customary/Traditional)
659913,2023Q2,599,13,2,Female,Spouse (Wife/Husband/Living together),Primary,"MIXEDCROP FARMER (MAIZE,  GROUNDNUT,  BEANS , MILLET ETC)",Private Informal,Own land / farm,32,Mole-Dagbani,Upper West,Married (Customary/Traditional)
659911,2023Q2,599,11,2,Female,Spouse (Wife/Husband/Living together),0,"MIXED CROP FARMER (MAIZE,  MILLET,  YAM,  GROUNDNUT ETC)",Private Informal,Own land / farm,32,Mole-Dagbani,Upper West,Married (Customary/Traditional)
559915,2023Q1,599,15,1,Male,Head,0,"MIXED CROP FARMER (MAIZE,MILLETS, BEANS AND GROUNDNUTS)",Private Informal,Own land / farm,46,Mole-Dagbani,,Married (Customary/Traditional)
260004,2022Q2,600,4,1,Male,Head,Voc/Tech/Commercial,"MIXED CROP FARMER ( MAIZE, YAM, RICE, GROUNDNUT ETC)",Private Informal,Own land / farm,60,Mole-Dagbani,,Married (Customary/Traditional)
160011,2022Q1,600,11,1,Male,Head,JSS/JHS,"MIXED CROP FARMER (MAIZE,BEANS,GROUNDNUT",,Other land / farm.,42,Mole-Dagbani,,Married (Customary/Traditional)
760004,2023Q3,600,4,2,Female,Spouse (Wife/Husband/Living together),0,"MIXED CROP FARMER MAIZE, YAM, BEANS, SOYA BEANS, BAMBARA BEANS, MILLET",Private Informal,Other land / farm.,55,Mole-Dagbani,,Married (Customary/Traditional)
760006,2023Q3,600,6,1,Female,Head,0,"MIXED CROP FARMER MAIZE, YAM, BEANS, SOYA BEANS, BAMBARA BEANS, MILLET",Private Informal,Other land / farm.,62,Mole-Dagbani,,Separated
160004,2022Q1,600,4,2,Female,Spouse (Wife/Husband/Living together),0,"MIXED CROP FARMER (MILLET,MAIZE,GROUNDNUT)",Private Informal,Own land / farm,55,Mole-Dagbani,,Married (Customary/Traditional)
260004,2022Q2,600,4,2,Female,Spouse (Wife/Husband/Living together),0,"MIXED CROP FARMER ( MAIZE, YAM, RICE, GROUNDNUT ETC)",Private Informal,Own land / farm,55,Mole-Dagbani,,Married (Customary/Traditional)
760011,2023Q3,600,11,2,Female,Spouse (Wife/Husband/Living together),0,"MIXED CROP FARMER ( BEANS,  MAIZE,  GUINEA CORN, GROUNDNUT, RICE ETC)",Private Informal,Own land / farm,33,Mole-Dagbani,Bono,Married (Customary/Traditional)
260002,2022Q2,600,2,2,Male,Other relative,JSS/JHS,"MIXED CROP FARMER (MAIZE,GROUNDNUT, BAMBARA BEANS, COWPEA, OKRO,PEPPER)",Private Informal,Own land / farm,19,Mole-Dagbani,,Never married
660007,2023Q2,600,7,2,Female,Spouse (Wife/Husband/Living together),Primary,"MIXED CROP FARMER (OKRO, PEPPER, SORGHUM, MAIZE)",Private Informal,Other land / farm.,33,Mole-Dagbani,,Married (Customary/Traditional)
660006,2023Q2,600,6,1,Female,Head,0,"MIXED CROP FARMER (GROUNDNUTS, BAMBARA BEANS, SORGHUM,PEPPER, OKRO)",Private Informal,Other land / farm.,62,Mole-Dagbani,,Separated
660011,2023Q2,600,11,1,Male,Head,JSS/JHS,"MIXED CROP FARMER ( BEANS,  BAMBARABEANS, MAIZE ETC)",Private Informal,Own land / farm,43,Mole-Dagbani,,Married (Customary/Traditional)
760008,2023Q3,600,8,1,Female,Head,0,"MIXED CROP FARMER ( BEANS,  MAIZE,  GUINEA CORN, GROUNDNUT, RICE ETC)",Private Informal,Own land / farm,67,Mole-Dagbani,Bono,Widowed
660007,2023Q2,600,7,1,Male,Head,Primary,"MIXED CROP FARMER (SORGHUM, MAIZE)",Private Informal,Other land / farm.,34,Mole-Dagbani,,Married (Customary/Traditional)
260001,2022Q2,600,1,1,Female,Head,Primary,"MIXED CROP FARMER (MAIZE,GROUNDNUT)",Private Informal,Own land / farm,66,Mole-Dagbani,Ashanti.,Widowed
760011,2023Q3,600,11,1,Male,Head,JSS/JHS,"MIXED CROP FARMER ( BEANS,  MAIZE,  GUINEA CORN, GROUNDNUT, RICE ETC)",Private Informal,Own land / farm,44,Mole-Dagbani,,Married (Customary/Traditional)
660004,2023Q2,600,4,2,Female,Spouse (Wife/Husband/Living together),0,"MIXED CROP FARMER (RICE,GROUNDNUTS,YAM,MILLETS, OKRO, PEPPER)",Private Informal,Own land / farm,55,Mole-Dagbani,,Married (Customary/Traditional)
660004,2023Q2,600,4,1,Male,Head,Voc/Tech/Commercial,"MIXED CROP FARMER (RICE,GROUNDNUTS, MAIZE,MAIZE)",Private Informal,Own land / farm,61,Mole-Dagbani,,Married (Customary/Traditional)
760004,2023Q3,600,4,1,Male,Head,Voc/Tech/Commercial,"MIXED CROP FARMER MAIZE, YAM, BEANS, SOYA BEANS, BAMBARA BEANS, MILLET",Private Informal,Own land / farm,61,Mole-Dagbani,,Married (Customary/Traditional)
760007,2023Q3,600,7,1,Male,Head,Primary,"MIXED CROP FARMER MAIZE, YAM, BEANS, SOYA BEANS, BAMBARA BEANS, MILLET",Private Informal,Other land / farm.,34,Mole-Dagbani,,Married (Customary/Traditional)
560004,2023Q1,600,4,1,Male,Head,Voc/Tech/Commercial,"MIXED CROP FARMER ( MAIZE, MILLETS, GROUNDNUTS,RICE, YAM  AND BAMBARABEANS)",Private Informal,Other land / farm.,61,Mole-Dagbani,,Married (Customary/Traditional)
660004,2023Q2,600,4,3,Male,Child (Son/Daughter),Tertiary - HND,"MIXED CROP FARMER (YAM, BEANS, GROUNDNUTS, MILLET, MAIZE)",Private Informal,Own land / farm,26,Mole-Dagbani,,Never married
560007,2023Q1,600,7,1,Male,Head,Primary,"MIXED CROP FARMER ( MAIZE, MILLETS, BEANS)",Private Informal,Other land / farm.,34,Mole-Dagbani,,Married (Customary/Traditional)
560007,2023Q1,600,7,2,Female,Spouse (Wife/Husband/Living together),Primary,"MIXED CROP FARMER ( MAIZE, MILLETS, BEANS)",Private Informal,Other land / farm.,33,Mole-Dagbani,,Married (Customary/Traditional)
560011,2023Q1,600,11,1,Male,Head,JSS/JHS,"MIXED CROP FARMER (GOROUDNUT, MAIZE,  BAMBARA BEANS,  BEANS,  ETC)",Private Informal,Own land / farm,43,Mole-Dagbani,,Married (Customary/Traditional)
560008,2023Q1,600,8,1,Female,Head,0,"MIXED CROP FARMER (MAIZE,  GROUNDNUT,  BEANS ETC)",Private Informal,Own land / farm,66,Mole-Dagbani,Bono,Widowed
760004,2023Q3,600,4,3,Male,Child (Son/Daughter),Tertiary - HND,"MIXED CROP FARMER MAIZE, YAM, BEANS, SOYA BEANS, BAMBARA BEANS, MILLET",Private Informal,Own land / farm,26,Mole-Dagbani,,Never married
560011,2023Q1,600,11,2,Female,Spouse (Wife/Husband/Living together),0,"MIXED CROP FARMER (GOROUDNUT, MAIZE,  BAMBARA BEANS,  BEANS,  ETC)",Private Informal,Own land / farm,33,Mole-Dagbani,Bono,Married (Customary/Traditional)
560004,2023Q1,600,4,2,Female,Spouse (Wife/Husband/Living together),0,"MIXED CROP FARMER ( MAIZE, MILLETS, GROUNDNUTS,RICE, YAM  AND BAMBARABEANS)",Private Informal,Other land / farm.,55,Mole-Dagbani,,Married (Customary/Traditional)
660011,2023Q2,600,11,2,Female,Spouse (Wife/Husband/Living together),0,"MIXED CROP FARMER ( BEANS,  BAMBARABEANS, MAIZE ETC)",Private Informal,Own land / farm,33,Mole-Dagbani,Bono,Married (Customary/Traditional)
660008,2023Q2,600,8,1,Female,Head,0,"MIXED CROP FARMER ( BEANS,  BAMBARABEANS, MAIZE ETC)",Private Informal,Own land / farm,67,Mole-Dagbani,Bono,Widowed
760007,2023Q3,600,7,2,Female,Spouse (Wife/Husband/Living together),Primary,"MIXED CROP FARMER MAIZE, YAM, BEANS, SOYA BEANS, BAMBARA BEANS, MILLET",Private Informal,Other land / farm.,33,Mole-Dagbani,,Married (Customary/Traditional)
